fbeta,recall,precision,f1,accuracy,auc,rmse,conf_fact,min_samples_leaf,max_depth,tree_depth,tree_leaves
0.8035714285714286,0.8571428571428571,0.6428571428571429,0.7346938775510204,0.7592592592592593,0.8448773448773449,0.39328479488576146,0.2,17,7,7,8
0.8035714285714286,0.8571428571428571,0.6428571428571429,0.7346938775510204,0.7592592592592593,0.8448773448773449,0.39328479488576146,0.2,17,8,7,8
0.8035714285714286,0.8571428571428571,0.6428571428571429,0.7346938775510204,0.7592592592592593,0.8448773448773449,0.39328479488576146,0.2,17,9,7,8
0.8035714285714286,0.8571428571428571,0.6428571428571429,0.7346938775510204,0.7592592592592593,0.8448773448773449,0.39328479488576146,0.2,17,10,7,8
0.8035714285714286,0.8571428571428571,0.6428571428571429,0.7346938775510204,0.7592592592592593,0.8448773448773449,0.39328479488576146,0.2,17,11,7,8
0.8035714285714286,0.8571428571428571,0.6428571428571429,0.7346938775510204,0.7592592592592593,0.8448773448773449,0.39328479488576146,0.2,17,12,7,8
0.8035714285714286,0.8571428571428571,0.6428571428571429,0.7346938775510204,0.7592592592592593,0.8448773448773449,0.39328479488576146,0.2,17,13,7,8
0.8035714285714286,0.8571428571428571,0.6428571428571429,0.7346938775510204,0.7592592592592593,0.8448773448773449,0.39328479488576146,0.2,17,14,7,8
0.8035714285714286,0.8571428571428571,0.6428571428571429,0.7346938775510204,0.7592592592592593,0.8448773448773449,0.39328479488576146,0.2,17,15,7,8
0.8035714285714286,0.8571428571428571,0.6428571428571429,0.7346938775510204,0.7592592592592593,0.8448773448773449,0.39328479488576146,0.2,18,7,7,8
0.8035714285714286,0.8571428571428571,0.6428571428571429,0.7346938775510204,0.7592592592592593,0.8448773448773449,0.39328479488576146,0.2,18,8,7,8
0.8035714285714286,0.8571428571428571,0.6428571428571429,0.7346938775510204,0.7592592592592593,0.8448773448773449,0.39328479488576146,0.2,18,9,7,8
0.8035714285714286,0.8571428571428571,0.6428571428571429,0.7346938775510204,0.7592592592592593,0.8448773448773449,0.39328479488576146,0.2,18,10,7,8
0.8035714285714286,0.8571428571428571,0.6428571428571429,0.7346938775510204,0.7592592592592593,0.8448773448773449,0.39328479488576146,0.2,18,11,7,8
0.8035714285714286,0.8571428571428571,0.6428571428571429,0.7346938775510204,0.7592592592592593,0.8448773448773449,0.39328479488576146,0.2,18,12,7,8
0.8035714285714286,0.8571428571428571,0.6428571428571429,0.7346938775510204,0.7592592592592593,0.8448773448773449,0.39328479488576146,0.2,18,13,7,8
0.8035714285714286,0.8571428571428571,0.6428571428571429,0.7346938775510204,0.7592592592592593,0.8448773448773449,0.39328479488576146,0.2,18,14,7,8
0.8035714285714286,0.8571428571428571,0.6428571428571429,0.7346938775510204,0.7592592592592593,0.8448773448773449,0.39328479488576146,0.2,18,15,7,8
0.8035714285714286,0.8571428571428571,0.6428571428571429,0.7346938775510204,0.7592592592592593,0.8448773448773449,0.39328479488576146,0.25,17,7,7,8
0.8035714285714286,0.8571428571428571,0.6428571428571429,0.7346938775510204,0.7592592592592593,0.8448773448773449,0.39328479488576146,0.25,17,8,7,8
0.8035714285714286,0.8571428571428571,0.6428571428571429,0.7346938775510204,0.7592592592592593,0.8448773448773449,0.39328479488576146,0.25,17,9,7,8
0.8035714285714286,0.8571428571428571,0.6428571428571429,0.7346938775510204,0.7592592592592593,0.8448773448773449,0.39328479488576146,0.25,17,10,7,8
0.8035714285714286,0.8571428571428571,0.6428571428571429,0.7346938775510204,0.7592592592592593,0.8448773448773449,0.39328479488576146,0.25,17,11,7,8
0.8035714285714286,0.8571428571428571,0.6428571428571429,0.7346938775510204,0.7592592592592593,0.8448773448773449,0.39328479488576146,0.25,17,12,7,8
0.8035714285714286,0.8571428571428571,0.6428571428571429,0.7346938775510204,0.7592592592592593,0.8448773448773449,0.39328479488576146,0.25,17,13,7,8
0.8035714285714286,0.8571428571428571,0.6428571428571429,0.7346938775510204,0.7592592592592593,0.8448773448773449,0.39328479488576146,0.25,17,14,7,8
0.8035714285714286,0.8571428571428571,0.6428571428571429,0.7346938775510204,0.7592592592592593,0.8448773448773449,0.39328479488576146,0.25,17,15,7,8
0.8035714285714286,0.8571428571428571,0.6428571428571429,0.7346938775510204,0.7592592592592593,0.8448773448773449,0.39328479488576146,0.25,18,7,7,8
0.8035714285714286,0.8571428571428571,0.6428571428571429,0.7346938775510204,0.7592592592592593,0.8448773448773449,0.39328479488576146,0.25,18,8,7,8
0.8035714285714286,0.8571428571428571,0.6428571428571429,0.7346938775510204,0.7592592592592593,0.8448773448773449,0.39328479488576146,0.25,18,9,7,8
0.8035714285714286,0.8571428571428571,0.6428571428571429,0.7346938775510204,0.7592592592592593,0.8448773448773449,0.39328479488576146,0.25,18,10,7,8
0.8035714285714286,0.8571428571428571,0.6428571428571429,0.7346938775510204,0.7592592592592593,0.8448773448773449,0.39328479488576146,0.25,18,11,7,8
0.8035714285714286,0.8571428571428571,0.6428571428571429,0.7346938775510204,0.7592592592592593,0.8448773448773449,0.39328479488576146,0.25,18,12,7,8
0.8035714285714286,0.8571428571428571,0.6428571428571429,0.7346938775510204,0.7592592592592593,0.8448773448773449,0.39328479488576146,0.25,18,13,7,8
0.8035714285714286,0.8571428571428571,0.6428571428571429,0.7346938775510204,0.7592592592592593,0.8448773448773449,0.39328479488576146,0.25,18,14,7,8
0.8035714285714286,0.8571428571428571,0.6428571428571429,0.7346938775510204,0.7592592592592593,0.8448773448773449,0.39328479488576146,0.25,18,15,7,8
0.8035714285714286,0.8571428571428571,0.6428571428571429,0.7346938775510204,0.7592592592592593,0.8448773448773449,0.39030110628833115,0.25,19,7,7,8
0.8035714285714286,0.8571428571428571,0.6428571428571429,0.7346938775510204,0.7592592592592593,0.8448773448773449,0.39030110628833115,0.25,19,8,7,8
0.8035714285714286,0.8571428571428571,0.6428571428571429,0.7346938775510204,0.7592592592592593,0.8448773448773449,0.39030110628833115,0.25,19,9,7,8
0.8035714285714286,0.8571428571428571,0.6428571428571429,0.7346938775510204,0.7592592592592593,0.8448773448773449,0.39030110628833115,0.25,19,10,7,8
0.8035714285714286,0.8571428571428571,0.6428571428571429,0.7346938775510204,0.7592592592592593,0.8448773448773449,0.39030110628833115,0.25,19,11,7,8
0.8035714285714286,0.8571428571428571,0.6428571428571429,0.7346938775510204,0.7592592592592593,0.8448773448773449,0.39030110628833115,0.25,19,12,7,8
0.8035714285714286,0.8571428571428571,0.6428571428571429,0.7346938775510204,0.7592592592592593,0.8448773448773449,0.39030110628833115,0.25,19,13,7,8
0.8035714285714286,0.8571428571428571,0.6428571428571429,0.7346938775510204,0.7592592592592593,0.8448773448773449,0.39030110628833115,0.25,19,14,7,8
0.8035714285714286,0.8571428571428571,0.6428571428571429,0.7346938775510204,0.7592592592592593,0.8448773448773449,0.39030110628833115,0.25,19,15,7,8
0.8018867924528302,0.8095238095238095,0.7727272727272727,0.7906976744186046,0.8333333333333334,0.8694083694083694,0.3628264867811207,0.15,14,5,4,5
0.8018867924528302,0.8095238095238095,0.7727272727272727,0.7906976744186046,0.8333333333333334,0.8694083694083694,0.3628264867811207,0.15,14,6,4,5
0.8018867924528302,0.8095238095238095,0.7727272727272727,0.7906976744186046,0.8333333333333334,0.8694083694083694,0.3628264867811207,0.15,15,5,4,5
0.8018867924528302,0.8095238095238095,0.7727272727272727,0.7906976744186046,0.8333333333333334,0.8694083694083694,0.3628264867811207,0.15,15,6,4,5
0.8018867924528302,0.8095238095238095,0.7727272727272727,0.7906976744186046,0.8333333333333334,0.8694083694083694,0.3628264867811207,0.15,15,7,4,5
0.8018867924528302,0.8095238095238095,0.7727272727272727,0.7906976744186046,0.8333333333333334,0.8694083694083694,0.3628264867811207,0.15,15,8,4,5
0.8018867924528302,0.8095238095238095,0.7727272727272727,0.7906976744186046,0.8333333333333334,0.8694083694083694,0.3628264867811207,0.15,15,9,4,5
0.8018867924528302,0.8095238095238095,0.7727272727272727,0.7906976744186046,0.8333333333333334,0.8694083694083694,0.3628264867811207,0.15,15,10,4,5
0.8018867924528302,0.8095238095238095,0.7727272727272727,0.7906976744186046,0.8333333333333334,0.8694083694083694,0.3628264867811207,0.15,15,11,4,5
0.8018867924528302,0.8095238095238095,0.7727272727272727,0.7906976744186046,0.8333333333333334,0.8694083694083694,0.3628264867811207,0.15,15,12,4,5
0.8018867924528302,0.8095238095238095,0.7727272727272727,0.7906976744186046,0.8333333333333334,0.8694083694083694,0.3628264867811207,0.15,15,13,4,5
0.8018867924528302,0.8095238095238095,0.7727272727272727,0.7906976744186046,0.8333333333333334,0.8694083694083694,0.3628264867811207,0.15,15,14,4,5
0.8018867924528302,0.8095238095238095,0.7727272727272727,0.7906976744186046,0.8333333333333334,0.8694083694083694,0.3628264867811207,0.15,15,15,4,5
0.8018867924528302,0.8095238095238095,0.7727272727272727,0.7906976744186046,0.8333333333333334,0.8694083694083694,0.3628264867811207,0.15,16,5,4,5
0.8018867924528302,0.8095238095238095,0.7727272727272727,0.7906976744186046,0.8333333333333334,0.8694083694083694,0.3628264867811207,0.15,16,6,4,5
0.8018867924528302,0.8095238095238095,0.7727272727272727,0.7906976744186046,0.8333333333333334,0.8694083694083694,0.3628264867811207,0.15,16,7,4,5
0.8018867924528302,0.8095238095238095,0.7727272727272727,0.7906976744186046,0.8333333333333334,0.8694083694083694,0.3628264867811207,0.15,16,8,4,5
0.8018867924528302,0.8095238095238095,0.7727272727272727,0.7906976744186046,0.8333333333333334,0.8694083694083694,0.3628264867811207,0.15,16,9,4,5
0.8018867924528302,0.8095238095238095,0.7727272727272727,0.7906976744186046,0.8333333333333334,0.8694083694083694,0.3628264867811207,0.15,16,10,4,5
0.8018867924528302,0.8095238095238095,0.7727272727272727,0.7906976744186046,0.8333333333333334,0.8694083694083694,0.3628264867811207,0.15,16,11,4,5
0.8018867924528302,0.8095238095238095,0.7727272727272727,0.7906976744186046,0.8333333333333334,0.8694083694083694,0.3628264867811207,0.15,16,12,4,5
0.8018867924528302,0.8095238095238095,0.7727272727272727,0.7906976744186046,0.8333333333333334,0.8694083694083694,0.3628264867811207,0.15,16,13,4,5
0.8018867924528302,0.8095238095238095,0.7727272727272727,0.7906976744186046,0.8333333333333334,0.8694083694083694,0.3628264867811207,0.15,16,14,4,5
0.8018867924528302,0.8095238095238095,0.7727272727272727,0.7906976744186046,0.8333333333333334,0.8694083694083694,0.3628264867811207,0.15,16,15,4,5
0.8018867924528302,0.8095238095238095,0.7727272727272727,0.7906976744186046,0.8333333333333334,0.8694083694083694,0.3628264867811207,0.15,17,5,4,5
0.8018867924528302,0.8095238095238095,0.7727272727272727,0.7906976744186046,0.8333333333333334,0.8694083694083694,0.3628264867811207,0.15,17,6,4,5
0.8018867924528302,0.8095238095238095,0.7727272727272727,0.7906976744186046,0.8333333333333334,0.8694083694083694,0.3628264867811207,0.15,17,7,4,5
0.8018867924528302,0.8095238095238095,0.7727272727272727,0.7906976744186046,0.8333333333333334,0.8694083694083694,0.3628264867811207,0.15,17,8,4,5
0.8018867924528302,0.8095238095238095,0.7727272727272727,0.7906976744186046,0.8333333333333334,0.8694083694083694,0.3628264867811207,0.15,17,9,4,5
0.8018867924528302,0.8095238095238095,0.7727272727272727,0.7906976744186046,0.8333333333333334,0.8694083694083694,0.3628264867811207,0.15,17,10,4,5
0.8018867924528302,0.8095238095238095,0.7727272727272727,0.7906976744186046,0.8333333333333334,0.8694083694083694,0.3628264867811207,0.15,17,11,4,5
0.8018867924528302,0.8095238095238095,0.7727272727272727,0.7906976744186046,0.8333333333333334,0.8694083694083694,0.3628264867811207,0.15,17,12,4,5
0.8018867924528302,0.8095238095238095,0.7727272727272727,0.7906976744186046,0.8333333333333334,0.8694083694083694,0.3628264867811207,0.15,17,13,4,5
0.8018867924528302,0.8095238095238095,0.7727272727272727,0.7906976744186046,0.8333333333333334,0.8694083694083694,0.3628264867811207,0.15,17,14,4,5
0.8018867924528302,0.8095238095238095,0.7727272727272727,0.7906976744186046,0.8333333333333334,0.8694083694083694,0.3628264867811207,0.15,17,15,4,5
0.8018867924528302,0.8095238095238095,0.7727272727272727,0.7906976744186046,0.8333333333333334,0.8694083694083694,0.3628264867811207,0.15,18,5,4,5
0.8018867924528302,0.8095238095238095,0.7727272727272727,0.7906976744186046,0.8333333333333334,0.8694083694083694,0.3628264867811207,0.15,18,6,4,5
0.8018867924528302,0.8095238095238095,0.7727272727272727,0.7906976744186046,0.8333333333333334,0.8694083694083694,0.3628264867811207,0.15,18,7,4,5
0.8018867924528302,0.8095238095238095,0.7727272727272727,0.7906976744186046,0.8333333333333334,0.8694083694083694,0.3628264867811207,0.15,18,8,4,5
0.8018867924528302,0.8095238095238095,0.7727272727272727,0.7906976744186046,0.8333333333333334,0.8694083694083694,0.3628264867811207,0.15,18,9,4,5
0.8018867924528302,0.8095238095238095,0.7727272727272727,0.7906976744186046,0.8333333333333334,0.8694083694083694,0.3628264867811207,0.15,18,10,4,5
0.8018867924528302,0.8095238095238095,0.7727272727272727,0.7906976744186046,0.8333333333333334,0.8694083694083694,0.3628264867811207,0.15,18,11,4,5
0.8018867924528302,0.8095238095238095,0.7727272727272727,0.7906976744186046,0.8333333333333334,0.8694083694083694,0.3628264867811207,0.15,18,12,4,5
0.8018867924528302,0.8095238095238095,0.7727272727272727,0.7906976744186046,0.8333333333333334,0.8694083694083694,0.3628264867811207,0.15,18,13,4,5
0.8018867924528302,0.8095238095238095,0.7727272727272727,0.7906976744186046,0.8333333333333334,0.8694083694083694,0.3628264867811207,0.15,18,14,4,5
0.8018867924528302,0.8095238095238095,0.7727272727272727,0.7906976744186046,0.8333333333333334,0.8694083694083694,0.3628264867811207,0.15,18,15,4,5
0.8018867924528302,0.8095238095238095,0.7727272727272727,0.7906976744186046,0.8333333333333334,0.8694083694083694,0.3628264867811207,0.15,19,5,4,5
0.8018867924528302,0.8095238095238095,0.7727272727272727,0.7906976744186046,0.8333333333333334,0.8694083694083694,0.3628264867811207,0.15,19,6,4,5
0.8018867924528302,0.8095238095238095,0.7727272727272727,0.7906976744186046,0.8333333333333334,0.8694083694083694,0.3628264867811207,0.15,19,7,4,5
0.8018867924528302,0.8095238095238095,0.7727272727272727,0.7906976744186046,0.8333333333333334,0.8694083694083694,0.3628264867811207,0.15,19,8,4,5
0.8018867924528302,0.8095238095238095,0.7727272727272727,0.7906976744186046,0.8333333333333334,0.8694083694083694,0.3628264867811207,0.15,19,9,4,5
0.8018867924528302,0.8095238095238095,0.7727272727272727,0.7906976744186046,0.8333333333333334,0.8694083694083694,0.3628264867811207,0.15,19,10,4,5
0.8018867924528302,0.8095238095238095,0.7727272727272727,0.7906976744186046,0.8333333333333334,0.8694083694083694,0.3628264867811207,0.15,19,11,4,5
0.8018867924528302,0.8095238095238095,0.7727272727272727,0.7906976744186046,0.8333333333333334,0.8694083694083694,0.3628264867811207,0.15,19,12,4,5
0.8018867924528302,0.8095238095238095,0.7727272727272727,0.7906976744186046,0.8333333333333334,0.8694083694083694,0.3628264867811207,0.15,19,13,4,5
0.8018867924528302,0.8095238095238095,0.7727272727272727,0.7906976744186046,0.8333333333333334,0.8694083694083694,0.3628264867811207,0.15,19,14,4,5
0.8018867924528302,0.8095238095238095,0.7727272727272727,0.7906976744186046,0.8333333333333334,0.8694083694083694,0.3628264867811207,0.15,19,15,4,5
0.8018867924528302,0.8095238095238095,0.7727272727272727,0.7906976744186046,0.8333333333333334,0.8694083694083694,0.3628264867811207,0.15,20,5,4,5
0.8018867924528302,0.8095238095238095,0.7727272727272727,0.7906976744186046,0.8333333333333334,0.8694083694083694,0.3628264867811207,0.15,20,6,4,5
0.8018867924528302,0.8095238095238095,0.7727272727272727,0.7906976744186046,0.8333333333333334,0.8694083694083694,0.3628264867811207,0.15,20,7,4,5
0.8018867924528302,0.8095238095238095,0.7727272727272727,0.7906976744186046,0.8333333333333334,0.8694083694083694,0.3628264867811207,0.15,20,8,4,5
0.8018867924528302,0.8095238095238095,0.7727272727272727,0.7906976744186046,0.8333333333333334,0.8694083694083694,0.3628264867811207,0.15,20,9,4,5
0.8018867924528302,0.8095238095238095,0.7727272727272727,0.7906976744186046,0.8333333333333334,0.8694083694083694,0.3628264867811207,0.15,20,10,4,5
0.8018867924528302,0.8095238095238095,0.7727272727272727,0.7906976744186046,0.8333333333333334,0.8694083694083694,0.3628264867811207,0.15,20,11,4,5
0.8018867924528302,0.8095238095238095,0.7727272727272727,0.7906976744186046,0.8333333333333334,0.8694083694083694,0.3628264867811207,0.15,20,12,4,5
0.8018867924528302,0.8095238095238095,0.7727272727272727,0.7906976744186046,0.8333333333333334,0.8694083694083694,0.3628264867811207,0.15,20,13,4,5
0.8018867924528302,0.8095238095238095,0.7727272727272727,0.7906976744186046,0.8333333333333334,0.8694083694083694,0.3628264867811207,0.15,20,14,4,5
0.8018867924528302,0.8095238095238095,0.7727272727272727,0.7906976744186046,0.8333333333333334,0.8694083694083694,0.3628264867811207,0.15,20,15,4,5
0.8018867924528302,0.8095238095238095,0.7727272727272727,0.7906976744186046,0.8333333333333334,0.8694083694083694,0.3628264867811207,0.15,21,5,4,5
0.8018867924528302,0.8095238095238095,0.7727272727272727,0.7906976744186046,0.8333333333333334,0.8694083694083694,0.3628264867811207,0.15,21,6,4,5
0.8018867924528302,0.8095238095238095,0.7727272727272727,0.7906976744186046,0.8333333333333334,0.8694083694083694,0.3628264867811207,0.15,21,7,4,5
0.8018867924528302,0.8095238095238095,0.7727272727272727,0.7906976744186046,0.8333333333333334,0.8694083694083694,0.3628264867811207,0.15,21,8,4,5
0.8018867924528302,0.8095238095238095,0.7727272727272727,0.7906976744186046,0.8333333333333334,0.8694083694083694,0.3628264867811207,0.15,21,9,4,5
0.8018867924528302,0.8095238095238095,0.7727272727272727,0.7906976744186046,0.8333333333333334,0.8694083694083694,0.3628264867811207,0.15,21,10,4,5
0.8018867924528302,0.8095238095238095,0.7727272727272727,0.7906976744186046,0.8333333333333334,0.8694083694083694,0.3628264867811207,0.15,21,11,4,5
0.8018867924528302,0.8095238095238095,0.7727272727272727,0.7906976744186046,0.8333333333333334,0.8694083694083694,0.3628264867811207,0.15,21,12,4,5
0.8018867924528302,0.8095238095238095,0.7727272727272727,0.7906976744186046,0.8333333333333334,0.8694083694083694,0.3628264867811207,0.15,21,13,4,5
0.8018867924528302,0.8095238095238095,0.7727272727272727,0.7906976744186046,0.8333333333333334,0.8694083694083694,0.3628264867811207,0.15,21,14,4,5
0.8018867924528302,0.8095238095238095,0.7727272727272727,0.7906976744186046,0.8333333333333334,0.8694083694083694,0.3628264867811207,0.15,21,15,4,5
0.8018867924528302,0.8095238095238095,0.7727272727272727,0.7906976744186046,0.8333333333333334,0.8694083694083694,0.3628264867811207,0.2,14,5,4,5
0.8018867924528302,0.8095238095238095,0.7727272727272727,0.7906976744186046,0.8333333333333334,0.8694083694083694,0.3628264867811207,0.2,14,6,4,5
0.8018867924528302,0.8095238095238095,0.7727272727272727,0.7906976744186046,0.8333333333333334,0.8694083694083694,0.3628264867811207,0.2,15,5,4,5
0.8018867924528302,0.8095238095238095,0.7727272727272727,0.7906976744186046,0.8333333333333334,0.8694083694083694,0.3628264867811207,0.2,15,6,4,5
0.8018867924528302,0.8095238095238095,0.7727272727272727,0.7906976744186046,0.8333333333333334,0.8694083694083694,0.3628264867811207,0.2,15,7,4,5
0.8018867924528302,0.8095238095238095,0.7727272727272727,0.7906976744186046,0.8333333333333334,0.8694083694083694,0.3628264867811207,0.2,15,8,4,5
0.8018867924528302,0.8095238095238095,0.7727272727272727,0.7906976744186046,0.8333333333333334,0.8694083694083694,0.3628264867811207,0.2,15,9,4,5
0.8018867924528302,0.8095238095238095,0.7727272727272727,0.7906976744186046,0.8333333333333334,0.8694083694083694,0.3628264867811207,0.2,15,10,4,5
0.8018867924528302,0.8095238095238095,0.7727272727272727,0.7906976744186046,0.8333333333333334,0.8694083694083694,0.3628264867811207,0.2,15,11,4,5
0.8018867924528302,0.8095238095238095,0.7727272727272727,0.7906976744186046,0.8333333333333334,0.8694083694083694,0.3628264867811207,0.2,15,12,4,5
0.8018867924528302,0.8095238095238095,0.7727272727272727,0.7906976744186046,0.8333333333333334,0.8694083694083694,0.3628264867811207,0.2,15,13,4,5
0.8018867924528302,0.8095238095238095,0.7727272727272727,0.7906976744186046,0.8333333333333334,0.8694083694083694,0.3628264867811207,0.2,15,14,4,5
0.8018867924528302,0.8095238095238095,0.7727272727272727,0.7906976744186046,0.8333333333333334,0.8694083694083694,0.3628264867811207,0.2,15,15,4,5
0.8018867924528302,0.8095238095238095,0.7727272727272727,0.7906976744186046,0.8333333333333334,0.8694083694083694,0.3628264867811207,0.2,16,5,4,5
0.8018867924528302,0.8095238095238095,0.7727272727272727,0.7906976744186046,0.8333333333333334,0.8694083694083694,0.3628264867811207,0.2,16,6,4,5
0.8018867924528302,0.8095238095238095,0.7727272727272727,0.7906976744186046,0.8333333333333334,0.8694083694083694,0.3628264867811207,0.2,16,7,4,5
0.8018867924528302,0.8095238095238095,0.7727272727272727,0.7906976744186046,0.8333333333333334,0.8694083694083694,0.3628264867811207,0.2,16,8,4,5
0.8018867924528302,0.8095238095238095,0.7727272727272727,0.7906976744186046,0.8333333333333334,0.8694083694083694,0.3628264867811207,0.2,16,9,4,5
0.8018867924528302,0.8095238095238095,0.7727272727272727,0.7906976744186046,0.8333333333333334,0.8694083694083694,0.3628264867811207,0.2,16,10,4,5
0.8018867924528302,0.8095238095238095,0.7727272727272727,0.7906976744186046,0.8333333333333334,0.8694083694083694,0.3628264867811207,0.2,16,11,4,5
0.8018867924528302,0.8095238095238095,0.7727272727272727,0.7906976744186046,0.8333333333333334,0.8694083694083694,0.3628264867811207,0.2,16,12,4,5
0.8018867924528302,0.8095238095238095,0.7727272727272727,0.7906976744186046,0.8333333333333334,0.8694083694083694,0.3628264867811207,0.2,16,13,4,5
0.8018867924528302,0.8095238095238095,0.7727272727272727,0.7906976744186046,0.8333333333333334,0.8694083694083694,0.3628264867811207,0.2,16,14,4,5
0.8018867924528302,0.8095238095238095,0.7727272727272727,0.7906976744186046,0.8333333333333334,0.8694083694083694,0.3628264867811207,0.2,16,15,4,5
0.8018867924528302,0.8095238095238095,0.7727272727272727,0.7906976744186046,0.8333333333333334,0.8694083694083694,0.3628264867811207,0.2,17,5,4,5
0.8018867924528302,0.8095238095238095,0.7727272727272727,0.7906976744186046,0.8333333333333334,0.8694083694083694,0.3628264867811207,0.2,17,6,4,5
0.8018867924528302,0.8095238095238095,0.7727272727272727,0.7906976744186046,0.8333333333333334,0.8694083694083694,0.3628264867811207,0.2,18,5,4,5
0.8018867924528302,0.8095238095238095,0.7727272727272727,0.7906976744186046,0.8333333333333334,0.8694083694083694,0.3628264867811207,0.2,18,6,4,5
0.8018867924528302,0.8095238095238095,0.7727272727272727,0.7906976744186046,0.8333333333333334,0.8694083694083694,0.3628264867811207,0.2,19,5,4,5
0.8018867924528302,0.8095238095238095,0.7727272727272727,0.7906976744186046,0.8333333333333334,0.8694083694083694,0.3628264867811207,0.2,19,6,4,5
0.8018867924528302,0.8095238095238095,0.7727272727272727,0.7906976744186046,0.8333333333333334,0.8694083694083694,0.3628264867811207,0.2,19,7,4,5
0.8018867924528302,0.8095238095238095,0.7727272727272727,0.7906976744186046,0.8333333333333334,0.8694083694083694,0.3628264867811207,0.2,19,8,4,5
0.8018867924528302,0.8095238095238095,0.7727272727272727,0.7906976744186046,0.8333333333333334,0.8694083694083694,0.3628264867811207,0.2,19,9,4,5
0.8018867924528302,0.8095238095238095,0.7727272727272727,0.7906976744186046,0.8333333333333334,0.8694083694083694,0.3628264867811207,0.2,19,10,4,5
0.8018867924528302,0.8095238095238095,0.7727272727272727,0.7906976744186046,0.8333333333333334,0.8694083694083694,0.3628264867811207,0.2,19,11,4,5
0.8018867924528302,0.8095238095238095,0.7727272727272727,0.7906976744186046,0.8333333333333334,0.8694083694083694,0.3628264867811207,0.2,19,12,4,5
0.8018867924528302,0.8095238095238095,0.7727272727272727,0.7906976744186046,0.8333333333333334,0.8694083694083694,0.3628264867811207,0.2,19,13,4,5
0.8018867924528302,0.8095238095238095,0.7727272727272727,0.7906976744186046,0.8333333333333334,0.8694083694083694,0.3628264867811207,0.2,19,14,4,5
0.8018867924528302,0.8095238095238095,0.7727272727272727,0.7906976744186046,0.8333333333333334,0.8694083694083694,0.3628264867811207,0.2,19,15,4,5
0.8018867924528302,0.8095238095238095,0.7727272727272727,0.7906976744186046,0.8333333333333334,0.8694083694083694,0.3628264867811207,0.2,20,5,4,5
0.8018867924528302,0.8095238095238095,0.7727272727272727,0.7906976744186046,0.8333333333333334,0.8694083694083694,0.3628264867811207,0.2,20,6,4,5
0.8018867924528302,0.8095238095238095,0.7727272727272727,0.7906976744186046,0.8333333333333334,0.8694083694083694,0.3628264867811207,0.2,20,7,4,5
0.8018867924528302,0.8095238095238095,0.7727272727272727,0.7906976744186046,0.8333333333333334,0.8694083694083694,0.3628264867811207,0.2,20,8,4,5
0.8018867924528302,0.8095238095238095,0.7727272727272727,0.7906976744186046,0.8333333333333334,0.8694083694083694,0.3628264867811207,0.2,20,9,4,5
0.8018867924528302,0.8095238095238095,0.7727272727272727,0.7906976744186046,0.8333333333333334,0.8694083694083694,0.3628264867811207,0.2,20,10,4,5
0.8018867924528302,0.8095238095238095,0.7727272727272727,0.7906976744186046,0.8333333333333334,0.8694083694083694,0.3628264867811207,0.2,20,11,4,5
0.8018867924528302,0.8095238095238095,0.7727272727272727,0.7906976744186046,0.8333333333333334,0.8694083694083694,0.3628264867811207,0.2,20,12,4,5
0.8018867924528302,0.8095238095238095,0.7727272727272727,0.7906976744186046,0.8333333333333334,0.8694083694083694,0.3628264867811207,0.2,20,13,4,5
0.8018867924528302,0.8095238095238095,0.7727272727272727,0.7906976744186046,0.8333333333333334,0.8694083694083694,0.3628264867811207,0.2,20,14,4,5
0.8018867924528302,0.8095238095238095,0.7727272727272727,0.7906976744186046,0.8333333333333334,0.8694083694083694,0.3628264867811207,0.2,20,15,4,5
0.8018867924528302,0.8095238095238095,0.7727272727272727,0.7906976744186046,0.8333333333333334,0.8694083694083694,0.3628264867811207,0.2,21,5,4,5
0.8018867924528302,0.8095238095238095,0.7727272727272727,0.7906976744186046,0.8333333333333334,0.8694083694083694,0.3628264867811207,0.2,21,6,4,5
0.8018867924528302,0.8095238095238095,0.7727272727272727,0.7906976744186046,0.8333333333333334,0.8694083694083694,0.3628264867811207,0.2,21,7,4,5
0.8018867924528302,0.8095238095238095,0.7727272727272727,0.7906976744186046,0.8333333333333334,0.8694083694083694,0.3628264867811207,0.2,21,8,4,5
0.8018867924528302,0.8095238095238095,0.7727272727272727,0.7906976744186046,0.8333333333333334,0.8694083694083694,0.3628264867811207,0.2,21,9,4,5
0.8018867924528302,0.8095238095238095,0.7727272727272727,0.7906976744186046,0.8333333333333334,0.8694083694083694,0.3628264867811207,0.2,21,10,4,5
0.8018867924528302,0.8095238095238095,0.7727272727272727,0.7906976744186046,0.8333333333333334,0.8694083694083694,0.3628264867811207,0.2,21,11,4,5
0.8018867924528302,0.8095238095238095,0.7727272727272727,0.7906976744186046,0.8333333333333334,0.8694083694083694,0.3628264867811207,0.2,21,12,4,5
0.8018867924528302,0.8095238095238095,0.7727272727272727,0.7906976744186046,0.8333333333333334,0.8694083694083694,0.3628264867811207,0.2,21,13,4,5
0.8018867924528302,0.8095238095238095,0.7727272727272727,0.7906976744186046,0.8333333333333334,0.8694083694083694,0.3628264867811207,0.2,21,14,4,5
0.8018867924528302,0.8095238095238095,0.7727272727272727,0.7906976744186046,0.8333333333333334,0.8694083694083694,0.3628264867811207,0.2,21,15,4,5
0.8018867924528302,0.8095238095238095,0.7727272727272727,0.7906976744186046,0.8333333333333334,0.8694083694083694,0.3628264867811207,0.25,14,5,4,5
0.8018867924528302,0.8095238095238095,0.7727272727272727,0.7906976744186046,0.8333333333333334,0.8694083694083694,0.3628264867811207,0.25,14,6,4,5
0.8018867924528302,0.8095238095238095,0.7727272727272727,0.7906976744186046,0.8333333333333334,0.8694083694083694,0.3628264867811207,0.25,15,5,4,5
0.8018867924528302,0.8095238095238095,0.7727272727272727,0.7906976744186046,0.8333333333333334,0.8694083694083694,0.3628264867811207,0.25,15,6,4,5
0.8018867924528302,0.8095238095238095,0.7727272727272727,0.7906976744186046,0.8333333333333334,0.8694083694083694,0.3628264867811207,0.25,16,5,4,5
0.8018867924528302,0.8095238095238095,0.7727272727272727,0.7906976744186046,0.8333333333333334,0.8694083694083694,0.3628264867811207,0.25,16,6,4,5
0.8018867924528302,0.8095238095238095,0.7727272727272727,0.7906976744186046,0.8333333333333334,0.8694083694083694,0.3628264867811207,0.25,17,5,4,5
0.8018867924528302,0.8095238095238095,0.7727272727272727,0.7906976744186046,0.8333333333333334,0.8694083694083694,0.3628264867811207,0.25,17,6,4,5
0.8018867924528302,0.8095238095238095,0.7727272727272727,0.7906976744186046,0.8333333333333334,0.8694083694083694,0.3628264867811207,0.25,18,5,4,5
0.8018867924528302,0.8095238095238095,0.7727272727272727,0.7906976744186046,0.8333333333333334,0.8694083694083694,0.3628264867811207,0.25,18,6,4,5
0.8018867924528302,0.8095238095238095,0.7727272727272727,0.7906976744186046,0.8333333333333334,0.8694083694083694,0.3628264867811207,0.25,19,5,4,5
0.8018867924528302,0.8095238095238095,0.7727272727272727,0.7906976744186046,0.8333333333333334,0.8694083694083694,0.3628264867811207,0.25,19,6,4,5
0.8018867924528302,0.8095238095238095,0.7727272727272727,0.7906976744186046,0.8333333333333334,0.8694083694083694,0.3628264867811207,0.25,20,5,4,5
0.8018867924528302,0.8095238095238095,0.7727272727272727,0.7906976744186046,0.8333333333333334,0.8694083694083694,0.3628264867811207,0.25,20,6,4,5
0.8018867924528302,0.8095238095238095,0.7727272727272727,0.7906976744186046,0.8333333333333334,0.8694083694083694,0.3628264867811207,0.25,20,7,4,5
0.8018867924528302,0.8095238095238095,0.7727272727272727,0.7906976744186046,0.8333333333333334,0.8694083694083694,0.3628264867811207,0.25,20,8,4,5
0.8018867924528302,0.8095238095238095,0.7727272727272727,0.7906976744186046,0.8333333333333334,0.8694083694083694,0.3628264867811207,0.25,20,9,4,5
0.8018867924528302,0.8095238095238095,0.7727272727272727,0.7906976744186046,0.8333333333333334,0.8694083694083694,0.3628264867811207,0.25,20,10,4,5
0.8018867924528302,0.8095238095238095,0.7727272727272727,0.7906976744186046,0.8333333333333334,0.8694083694083694,0.3628264867811207,0.25,20,11,4,5
0.8018867924528302,0.8095238095238095,0.7727272727272727,0.7906976744186046,0.8333333333333334,0.8694083694083694,0.3628264867811207,0.25,20,12,4,5
0.8018867924528302,0.8095238095238095,0.7727272727272727,0.7906976744186046,0.8333333333333334,0.8694083694083694,0.3628264867811207,0.25,20,13,4,5
0.8018867924528302,0.8095238095238095,0.7727272727272727,0.7906976744186046,0.8333333333333334,0.8694083694083694,0.3628264867811207,0.25,20,14,4,5
0.8018867924528302,0.8095238095238095,0.7727272727272727,0.7906976744186046,0.8333333333333334,0.8694083694083694,0.3628264867811207,0.25,20,15,4,5
0.8018867924528302,0.8095238095238095,0.7727272727272727,0.7906976744186046,0.8333333333333334,0.8694083694083694,0.3628264867811207,0.25,21,5,4,5
0.8018867924528302,0.8095238095238095,0.7727272727272727,0.7906976744186046,0.8333333333333334,0.8694083694083694,0.3628264867811207,0.25,21,6,4,5
0.8018867924528302,0.8095238095238095,0.7727272727272727,0.7906976744186046,0.8333333333333334,0.8694083694083694,0.3628264867811207,0.25,21,7,4,5
0.8018867924528302,0.8095238095238095,0.7727272727272727,0.7906976744186046,0.8333333333333334,0.8694083694083694,0.3628264867811207,0.25,21,8,4,5
0.8018867924528302,0.8095238095238095,0.7727272727272727,0.7906976744186046,0.8333333333333334,0.8694083694083694,0.3628264867811207,0.25,21,9,4,5
0.8018867924528302,0.8095238095238095,0.7727272727272727,0.7906976744186046,0.8333333333333334,0.8694083694083694,0.3628264867811207,0.25,21,10,4,5
0.8018867924528302,0.8095238095238095,0.7727272727272727,0.7906976744186046,0.8333333333333334,0.8694083694083694,0.3628264867811207,0.25,21,11,4,5
0.8018867924528302,0.8095238095238095,0.7727272727272727,0.7906976744186046,0.8333333333333334,0.8694083694083694,0.3628264867811207,0.25,21,12,4,5
0.8018867924528302,0.8095238095238095,0.7727272727272727,0.7906976744186046,0.8333333333333334,0.8694083694083694,0.3628264867811207,0.25,21,13,4,5
0.8018867924528302,0.8095238095238095,0.7727272727272727,0.7906976744186046,0.8333333333333334,0.8694083694083694,0.3628264867811207,0.25,21,14,4,5
0.8018867924528302,0.8095238095238095,0.7727272727272727,0.7906976744186046,0.8333333333333334,0.8694083694083694,0.3628264867811207,0.25,21,15,4,5
0.7964601769911505,0.8571428571428571,0.6206896551724138,0.72,0.7407407407407407,0.8427128427128427,0.3914508833563023,0.25,15,7,7,8
0.7964601769911505,0.8571428571428571,0.6206896551724138,0.72,0.7407407407407407,0.8427128427128427,0.3914508833563023,0.25,15,8,7,8
0.7964601769911505,0.8571428571428571,0.6206896551724138,0.72,0.7407407407407407,0.8427128427128427,0.3914508833563023,0.25,15,9,7,8
0.7964601769911505,0.8571428571428571,0.6206896551724138,0.72,0.7407407407407407,0.8427128427128427,0.3914508833563023,0.25,15,10,7,8
0.7964601769911505,0.8571428571428571,0.6206896551724138,0.72,0.7407407407407407,0.8427128427128427,0.3914508833563023,0.25,15,11,7,8
0.7964601769911505,0.8571428571428571,0.6206896551724138,0.72,0.7407407407407407,0.8427128427128427,0.3914508833563023,0.25,15,12,7,8
0.7964601769911505,0.8571428571428571,0.6206896551724138,0.72,0.7407407407407407,0.8427128427128427,0.3914508833563023,0.25,15,13,7,8
0.7964601769911505,0.8571428571428571,0.6206896551724138,0.72,0.7407407407407407,0.8427128427128427,0.3914508833563023,0.25,15,14,7,8
0.7964601769911505,0.8571428571428571,0.6206896551724138,0.72,0.7407407407407407,0.8427128427128427,0.3914508833563023,0.25,15,15,7,8
0.7964601769911505,0.8571428571428571,0.6206896551724138,0.72,0.7407407407407407,0.8427128427128427,0.3914508833563023,0.25,16,7,7,8
0.7964601769911505,0.8571428571428571,0.6206896551724138,0.72,0.7407407407407407,0.8427128427128427,0.3914508833563023,0.25,16,8,7,8
0.7964601769911505,0.8571428571428571,0.6206896551724138,0.72,0.7407407407407407,0.8427128427128427,0.3914508833563023,0.25,16,9,7,8
0.7964601769911505,0.8571428571428571,0.6206896551724138,0.72,0.7407407407407407,0.8427128427128427,0.3914508833563023,0.25,16,10,7,8
0.7964601769911505,0.8571428571428571,0.6206896551724138,0.72,0.7407407407407407,0.8427128427128427,0.3914508833563023,0.25,16,11,7,8
0.7964601769911505,0.8571428571428571,0.6206896551724138,0.72,0.7407407407407407,0.8427128427128427,0.3914508833563023,0.25,16,12,7,8
0.7964601769911505,0.8571428571428571,0.6206896551724138,0.72,0.7407407407407407,0.8427128427128427,0.3914508833563023,0.25,16,13,7,8
0.7964601769911505,0.8571428571428571,0.6206896551724138,0.72,0.7407407407407407,0.8427128427128427,0.3914508833563023,0.25,16,14,7,8
0.7964601769911505,0.8571428571428571,0.6206896551724138,0.72,0.7407407407407407,0.8427128427128427,0.3914508833563023,0.25,16,15,7,8
0.7766990291262136,0.7619047619047619,0.8421052631578947,0.8,0.8518518518518519,0.8614718614718615,0.35870630618178123,0.1,10,5,4,5
0.7766990291262136,0.7619047619047619,0.8421052631578947,0.8,0.8518518518518519,0.854978354978355,0.3685561835755193,0.1,14,5,3,4
0.7766990291262136,0.7619047619047619,0.8421052631578947,0.8,0.8518518518518519,0.854978354978355,0.3685561835755193,0.1,14,6,3,4
0.7766990291262136,0.7619047619047619,0.8421052631578947,0.8,0.8518518518518519,0.854978354978355,0.3685561835755193,0.1,15,5,3,4
0.7766990291262136,0.7619047619047619,0.8421052631578947,0.8,0.8518518518518519,0.854978354978355,0.3685561835755193,0.1,15,6,3,4
0.7766990291262136,0.7619047619047619,0.8421052631578947,0.8,0.8518518518518519,0.854978354978355,0.3685561835755193,0.1,15,7,3,4
0.7766990291262136,0.7619047619047619,0.8421052631578947,0.8,0.8518518518518519,0.854978354978355,0.3685561835755193,0.1,15,8,3,4
0.7766990291262136,0.7619047619047619,0.8421052631578947,0.8,0.8518518518518519,0.854978354978355,0.3685561835755193,0.1,15,9,3,4
0.7766990291262136,0.7619047619047619,0.8421052631578947,0.8,0.8518518518518519,0.854978354978355,0.3685561835755193,0.1,15,10,3,4
0.7766990291262136,0.7619047619047619,0.8421052631578947,0.8,0.8518518518518519,0.854978354978355,0.3685561835755193,0.1,15,11,3,4
0.7766990291262136,0.7619047619047619,0.8421052631578947,0.8,0.8518518518518519,0.854978354978355,0.3685561835755193,0.1,15,12,3,4
0.7766990291262136,0.7619047619047619,0.8421052631578947,0.8,0.8518518518518519,0.854978354978355,0.3685561835755193,0.1,15,13,3,4
0.7766990291262136,0.7619047619047619,0.8421052631578947,0.8,0.8518518518518519,0.854978354978355,0.3685561835755193,0.1,15,14,3,4
0.7766990291262136,0.7619047619047619,0.8421052631578947,0.8,0.8518518518518519,0.854978354978355,0.3685561835755193,0.1,15,15,3,4
0.7766990291262136,0.7619047619047619,0.8421052631578947,0.8,0.8518518518518519,0.854978354978355,0.3685561835755193,0.1,16,5,3,4
0.7766990291262136,0.7619047619047619,0.8421052631578947,0.8,0.8518518518518519,0.854978354978355,0.3685561835755193,0.1,16,6,3,4
0.7766990291262136,0.7619047619047619,0.8421052631578947,0.8,0.8518518518518519,0.854978354978355,0.3685561835755193,0.1,16,7,3,4
0.7766990291262136,0.7619047619047619,0.8421052631578947,0.8,0.8518518518518519,0.854978354978355,0.3685561835755193,0.1,16,8,3,4
0.7766990291262136,0.7619047619047619,0.8421052631578947,0.8,0.8518518518518519,0.854978354978355,0.3685561835755193,0.1,16,9,3,4
0.7766990291262136,0.7619047619047619,0.8421052631578947,0.8,0.8518518518518519,0.854978354978355,0.3685561835755193,0.1,16,10,3,4
0.7766990291262136,0.7619047619047619,0.8421052631578947,0.8,0.8518518518518519,0.854978354978355,0.3685561835755193,0.1,16,11,3,4
0.7766990291262136,0.7619047619047619,0.8421052631578947,0.8,0.8518518518518519,0.854978354978355,0.3685561835755193,0.1,16,12,3,4
0.7766990291262136,0.7619047619047619,0.8421052631578947,0.8,0.8518518518518519,0.854978354978355,0.3685561835755193,0.1,16,13,3,4
0.7766990291262136,0.7619047619047619,0.8421052631578947,0.8,0.8518518518518519,0.854978354978355,0.3685561835755193,0.1,16,14,3,4
0.7766990291262136,0.7619047619047619,0.8421052631578947,0.8,0.8518518518518519,0.854978354978355,0.3685561835755193,0.1,16,15,3,4
0.7766990291262136,0.7619047619047619,0.8421052631578947,0.8,0.8518518518518519,0.854978354978355,0.3685561835755193,0.1,17,5,3,4
0.7766990291262136,0.7619047619047619,0.8421052631578947,0.8,0.8518518518518519,0.854978354978355,0.3685561835755193,0.1,17,6,3,4
0.7766990291262136,0.7619047619047619,0.8421052631578947,0.8,0.8518518518518519,0.854978354978355,0.3685561835755193,0.1,17,7,3,4
0.7766990291262136,0.7619047619047619,0.8421052631578947,0.8,0.8518518518518519,0.854978354978355,0.3685561835755193,0.1,17,8,3,4
0.7766990291262136,0.7619047619047619,0.8421052631578947,0.8,0.8518518518518519,0.854978354978355,0.3685561835755193,0.1,17,9,3,4
0.7766990291262136,0.7619047619047619,0.8421052631578947,0.8,0.8518518518518519,0.854978354978355,0.3685561835755193,0.1,17,10,3,4
0.7766990291262136,0.7619047619047619,0.8421052631578947,0.8,0.8518518518518519,0.854978354978355,0.3685561835755193,0.1,17,11,3,4
0.7766990291262136,0.7619047619047619,0.8421052631578947,0.8,0.8518518518518519,0.854978354978355,0.3685561835755193,0.1,17,12,3,4
0.7766990291262136,0.7619047619047619,0.8421052631578947,0.8,0.8518518518518519,0.854978354978355,0.3685561835755193,0.1,17,13,3,4
0.7766990291262136,0.7619047619047619,0.8421052631578947,0.8,0.8518518518518519,0.854978354978355,0.3685561835755193,0.1,17,14,3,4
0.7766990291262136,0.7619047619047619,0.8421052631578947,0.8,0.8518518518518519,0.854978354978355,0.3685561835755193,0.1,17,15,3,4
0.7766990291262136,0.7619047619047619,0.8421052631578947,0.8,0.8518518518518519,0.854978354978355,0.3685561835755193,0.1,18,5,3,4
0.7766990291262136,0.7619047619047619,0.8421052631578947,0.8,0.8518518518518519,0.854978354978355,0.3685561835755193,0.1,18,6,3,4
0.7766990291262136,0.7619047619047619,0.8421052631578947,0.8,0.8518518518518519,0.854978354978355,0.3685561835755193,0.1,18,7,3,4
0.7766990291262136,0.7619047619047619,0.8421052631578947,0.8,0.8518518518518519,0.854978354978355,0.3685561835755193,0.1,18,8,3,4
0.7766990291262136,0.7619047619047619,0.8421052631578947,0.8,0.8518518518518519,0.854978354978355,0.3685561835755193,0.1,18,9,3,4
0.7766990291262136,0.7619047619047619,0.8421052631578947,0.8,0.8518518518518519,0.854978354978355,0.3685561835755193,0.1,18,10,3,4
0.7766990291262136,0.7619047619047619,0.8421052631578947,0.8,0.8518518518518519,0.854978354978355,0.3685561835755193,0.1,18,11,3,4
0.7766990291262136,0.7619047619047619,0.8421052631578947,0.8,0.8518518518518519,0.854978354978355,0.3685561835755193,0.1,18,12,3,4
0.7766990291262136,0.7619047619047619,0.8421052631578947,0.8,0.8518518518518519,0.854978354978355,0.3685561835755193,0.1,18,13,3,4
0.7766990291262136,0.7619047619047619,0.8421052631578947,0.8,0.8518518518518519,0.854978354978355,0.3685561835755193,0.1,18,14,3,4
0.7766990291262136,0.7619047619047619,0.8421052631578947,0.8,0.8518518518518519,0.854978354978355,0.3685561835755193,0.1,18,15,3,4
0.7766990291262136,0.7619047619047619,0.8421052631578947,0.8,0.8518518518518519,0.854978354978355,0.3685561835755193,0.1,19,5,3,4
0.7766990291262136,0.7619047619047619,0.8421052631578947,0.8,0.8518518518518519,0.854978354978355,0.3685561835755193,0.1,19,6,3,4
0.7766990291262136,0.7619047619047619,0.8421052631578947,0.8,0.8518518518518519,0.854978354978355,0.3685561835755193,0.1,19,7,3,4
0.7766990291262136,0.7619047619047619,0.8421052631578947,0.8,0.8518518518518519,0.854978354978355,0.3685561835755193,0.1,19,8,3,4
0.7766990291262136,0.7619047619047619,0.8421052631578947,0.8,0.8518518518518519,0.854978354978355,0.3685561835755193,0.1,19,9,3,4
0.7766990291262136,0.7619047619047619,0.8421052631578947,0.8,0.8518518518518519,0.854978354978355,0.3685561835755193,0.1,19,10,3,4
0.7766990291262136,0.7619047619047619,0.8421052631578947,0.8,0.8518518518518519,0.854978354978355,0.3685561835755193,0.1,19,11,3,4
0.7766990291262136,0.7619047619047619,0.8421052631578947,0.8,0.8518518518518519,0.854978354978355,0.3685561835755193,0.1,19,12,3,4
0.7766990291262136,0.7619047619047619,0.8421052631578947,0.8,0.8518518518518519,0.854978354978355,0.3685561835755193,0.1,19,13,3,4
0.7766990291262136,0.7619047619047619,0.8421052631578947,0.8,0.8518518518518519,0.854978354978355,0.3685561835755193,0.1,19,14,3,4
0.7766990291262136,0.7619047619047619,0.8421052631578947,0.8,0.8518518518518519,0.854978354978355,0.3685561835755193,0.1,19,15,3,4
0.7766990291262136,0.7619047619047619,0.8421052631578947,0.8,0.8518518518518519,0.854978354978355,0.3685561835755193,0.1,20,5,3,4
0.7766990291262136,0.7619047619047619,0.8421052631578947,0.8,0.8518518518518519,0.854978354978355,0.3685561835755193,0.1,20,6,3,4
0.7766990291262136,0.7619047619047619,0.8421052631578947,0.8,0.8518518518518519,0.854978354978355,0.3685561835755193,0.1,20,7,3,4
0.7766990291262136,0.7619047619047619,0.8421052631578947,0.8,0.8518518518518519,0.854978354978355,0.3685561835755193,0.1,20,8,3,4
0.7766990291262136,0.7619047619047619,0.8421052631578947,0.8,0.8518518518518519,0.854978354978355,0.3685561835755193,0.1,20,9,3,4
0.7766990291262136,0.7619047619047619,0.8421052631578947,0.8,0.8518518518518519,0.854978354978355,0.3685561835755193,0.1,20,10,3,4
0.7766990291262136,0.7619047619047619,0.8421052631578947,0.8,0.8518518518518519,0.854978354978355,0.3685561835755193,0.1,20,11,3,4
0.7766990291262136,0.7619047619047619,0.8421052631578947,0.8,0.8518518518518519,0.854978354978355,0.3685561835755193,0.1,20,12,3,4
0.7766990291262136,0.7619047619047619,0.8421052631578947,0.8,0.8518518518518519,0.854978354978355,0.3685561835755193,0.1,20,13,3,4
0.7766990291262136,0.7619047619047619,0.8421052631578947,0.8,0.8518518518518519,0.854978354978355,0.3685561835755193,0.1,20,14,3,4
0.7766990291262136,0.7619047619047619,0.8421052631578947,0.8,0.8518518518518519,0.854978354978355,0.3685561835755193,0.1,20,15,3,4
0.7766990291262136,0.7619047619047619,0.8421052631578947,0.8,0.8518518518518519,0.854978354978355,0.3685561835755193,0.1,21,5,3,4
0.7766990291262136,0.7619047619047619,0.8421052631578947,0.8,0.8518518518518519,0.854978354978355,0.3685561835755193,0.1,21,6,3,4
0.7766990291262136,0.7619047619047619,0.8421052631578947,0.8,0.8518518518518519,0.854978354978355,0.3685561835755193,0.1,21,7,3,4
0.7766990291262136,0.7619047619047619,0.8421052631578947,0.8,0.8518518518518519,0.854978354978355,0.3685561835755193,0.1,21,8,3,4
0.7766990291262136,0.7619047619047619,0.8421052631578947,0.8,0.8518518518518519,0.854978354978355,0.3685561835755193,0.1,21,9,3,4
0.7766990291262136,0.7619047619047619,0.8421052631578947,0.8,0.8518518518518519,0.854978354978355,0.3685561835755193,0.1,21,10,3,4
0.7766990291262136,0.7619047619047619,0.8421052631578947,0.8,0.8518518518518519,0.854978354978355,0.3685561835755193,0.1,21,11,3,4
0.7766990291262136,0.7619047619047619,0.8421052631578947,0.8,0.8518518518518519,0.854978354978355,0.3685561835755193,0.1,21,12,3,4
0.7766990291262136,0.7619047619047619,0.8421052631578947,0.8,0.8518518518518519,0.854978354978355,0.3685561835755193,0.1,21,13,3,4
0.7766990291262136,0.7619047619047619,0.8421052631578947,0.8,0.8518518518518519,0.854978354978355,0.3685561835755193,0.1,21,14,3,4
0.7766990291262136,0.7619047619047619,0.8421052631578947,0.8,0.8518518518518519,0.854978354978355,0.3685561835755193,0.1,21,15,3,4
0.7766990291262136,0.7619047619047619,0.8421052631578947,0.8,0.8518518518518519,0.8614718614718615,0.35870630618178123,0.15,10,5,4,5
0.7766990291262136,0.7619047619047619,0.8421052631578947,0.8,0.8518518518518519,0.8614718614718615,0.35870630618178123,0.2,10,5,4,5
0.7766990291262136,0.7619047619047619,0.8421052631578947,0.8,0.8518518518518519,0.8614718614718615,0.35870630618178123,0.25,10,5,4,5
0.7766990291262136,0.7619047619047619,0.8421052631578947,0.8,0.8518518518518519,0.8614718614718615,0.35870630618178123,0.3,10,5,4,5
0.7766990291262136,0.7619047619047619,0.8421052631578947,0.8,0.8518518518518519,0.8614718614718615,0.35870630618178123,0.35,10,5,4,5
0.7766990291262136,0.7619047619047619,0.8421052631578947,0.8,0.8518518518518519,0.8614718614718615,0.35870630618178123,0.4,10,5,4,5
0.7766990291262136,0.7619047619047619,0.8421052631578947,0.8,0.8518518518518519,0.8650793650793651,0.36257891445393564,0.45,10,5,5,6
0.7766990291262136,0.7619047619047619,0.8421052631578947,0.8,0.8518518518518519,0.8607503607503607,0.36223686002754046,0.5,10,5,5,6
0.7619047619047619,0.7619047619047619,0.7619047619047619,0.7619047619047619,0.8148148148148148,0.8737373737373738,0.37576633637518775,0.1,10,6,6,9
0.7619047619047619,0.7619047619047619,0.7619047619047619,0.7619047619047619,0.8148148148148148,0.8737373737373738,0.37576633637518775,0.1,10,7,6,9
0.7619047619047619,0.7619047619047619,0.7619047619047619,0.7619047619047619,0.8148148148148148,0.8737373737373738,0.37576633637518775,0.1,10,8,6,9
0.7619047619047619,0.7619047619047619,0.7619047619047619,0.7619047619047619,0.8148148148148148,0.8737373737373738,0.37576633637518775,0.1,10,9,6,9
0.7619047619047619,0.7619047619047619,0.7619047619047619,0.7619047619047619,0.8148148148148148,0.8737373737373738,0.37576633637518775,0.1,10,10,6,9
0.7619047619047619,0.7619047619047619,0.7619047619047619,0.7619047619047619,0.8148148148148148,0.8737373737373738,0.37576633637518775,0.1,10,11,6,9
0.7619047619047619,0.7619047619047619,0.7619047619047619,0.7619047619047619,0.8148148148148148,0.8737373737373738,0.37576633637518775,0.1,10,12,6,9
0.7619047619047619,0.7619047619047619,0.7619047619047619,0.7619047619047619,0.8148148148148148,0.8737373737373738,0.37576633637518775,0.1,10,13,6,9
0.7619047619047619,0.7619047619047619,0.7619047619047619,0.7619047619047619,0.8148148148148148,0.8737373737373738,0.37576633637518775,0.1,10,14,6,9
0.7619047619047619,0.7619047619047619,0.7619047619047619,0.7619047619047619,0.8148148148148148,0.8737373737373738,0.37576633637518775,0.1,10,15,6,9
0.7619047619047619,0.7619047619047619,0.7619047619047619,0.7619047619047619,0.8148148148148148,0.8737373737373738,0.37576633637518775,0.15,10,6,6,9
0.7619047619047619,0.7619047619047619,0.7619047619047619,0.7619047619047619,0.8148148148148148,0.8593073593073594,0.3794284142084691,0.15,10,7,7,10
0.7619047619047619,0.7619047619047619,0.7619047619047619,0.7619047619047619,0.8148148148148148,0.8593073593073594,0.3794284142084691,0.15,10,8,7,10
0.7619047619047619,0.7619047619047619,0.7619047619047619,0.7619047619047619,0.8148148148148148,0.8593073593073594,0.3794284142084691,0.15,10,9,7,10
0.7619047619047619,0.7619047619047619,0.7619047619047619,0.7619047619047619,0.8148148148148148,0.8621933621933623,0.3758268088350334,0.15,12,5,5,7
0.7619047619047619,0.7619047619047619,0.7619047619047619,0.7619047619047619,0.8148148148148148,0.8737373737373738,0.37576633637518775,0.2,10,6,6,9
0.7619047619047619,0.7619047619047619,0.7619047619047619,0.7619047619047619,0.8148148148148148,0.8593073593073594,0.3794284142084691,0.2,10,7,7,10
0.7619047619047619,0.7619047619047619,0.7619047619047619,0.7619047619047619,0.8148148148148148,0.8593073593073594,0.3794284142084691,0.2,10,8,7,10
0.7619047619047619,0.7619047619047619,0.7619047619047619,0.7619047619047619,0.8148148148148148,0.8593073593073594,0.3794284142084691,0.2,10,9,7,10
0.7619047619047619,0.7619047619047619,0.7619047619047619,0.7619047619047619,0.8148148148148148,0.8621933621933623,0.3758268088350334,0.2,12,5,5,7
0.7619047619047619,0.7619047619047619,0.7619047619047619,0.7619047619047619,0.8148148148148148,0.8571428571428572,0.38346608621624895,0.25,10,6,6,10
0.7619047619047619,0.7619047619047619,0.7619047619047619,0.7619047619047619,0.8148148148148148,0.8455988455988456,0.3870553206376713,0.25,10,7,7,11
0.7619047619047619,0.7619047619047619,0.7619047619047619,0.7619047619047619,0.8148148148148148,0.8455988455988456,0.3870553206376713,0.25,10,8,7,11
0.7619047619047619,0.7619047619047619,0.7619047619047619,0.7619047619047619,0.8148148148148148,0.8455988455988456,0.3870553206376713,0.25,10,9,7,11
0.7619047619047619,0.7619047619047619,0.7619047619047619,0.7619047619047619,0.8148148148148148,0.8621933621933623,0.3758268088350334,0.25,12,5,5,7
0.7619047619047619,0.7619047619047619,0.7619047619047619,0.7619047619047619,0.8148148148148148,0.8571428571428572,0.38346608621624895,0.3,10,6,6,10
0.7619047619047619,0.7619047619047619,0.7619047619047619,0.7619047619047619,0.8148148148148148,0.8455988455988456,0.3870553206376713,0.3,10,7,7,11
0.7619047619047619,0.7619047619047619,0.7619047619047619,0.7619047619047619,0.8148148148148148,0.8455988455988456,0.3870553206376713,0.3,10,8,7,11
0.7619047619047619,0.7619047619047619,0.7619047619047619,0.7619047619047619,0.8148148148148148,0.8455988455988456,0.3870553206376713,0.3,10,9,7,11
0.7619047619047619,0.7619047619047619,0.7619047619047619,0.7619047619047619,0.8148148148148148,0.8621933621933623,0.3758268088350334,0.3,12,5,5,7
0.7619047619047619,0.7619047619047619,0.7619047619047619,0.7619047619047619,0.8148148148148148,0.8571428571428572,0.38346608621624895,0.35,10,6,6,10
0.7619047619047619,0.7619047619047619,0.7619047619047619,0.7619047619047619,0.8148148148148148,0.8455988455988456,0.3870553206376713,0.35,10,7,7,11
0.7619047619047619,0.7619047619047619,0.7619047619047619,0.7619047619047619,0.8148148148148148,0.8455988455988456,0.3870553206376713,0.35,10,8,7,11
0.7619047619047619,0.7619047619047619,0.7619047619047619,0.7619047619047619,0.8148148148148148,0.8455988455988456,0.3870553206376713,0.35,10,9,7,11
0.7619047619047619,0.7619047619047619,0.7619047619047619,0.7619047619047619,0.8148148148148148,0.8621933621933623,0.3758268088350334,0.35,12,5,5,7
0.7619047619047619,0.7619047619047619,0.7619047619047619,0.7619047619047619,0.8148148148148148,0.8571428571428572,0.38346608621624895,0.4,10,6,6,10
0.7619047619047619,0.7619047619047619,0.7619047619047619,0.7619047619047619,0.8148148148148148,0.8455988455988456,0.3870553206376713,0.4,10,7,7,11
0.7619047619047619,0.7619047619047619,0.7619047619047619,0.7619047619047619,0.8148148148148148,0.8455988455988456,0.3870553206376713,0.4,10,8,7,11
0.7619047619047619,0.7619047619047619,0.7619047619047619,0.7619047619047619,0.8148148148148148,0.8455988455988456,0.3870553206376713,0.4,10,9,7,11
0.7619047619047619,0.7619047619047619,0.7619047619047619,0.7619047619047619,0.8148148148148148,0.8542568542568543,0.37890538740151075,0.4,12,5,5,8
0.7619047619047619,0.7619047619047619,0.7619047619047619,0.7619047619047619,0.8148148148148148,0.8571428571428572,0.38346608621624895,0.45,10,6,6,10
0.7619047619047619,0.7619047619047619,0.7619047619047619,0.7619047619047619,0.8148148148148148,0.8455988455988456,0.3870553206376713,0.45,10,7,7,11
0.7619047619047619,0.7619047619047619,0.7619047619047619,0.7619047619047619,0.8148148148148148,0.8455988455988456,0.3870553206376713,0.45,10,8,7,11
0.7619047619047619,0.7619047619047619,0.7619047619047619,0.7619047619047619,0.8148148148148148,0.8455988455988456,0.3870553206376713,0.45,10,9,7,11
0.7619047619047619,0.7619047619047619,0.7619047619047619,0.7619047619047619,0.8148148148148148,0.821067821067821,0.3894467427335812,0.45,12,5,5,9
0.7619047619047619,0.7619047619047619,0.7619047619047619,0.7619047619047619,0.8148148148148148,0.8737373737373738,0.37576633637518775,0.5,10,6,6,9
0.7619047619047619,0.7619047619047619,0.7619047619047619,0.7619047619047619,0.8148148148148148,0.8737373737373738,0.37576633637518775,0.5,10,7,6,9
0.7619047619047619,0.7619047619047619,0.7619047619047619,0.7619047619047619,0.8148148148148148,0.8737373737373738,0.37576633637518775,0.5,10,8,6,9
0.7619047619047619,0.7619047619047619,0.7619047619047619,0.7619047619047619,0.8148148148148148,0.8737373737373738,0.37576633637518775,0.5,10,9,6,9
0.7619047619047619,0.7619047619047619,0.7619047619047619,0.7619047619047619,0.8148148148148148,0.8621933621933623,0.3758268088350334,0.5,12,5,5,7
0.7476635514018691,0.7619047619047619,0.6956521739130435,0.7272727272727273,0.7777777777777778,0.8376623376623376,0.40209471739043545,0.15,10,10,10,14
0.7476635514018691,0.7619047619047619,0.6956521739130435,0.7272727272727273,0.7777777777777778,0.8376623376623376,0.40209471739043545,0.15,10,11,10,14
0.7476635514018691,0.7619047619047619,0.6956521739130435,0.7272727272727273,0.7777777777777778,0.8376623376623376,0.40209471739043545,0.15,10,12,10,14
0.7476635514018691,0.7619047619047619,0.6956521739130435,0.7272727272727273,0.7777777777777778,0.8376623376623376,0.40209471739043545,0.2,10,10,10,14
0.7476635514018691,0.7619047619047619,0.6956521739130435,0.7272727272727273,0.7777777777777778,0.8376623376623376,0.40209471739043545,0.2,10,11,10,14
0.7476635514018691,0.7619047619047619,0.6956521739130435,0.7272727272727273,0.7777777777777778,0.8239538239538239,0.4092994765186868,0.25,10,10,10,15
0.7476635514018691,0.7619047619047619,0.6956521739130435,0.7272727272727273,0.7777777777777778,0.8239538239538239,0.4092994765186868,0.25,10,11,10,15
0.7476635514018691,0.7619047619047619,0.6956521739130435,0.7272727272727273,0.7777777777777778,0.8239538239538239,0.4092994765186868,0.3,10,10,10,15
0.7476635514018691,0.7619047619047619,0.6956521739130435,0.7272727272727273,0.7777777777777778,0.8239538239538239,0.4092994765186868,0.3,10,11,10,15
0.7476635514018691,0.7619047619047619,0.6956521739130435,0.7272727272727273,0.7777777777777778,0.8239538239538239,0.4092994765186868,0.35,10,10,10,15
0.7476635514018691,0.7619047619047619,0.6956521739130435,0.7272727272727273,0.7777777777777778,0.8239538239538239,0.4092994765186868,0.35,10,11,10,15
0.7476635514018691,0.7619047619047619,0.6956521739130435,0.7272727272727273,0.7777777777777778,0.8239538239538239,0.4092994765186868,0.4,10,10,10,15
0.7476635514018691,0.7619047619047619,0.6956521739130435,0.7272727272727273,0.7777777777777778,0.8239538239538239,0.4092994765186868,0.4,10,11,10,15
0.7476635514018691,0.7619047619047619,0.6956521739130435,0.7272727272727273,0.7777777777777778,0.8239538239538239,0.4092994765186868,0.45,10,10,10,15
0.7476635514018691,0.7619047619047619,0.6956521739130435,0.7272727272727273,0.7777777777777778,0.8239538239538239,0.4092994765186868,0.45,10,11,10,15
0.7476635514018691,0.7619047619047619,0.6956521739130435,0.7272727272727273,0.7777777777777778,0.854978354978355,0.39864091585958816,0.5,10,10,10,13
0.7476635514018691,0.7619047619047619,0.6956521739130435,0.7272727272727273,0.7777777777777778,0.854978354978355,0.39864091585958816,0.5,10,11,10,13
0.7352941176470589,0.7142857142857143,0.8333333333333334,0.7692307692307693,0.8333333333333334,0.8073593073593073,0.38136123450207393,0.1,12,5,5,6
0.7352941176470589,0.7142857142857143,0.8333333333333334,0.7692307692307693,0.8333333333333334,0.8268398268398269,0.3834944486836129,0.1,31,5,2,3
0.7352941176470589,0.7142857142857143,0.8333333333333334,0.7692307692307693,0.8333333333333334,0.8268398268398269,0.3834944486836129,0.1,31,6,2,3
0.7352941176470589,0.7142857142857143,0.8333333333333334,0.7692307692307693,0.8333333333333334,0.8268398268398269,0.3834944486836129,0.1,31,7,2,3
0.7352941176470589,0.7142857142857143,0.8333333333333334,0.7692307692307693,0.8333333333333334,0.8268398268398269,0.3834944486836129,0.1,31,8,2,3
0.7352941176470589,0.7142857142857143,0.8333333333333334,0.7692307692307693,0.8333333333333334,0.8268398268398269,0.3834944486836129,0.1,31,9,2,3
0.7352941176470589,0.7142857142857143,0.8333333333333334,0.7692307692307693,0.8333333333333334,0.8268398268398269,0.3834944486836129,0.1,31,10,2,3
0.7352941176470589,0.7142857142857143,0.8333333333333334,0.7692307692307693,0.8333333333333334,0.8268398268398269,0.3834944486836129,0.1,31,11,2,3
0.7352941176470589,0.7142857142857143,0.8333333333333334,0.7692307692307693,0.8333333333333334,0.8268398268398269,0.3834944486836129,0.1,31,12,2,3
0.7352941176470589,0.7142857142857143,0.8333333333333334,0.7692307692307693,0.8333333333333334,0.8268398268398269,0.3834944486836129,0.1,31,13,2,3
0.7352941176470589,0.7142857142857143,0.8333333333333334,0.7692307692307693,0.8333333333333334,0.8268398268398269,0.3834944486836129,0.1,31,14,2,3
0.7352941176470589,0.7142857142857143,0.8333333333333334,0.7692307692307693,0.8333333333333334,0.8268398268398269,0.3834944486836129,0.1,31,15,2,3
0.7352941176470589,0.7142857142857143,0.8333333333333334,0.7692307692307693,0.8333333333333334,0.8268398268398269,0.3834944486836129,0.1,32,5,2,3
0.7352941176470589,0.7142857142857143,0.8333333333333334,0.7692307692307693,0.8333333333333334,0.8268398268398269,0.3834944486836129,0.1,32,6,2,3
0.7352941176470589,0.7142857142857143,0.8333333333333334,0.7692307692307693,0.8333333333333334,0.8268398268398269,0.3834944486836129,0.1,32,7,2,3
0.7352941176470589,0.7142857142857143,0.8333333333333334,0.7692307692307693,0.8333333333333334,0.8268398268398269,0.3834944486836129,0.1,32,8,2,3
0.7352941176470589,0.7142857142857143,0.8333333333333334,0.7692307692307693,0.8333333333333334,0.8268398268398269,0.3834944486836129,0.1,32,9,2,3
0.7352941176470589,0.7142857142857143,0.8333333333333334,0.7692307692307693,0.8333333333333334,0.8268398268398269,0.3834944486836129,0.1,32,10,2,3
0.7352941176470589,0.7142857142857143,0.8333333333333334,0.7692307692307693,0.8333333333333334,0.8268398268398269,0.3834944486836129,0.1,32,11,2,3
0.7352941176470589,0.7142857142857143,0.8333333333333334,0.7692307692307693,0.8333333333333334,0.8268398268398269,0.3834944486836129,0.1,32,12,2,3
0.7352941176470589,0.7142857142857143,0.8333333333333334,0.7692307692307693,0.8333333333333334,0.8268398268398269,0.3834944486836129,0.1,32,13,2,3
0.7352941176470589,0.7142857142857143,0.8333333333333334,0.7692307692307693,0.8333333333333334,0.8268398268398269,0.3834944486836129,0.1,32,14,2,3
0.7352941176470589,0.7142857142857143,0.8333333333333334,0.7692307692307693,0.8333333333333334,0.8268398268398269,0.3834944486836129,0.1,32,15,2,3
0.7352941176470589,0.7142857142857143,0.8333333333333334,0.7692307692307693,0.8333333333333334,0.8268398268398269,0.3834944486836129,0.1,33,5,2,3
0.7352941176470589,0.7142857142857143,0.8333333333333334,0.7692307692307693,0.8333333333333334,0.8268398268398269,0.3834944486836129,0.1,33,6,2,3
0.7352941176470589,0.7142857142857143,0.8333333333333334,0.7692307692307693,0.8333333333333334,0.8268398268398269,0.3834944486836129,0.1,33,7,2,3
0.7352941176470589,0.7142857142857143,0.8333333333333334,0.7692307692307693,0.8333333333333334,0.8268398268398269,0.3834944486836129,0.1,33,8,2,3
0.7352941176470589,0.7142857142857143,0.8333333333333334,0.7692307692307693,0.8333333333333334,0.8268398268398269,0.3834944486836129,0.1,33,9,2,3
0.7352941176470589,0.7142857142857143,0.8333333333333334,0.7692307692307693,0.8333333333333334,0.8268398268398269,0.3834944486836129,0.1,33,10,2,3
0.7352941176470589,0.7142857142857143,0.8333333333333334,0.7692307692307693,0.8333333333333334,0.8268398268398269,0.3834944486836129,0.1,33,11,2,3
0.7352941176470589,0.7142857142857143,0.8333333333333334,0.7692307692307693,0.8333333333333334,0.8268398268398269,0.3834944486836129,0.1,33,12,2,3
0.7352941176470589,0.7142857142857143,0.8333333333333334,0.7692307692307693,0.8333333333333334,0.8268398268398269,0.3834944486836129,0.1,33,13,2,3
0.7352941176470589,0.7142857142857143,0.8333333333333334,0.7692307692307693,0.8333333333333334,0.8268398268398269,0.3834944486836129,0.1,33,14,2,3
0.7352941176470589,0.7142857142857143,0.8333333333333334,0.7692307692307693,0.8333333333333334,0.8268398268398269,0.3834944486836129,0.1,33,15,2,3
0.7352941176470589,0.7142857142857143,0.8333333333333334,0.7692307692307693,0.8333333333333334,0.8268398268398269,0.3834944486836129,0.1,34,5,2,3
0.7352941176470589,0.7142857142857143,0.8333333333333334,0.7692307692307693,0.8333333333333334,0.8268398268398269,0.3834944486836129,0.1,34,6,2,3
0.7352941176470589,0.7142857142857143,0.8333333333333334,0.7692307692307693,0.8333333333333334,0.8268398268398269,0.3834944486836129,0.1,34,7,2,3
0.7352941176470589,0.7142857142857143,0.8333333333333334,0.7692307692307693,0.8333333333333334,0.8268398268398269,0.3834944486836129,0.1,34,8,2,3
0.7352941176470589,0.7142857142857143,0.8333333333333334,0.7692307692307693,0.8333333333333334,0.8268398268398269,0.3834944486836129,0.1,34,9,2,3
0.7352941176470589,0.7142857142857143,0.8333333333333334,0.7692307692307693,0.8333333333333334,0.8268398268398269,0.3834944486836129,0.1,34,10,2,3
0.7352941176470589,0.7142857142857143,0.8333333333333334,0.7692307692307693,0.8333333333333334,0.8268398268398269,0.3834944486836129,0.1,34,11,2,3
0.7352941176470589,0.7142857142857143,0.8333333333333334,0.7692307692307693,0.8333333333333334,0.8268398268398269,0.3834944486836129,0.1,34,12,2,3
0.7352941176470589,0.7142857142857143,0.8333333333333334,0.7692307692307693,0.8333333333333334,0.8268398268398269,0.3834944486836129,0.1,34,13,2,3
0.7352941176470589,0.7142857142857143,0.8333333333333334,0.7692307692307693,0.8333333333333334,0.8268398268398269,0.3834944486836129,0.1,34,14,2,3
0.7352941176470589,0.7142857142857143,0.8333333333333334,0.7692307692307693,0.8333333333333334,0.8268398268398269,0.3834944486836129,0.1,34,15,2,3
0.7352941176470589,0.7142857142857143,0.8333333333333334,0.7692307692307693,0.8333333333333334,0.8268398268398269,0.3834944486836129,0.1,35,5,2,3
0.7352941176470589,0.7142857142857143,0.8333333333333334,0.7692307692307693,0.8333333333333334,0.8268398268398269,0.3834944486836129,0.1,35,6,2,3
0.7352941176470589,0.7142857142857143,0.8333333333333334,0.7692307692307693,0.8333333333333334,0.8268398268398269,0.3834944486836129,0.1,35,7,2,3
0.7352941176470589,0.7142857142857143,0.8333333333333334,0.7692307692307693,0.8333333333333334,0.8268398268398269,0.3834944486836129,0.1,35,8,2,3
0.7352941176470589,0.7142857142857143,0.8333333333333334,0.7692307692307693,0.8333333333333334,0.8268398268398269,0.3834944486836129,0.1,35,9,2,3
0.7352941176470589,0.7142857142857143,0.8333333333333334,0.7692307692307693,0.8333333333333334,0.8268398268398269,0.3834944486836129,0.1,35,10,2,3
0.7352941176470589,0.7142857142857143,0.8333333333333334,0.7692307692307693,0.8333333333333334,0.8268398268398269,0.3834944486836129,0.1,35,11,2,3
0.7352941176470589,0.7142857142857143,0.8333333333333334,0.7692307692307693,0.8333333333333334,0.8268398268398269,0.3834944486836129,0.1,35,12,2,3
0.7352941176470589,0.7142857142857143,0.8333333333333334,0.7692307692307693,0.8333333333333334,0.8268398268398269,0.3834944486836129,0.1,35,13,2,3
0.7352941176470589,0.7142857142857143,0.8333333333333334,0.7692307692307693,0.8333333333333334,0.8268398268398269,0.3834944486836129,0.1,35,14,2,3
0.7352941176470589,0.7142857142857143,0.8333333333333334,0.7692307692307693,0.8333333333333334,0.8268398268398269,0.3834944486836129,0.1,35,15,2,3
0.7352941176470589,0.7142857142857143,0.8333333333333334,0.7692307692307693,0.8333333333333334,0.8268398268398269,0.3834944486836129,0.1,36,5,2,3
0.7352941176470589,0.7142857142857143,0.8333333333333334,0.7692307692307693,0.8333333333333334,0.8268398268398269,0.3834944486836129,0.1,36,6,2,3
0.7352941176470589,0.7142857142857143,0.8333333333333334,0.7692307692307693,0.8333333333333334,0.8268398268398269,0.3834944486836129,0.1,36,7,2,3
0.7352941176470589,0.7142857142857143,0.8333333333333334,0.7692307692307693,0.8333333333333334,0.8268398268398269,0.3834944486836129,0.1,36,8,2,3
0.7352941176470589,0.7142857142857143,0.8333333333333334,0.7692307692307693,0.8333333333333334,0.8268398268398269,0.3834944486836129,0.1,36,9,2,3
0.7352941176470589,0.7142857142857143,0.8333333333333334,0.7692307692307693,0.8333333333333334,0.8268398268398269,0.3834944486836129,0.1,36,10,2,3
0.7352941176470589,0.7142857142857143,0.8333333333333334,0.7692307692307693,0.8333333333333334,0.8268398268398269,0.3834944486836129,0.1,36,11,2,3
0.7352941176470589,0.7142857142857143,0.8333333333333334,0.7692307692307693,0.8333333333333334,0.8268398268398269,0.3834944486836129,0.1,36,12,2,3
0.7352941176470589,0.7142857142857143,0.8333333333333334,0.7692307692307693,0.8333333333333334,0.8268398268398269,0.3834944486836129,0.1,36,13,2,3
0.7352941176470589,0.7142857142857143,0.8333333333333334,0.7692307692307693,0.8333333333333334,0.8268398268398269,0.3834944486836129,0.1,36,14,2,3
0.7352941176470589,0.7142857142857143,0.8333333333333334,0.7692307692307693,0.8333333333333334,0.8268398268398269,0.3834944486836129,0.1,36,15,2,3
0.7352941176470589,0.7142857142857143,0.8333333333333334,0.7692307692307693,0.8333333333333334,0.8268398268398269,0.3834944486836129,0.1,37,5,2,3
0.7352941176470589,0.7142857142857143,0.8333333333333334,0.7692307692307693,0.8333333333333334,0.8268398268398269,0.3834944486836129,0.1,37,6,2,3
0.7352941176470589,0.7142857142857143,0.8333333333333334,0.7692307692307693,0.8333333333333334,0.8268398268398269,0.3834944486836129,0.1,37,7,2,3
0.7352941176470589,0.7142857142857143,0.8333333333333334,0.7692307692307693,0.8333333333333334,0.8268398268398269,0.3834944486836129,0.1,37,8,2,3
0.7352941176470589,0.7142857142857143,0.8333333333333334,0.7692307692307693,0.8333333333333334,0.8268398268398269,0.3834944486836129,0.1,37,9,2,3
0.7352941176470589,0.7142857142857143,0.8333333333333334,0.7692307692307693,0.8333333333333334,0.8268398268398269,0.3834944486836129,0.1,37,10,2,3
0.7352941176470589,0.7142857142857143,0.8333333333333334,0.7692307692307693,0.8333333333333334,0.8268398268398269,0.3834944486836129,0.1,37,11,2,3
0.7352941176470589,0.7142857142857143,0.8333333333333334,0.7692307692307693,0.8333333333333334,0.8268398268398269,0.3834944486836129,0.1,37,12,2,3
0.7352941176470589,0.7142857142857143,0.8333333333333334,0.7692307692307693,0.8333333333333334,0.8268398268398269,0.3834944486836129,0.1,37,13,2,3
0.7352941176470589,0.7142857142857143,0.8333333333333334,0.7692307692307693,0.8333333333333334,0.8268398268398269,0.3834944486836129,0.1,37,14,2,3
0.7352941176470589,0.7142857142857143,0.8333333333333334,0.7692307692307693,0.8333333333333334,0.8268398268398269,0.3834944486836129,0.1,37,15,2,3
0.7352941176470589,0.7142857142857143,0.8333333333333334,0.7692307692307693,0.8333333333333334,0.8268398268398269,0.3834944486836129,0.1,38,5,2,3
0.7352941176470589,0.7142857142857143,0.8333333333333334,0.7692307692307693,0.8333333333333334,0.8268398268398269,0.3834944486836129,0.1,38,6,2,3
0.7352941176470589,0.7142857142857143,0.8333333333333334,0.7692307692307693,0.8333333333333334,0.8268398268398269,0.3834944486836129,0.1,38,7,2,3
0.7352941176470589,0.7142857142857143,0.8333333333333334,0.7692307692307693,0.8333333333333334,0.8268398268398269,0.3834944486836129,0.1,38,8,2,3
0.7352941176470589,0.7142857142857143,0.8333333333333334,0.7692307692307693,0.8333333333333334,0.8268398268398269,0.3834944486836129,0.1,38,9,2,3
0.7352941176470589,0.7142857142857143,0.8333333333333334,0.7692307692307693,0.8333333333333334,0.8268398268398269,0.3834944486836129,0.1,38,10,2,3
0.7352941176470589,0.7142857142857143,0.8333333333333334,0.7692307692307693,0.8333333333333334,0.8268398268398269,0.3834944486836129,0.1,38,11,2,3
0.7352941176470589,0.7142857142857143,0.8333333333333334,0.7692307692307693,0.8333333333333334,0.8268398268398269,0.3834944486836129,0.1,38,12,2,3
0.7352941176470589,0.7142857142857143,0.8333333333333334,0.7692307692307693,0.8333333333333334,0.8268398268398269,0.3834944486836129,0.1,38,13,2,3
0.7352941176470589,0.7142857142857143,0.8333333333333334,0.7692307692307693,0.8333333333333334,0.8268398268398269,0.3834944486836129,0.1,38,14,2,3
0.7352941176470589,0.7142857142857143,0.8333333333333334,0.7692307692307693,0.8333333333333334,0.8268398268398269,0.3834944486836129,0.1,38,15,2,3
0.7352941176470589,0.7142857142857143,0.8333333333333334,0.7692307692307693,0.8333333333333334,0.8268398268398269,0.3834944486836129,0.1,39,5,2,3
0.7352941176470589,0.7142857142857143,0.8333333333333334,0.7692307692307693,0.8333333333333334,0.8268398268398269,0.3834944486836129,0.1,39,6,2,3
0.7352941176470589,0.7142857142857143,0.8333333333333334,0.7692307692307693,0.8333333333333334,0.8268398268398269,0.3834944486836129,0.1,39,7,2,3
0.7352941176470589,0.7142857142857143,0.8333333333333334,0.7692307692307693,0.8333333333333334,0.8268398268398269,0.3834944486836129,0.1,39,8,2,3
0.7352941176470589,0.7142857142857143,0.8333333333333334,0.7692307692307693,0.8333333333333334,0.8268398268398269,0.3834944486836129,0.1,39,9,2,3
0.7352941176470589,0.7142857142857143,0.8333333333333334,0.7692307692307693,0.8333333333333334,0.8268398268398269,0.3834944486836129,0.1,39,10,2,3
0.7352941176470589,0.7142857142857143,0.8333333333333334,0.7692307692307693,0.8333333333333334,0.8268398268398269,0.3834944486836129,0.1,39,11,2,3
0.7352941176470589,0.7142857142857143,0.8333333333333334,0.7692307692307693,0.8333333333333334,0.8268398268398269,0.3834944486836129,0.1,39,12,2,3
0.7352941176470589,0.7142857142857143,0.8333333333333334,0.7692307692307693,0.8333333333333334,0.8268398268398269,0.3834944486836129,0.1,39,13,2,3
0.7352941176470589,0.7142857142857143,0.8333333333333334,0.7692307692307693,0.8333333333333334,0.8268398268398269,0.3834944486836129,0.1,39,14,2,3
0.7352941176470589,0.7142857142857143,0.8333333333333334,0.7692307692307693,0.8333333333333334,0.8268398268398269,0.3834944486836129,0.1,39,15,2,3
0.7352941176470589,0.7142857142857143,0.8333333333333334,0.7692307692307693,0.8333333333333334,0.8268398268398269,0.3834944486836129,0.1,40,5,2,3
0.7352941176470589,0.7142857142857143,0.8333333333333334,0.7692307692307693,0.8333333333333334,0.8268398268398269,0.3834944486836129,0.1,40,6,2,3
0.7352941176470589,0.7142857142857143,0.8333333333333334,0.7692307692307693,0.8333333333333334,0.8268398268398269,0.3834944486836129,0.1,40,7,2,3
0.7352941176470589,0.7142857142857143,0.8333333333333334,0.7692307692307693,0.8333333333333334,0.8268398268398269,0.3834944486836129,0.1,40,8,2,3
0.7352941176470589,0.7142857142857143,0.8333333333333334,0.7692307692307693,0.8333333333333334,0.8268398268398269,0.3834944486836129,0.1,40,9,2,3
0.7352941176470589,0.7142857142857143,0.8333333333333334,0.7692307692307693,0.8333333333333334,0.8268398268398269,0.3834944486836129,0.1,40,10,2,3
0.7352941176470589,0.7142857142857143,0.8333333333333334,0.7692307692307693,0.8333333333333334,0.8268398268398269,0.3834944486836129,0.1,40,11,2,3
0.7352941176470589,0.7142857142857143,0.8333333333333334,0.7692307692307693,0.8333333333333334,0.8268398268398269,0.3834944486836129,0.1,40,12,2,3
0.7352941176470589,0.7142857142857143,0.8333333333333334,0.7692307692307693,0.8333333333333334,0.8268398268398269,0.3834944486836129,0.1,40,13,2,3
0.7352941176470589,0.7142857142857143,0.8333333333333334,0.7692307692307693,0.8333333333333334,0.8268398268398269,0.3834944486836129,0.1,40,14,2,3
0.7352941176470589,0.7142857142857143,0.8333333333333334,0.7692307692307693,0.8333333333333334,0.8268398268398269,0.3834944486836129,0.1,40,15,2,3
0.7352941176470589,0.7142857142857143,0.8333333333333334,0.7692307692307693,0.8333333333333334,0.8268398268398269,0.3834944486836129,0.1,41,5,2,3
0.7352941176470589,0.7142857142857143,0.8333333333333334,0.7692307692307693,0.8333333333333334,0.8268398268398269,0.3834944486836129,0.1,41,6,2,3
0.7352941176470589,0.7142857142857143,0.8333333333333334,0.7692307692307693,0.8333333333333334,0.8268398268398269,0.3834944486836129,0.1,41,7,2,3
0.7352941176470589,0.7142857142857143,0.8333333333333334,0.7692307692307693,0.8333333333333334,0.8268398268398269,0.3834944486836129,0.1,41,8,2,3
0.7352941176470589,0.7142857142857143,0.8333333333333334,0.7692307692307693,0.8333333333333334,0.8268398268398269,0.3834944486836129,0.1,41,9,2,3
0.7352941176470589,0.7142857142857143,0.8333333333333334,0.7692307692307693,0.8333333333333334,0.8268398268398269,0.3834944486836129,0.1,41,10,2,3
0.7352941176470589,0.7142857142857143,0.8333333333333334,0.7692307692307693,0.8333333333333334,0.8268398268398269,0.3834944486836129,0.1,41,11,2,3
0.7352941176470589,0.7142857142857143,0.8333333333333334,0.7692307692307693,0.8333333333333334,0.8268398268398269,0.3834944486836129,0.1,41,12,2,3
0.7352941176470589,0.7142857142857143,0.8333333333333334,0.7692307692307693,0.8333333333333334,0.8268398268398269,0.3834944486836129,0.1,41,13,2,3
0.7352941176470589,0.7142857142857143,0.8333333333333334,0.7692307692307693,0.8333333333333334,0.8268398268398269,0.3834944486836129,0.1,41,14,2,3
0.7352941176470589,0.7142857142857143,0.8333333333333334,0.7692307692307693,0.8333333333333334,0.8268398268398269,0.3834944486836129,0.1,41,15,2,3
0.7352941176470589,0.7142857142857143,0.8333333333333334,0.7692307692307693,0.8333333333333334,0.8268398268398269,0.3834944486836129,0.1,42,5,2,3
0.7352941176470589,0.7142857142857143,0.8333333333333334,0.7692307692307693,0.8333333333333334,0.8268398268398269,0.3834944486836129,0.1,42,6,2,3
0.7352941176470589,0.7142857142857143,0.8333333333333334,0.7692307692307693,0.8333333333333334,0.8268398268398269,0.3834944486836129,0.1,42,7,2,3
0.7352941176470589,0.7142857142857143,0.8333333333333334,0.7692307692307693,0.8333333333333334,0.8268398268398269,0.3834944486836129,0.1,42,8,2,3
0.7352941176470589,0.7142857142857143,0.8333333333333334,0.7692307692307693,0.8333333333333334,0.8268398268398269,0.3834944486836129,0.1,42,9,2,3
0.7352941176470589,0.7142857142857143,0.8333333333333334,0.7692307692307693,0.8333333333333334,0.8268398268398269,0.3834944486836129,0.1,42,10,2,3
0.7352941176470589,0.7142857142857143,0.8333333333333334,0.7692307692307693,0.8333333333333334,0.8268398268398269,0.3834944486836129,0.1,42,11,2,3
0.7352941176470589,0.7142857142857143,0.8333333333333334,0.7692307692307693,0.8333333333333334,0.8268398268398269,0.3834944486836129,0.1,42,12,2,3
0.7352941176470589,0.7142857142857143,0.8333333333333334,0.7692307692307693,0.8333333333333334,0.8268398268398269,0.3834944486836129,0.1,42,13,2,3
0.7352941176470589,0.7142857142857143,0.8333333333333334,0.7692307692307693,0.8333333333333334,0.8268398268398269,0.3834944486836129,0.1,42,14,2,3
0.7352941176470589,0.7142857142857143,0.8333333333333334,0.7692307692307693,0.8333333333333334,0.8268398268398269,0.3834944486836129,0.1,42,15,2,3
0.7352941176470589,0.7142857142857143,0.8333333333333334,0.7692307692307693,0.8333333333333334,0.8268398268398269,0.3834944486836129,0.1,43,5,2,3
0.7352941176470589,0.7142857142857143,0.8333333333333334,0.7692307692307693,0.8333333333333334,0.8268398268398269,0.3834944486836129,0.1,43,6,2,3
0.7352941176470589,0.7142857142857143,0.8333333333333334,0.7692307692307693,0.8333333333333334,0.8268398268398269,0.3834944486836129,0.1,43,7,2,3
0.7352941176470589,0.7142857142857143,0.8333333333333334,0.7692307692307693,0.8333333333333334,0.8268398268398269,0.3834944486836129,0.1,43,8,2,3
0.7352941176470589,0.7142857142857143,0.8333333333333334,0.7692307692307693,0.8333333333333334,0.8268398268398269,0.3834944486836129,0.1,43,9,2,3
0.7352941176470589,0.7142857142857143,0.8333333333333334,0.7692307692307693,0.8333333333333334,0.8268398268398269,0.3834944486836129,0.1,43,10,2,3
0.7352941176470589,0.7142857142857143,0.8333333333333334,0.7692307692307693,0.8333333333333334,0.8268398268398269,0.3834944486836129,0.1,43,11,2,3
0.7352941176470589,0.7142857142857143,0.8333333333333334,0.7692307692307693,0.8333333333333334,0.8268398268398269,0.3834944486836129,0.1,43,12,2,3
0.7352941176470589,0.7142857142857143,0.8333333333333334,0.7692307692307693,0.8333333333333334,0.8268398268398269,0.3834944486836129,0.1,43,13,2,3
0.7352941176470589,0.7142857142857143,0.8333333333333334,0.7692307692307693,0.8333333333333334,0.8268398268398269,0.3834944486836129,0.1,43,14,2,3
0.7352941176470589,0.7142857142857143,0.8333333333333334,0.7692307692307693,0.8333333333333334,0.8268398268398269,0.3834944486836129,0.1,43,15,2,3
0.7352941176470589,0.7142857142857143,0.8333333333333334,0.7692307692307693,0.8333333333333334,0.8268398268398269,0.3834944486836129,0.1,44,5,2,3
0.7352941176470589,0.7142857142857143,0.8333333333333334,0.7692307692307693,0.8333333333333334,0.8268398268398269,0.3834944486836129,0.1,44,6,2,3
0.7352941176470589,0.7142857142857143,0.8333333333333334,0.7692307692307693,0.8333333333333334,0.8268398268398269,0.3834944486836129,0.1,44,7,2,3
0.7352941176470589,0.7142857142857143,0.8333333333333334,0.7692307692307693,0.8333333333333334,0.8268398268398269,0.3834944486836129,0.1,44,8,2,3
0.7352941176470589,0.7142857142857143,0.8333333333333334,0.7692307692307693,0.8333333333333334,0.8268398268398269,0.3834944486836129,0.1,44,9,2,3
0.7352941176470589,0.7142857142857143,0.8333333333333334,0.7692307692307693,0.8333333333333334,0.8268398268398269,0.3834944486836129,0.1,44,10,2,3
0.7352941176470589,0.7142857142857143,0.8333333333333334,0.7692307692307693,0.8333333333333334,0.8268398268398269,0.3834944486836129,0.1,44,11,2,3
0.7352941176470589,0.7142857142857143,0.8333333333333334,0.7692307692307693,0.8333333333333334,0.8268398268398269,0.3834944486836129,0.1,44,12,2,3
0.7352941176470589,0.7142857142857143,0.8333333333333334,0.7692307692307693,0.8333333333333334,0.8268398268398269,0.3834944486836129,0.1,44,13,2,3
0.7352941176470589,0.7142857142857143,0.8333333333333334,0.7692307692307693,0.8333333333333334,0.8268398268398269,0.3834944486836129,0.1,44,14,2,3
0.7352941176470589,0.7142857142857143,0.8333333333333334,0.7692307692307693,0.8333333333333334,0.8268398268398269,0.3834944486836129,0.1,44,15,2,3
0.7352941176470589,0.7142857142857143,0.8333333333333334,0.7692307692307693,0.8333333333333334,0.8116883116883117,0.393333731078779,0.1,45,5,1,2
0.7352941176470589,0.7142857142857143,0.8333333333333334,0.7692307692307693,0.8333333333333334,0.8116883116883117,0.393333731078779,0.1,45,6,1,2
0.7352941176470589,0.7142857142857143,0.8333333333333334,0.7692307692307693,0.8333333333333334,0.8116883116883117,0.393333731078779,0.1,45,7,1,2
0.7352941176470589,0.7142857142857143,0.8333333333333334,0.7692307692307693,0.8333333333333334,0.8116883116883117,0.393333731078779,0.1,45,8,1,2
0.7352941176470589,0.7142857142857143,0.8333333333333334,0.7692307692307693,0.8333333333333334,0.8116883116883117,0.393333731078779,0.1,45,9,1,2
0.7352941176470589,0.7142857142857143,0.8333333333333334,0.7692307692307693,0.8333333333333334,0.8116883116883117,0.393333731078779,0.1,45,10,1,2
0.7352941176470589,0.7142857142857143,0.8333333333333334,0.7692307692307693,0.8333333333333334,0.8116883116883117,0.393333731078779,0.1,45,11,1,2
0.7352941176470589,0.7142857142857143,0.8333333333333334,0.7692307692307693,0.8333333333333334,0.8116883116883117,0.393333731078779,0.1,45,12,1,2
0.7352941176470589,0.7142857142857143,0.8333333333333334,0.7692307692307693,0.8333333333333334,0.8116883116883117,0.393333731078779,0.1,45,13,1,2
0.7352941176470589,0.7142857142857143,0.8333333333333334,0.7692307692307693,0.8333333333333334,0.8116883116883117,0.393333731078779,0.1,45,14,1,2
0.7352941176470589,0.7142857142857143,0.8333333333333334,0.7692307692307693,0.8333333333333334,0.8116883116883117,0.393333731078779,0.1,45,15,1,2
0.7352941176470589,0.7142857142857143,0.8333333333333334,0.7692307692307693,0.8333333333333334,0.8116883116883117,0.393333731078779,0.1,46,5,1,2
0.7352941176470589,0.7142857142857143,0.8333333333333334,0.7692307692307693,0.8333333333333334,0.8116883116883117,0.393333731078779,0.1,46,6,1,2
0.7352941176470589,0.7142857142857143,0.8333333333333334,0.7692307692307693,0.8333333333333334,0.8116883116883117,0.393333731078779,0.1,46,7,1,2
0.7352941176470589,0.7142857142857143,0.8333333333333334,0.7692307692307693,0.8333333333333334,0.8116883116883117,0.393333731078779,0.1,46,8,1,2
0.7352941176470589,0.7142857142857143,0.8333333333333334,0.7692307692307693,0.8333333333333334,0.8116883116883117,0.393333731078779,0.1,46,9,1,2
0.7352941176470589,0.7142857142857143,0.8333333333333334,0.7692307692307693,0.8333333333333334,0.8116883116883117,0.393333731078779,0.1,46,10,1,2
0.7352941176470589,0.7142857142857143,0.8333333333333334,0.7692307692307693,0.8333333333333334,0.8116883116883117,0.393333731078779,0.1,46,11,1,2
0.7352941176470589,0.7142857142857143,0.8333333333333334,0.7692307692307693,0.8333333333333334,0.8116883116883117,0.393333731078779,0.1,46,12,1,2
0.7352941176470589,0.7142857142857143,0.8333333333333334,0.7692307692307693,0.8333333333333334,0.8116883116883117,0.393333731078779,0.1,46,13,1,2
0.7352941176470589,0.7142857142857143,0.8333333333333334,0.7692307692307693,0.8333333333333334,0.8116883116883117,0.393333731078779,0.1,46,14,1,2
0.7352941176470589,0.7142857142857143,0.8333333333333334,0.7692307692307693,0.8333333333333334,0.8116883116883117,0.393333731078779,0.1,46,15,1,2
0.7352941176470589,0.7142857142857143,0.8333333333333334,0.7692307692307693,0.8333333333333334,0.8116883116883117,0.393333731078779,0.1,47,5,1,2
0.7352941176470589,0.7142857142857143,0.8333333333333334,0.7692307692307693,0.8333333333333334,0.8116883116883117,0.393333731078779,0.1,47,6,1,2
0.7352941176470589,0.7142857142857143,0.8333333333333334,0.7692307692307693,0.8333333333333334,0.8116883116883117,0.393333731078779,0.1,47,7,1,2
0.7352941176470589,0.7142857142857143,0.8333333333333334,0.7692307692307693,0.8333333333333334,0.8116883116883117,0.393333731078779,0.1,47,8,1,2
0.7352941176470589,0.7142857142857143,0.8333333333333334,0.7692307692307693,0.8333333333333334,0.8116883116883117,0.393333731078779,0.1,47,9,1,2
0.7352941176470589,0.7142857142857143,0.8333333333333334,0.7692307692307693,0.8333333333333334,0.8116883116883117,0.393333731078779,0.1,47,10,1,2
0.7352941176470589,0.7142857142857143,0.8333333333333334,0.7692307692307693,0.8333333333333334,0.8116883116883117,0.393333731078779,0.1,47,11,1,2
0.7352941176470589,0.7142857142857143,0.8333333333333334,0.7692307692307693,0.8333333333333334,0.8116883116883117,0.393333731078779,0.1,47,12,1,2
0.7352941176470589,0.7142857142857143,0.8333333333333334,0.7692307692307693,0.8333333333333334,0.8116883116883117,0.393333731078779,0.1,47,13,1,2
0.7352941176470589,0.7142857142857143,0.8333333333333334,0.7692307692307693,0.8333333333333334,0.8116883116883117,0.393333731078779,0.1,47,14,1,2
0.7352941176470589,0.7142857142857143,0.8333333333333334,0.7692307692307693,0.8333333333333334,0.8116883116883117,0.393333731078779,0.1,47,15,1,2
0.7352941176470589,0.7142857142857143,0.8333333333333334,0.7692307692307693,0.8333333333333334,0.8116883116883117,0.393333731078779,0.1,48,5,1,2
0.7352941176470589,0.7142857142857143,0.8333333333333334,0.7692307692307693,0.8333333333333334,0.8116883116883117,0.393333731078779,0.1,48,6,1,2
0.7352941176470589,0.7142857142857143,0.8333333333333334,0.7692307692307693,0.8333333333333334,0.8116883116883117,0.393333731078779,0.1,48,7,1,2
0.7352941176470589,0.7142857142857143,0.8333333333333334,0.7692307692307693,0.8333333333333334,0.8116883116883117,0.393333731078779,0.1,48,8,1,2
0.7352941176470589,0.7142857142857143,0.8333333333333334,0.7692307692307693,0.8333333333333334,0.8116883116883117,0.393333731078779,0.1,48,9,1,2
0.7352941176470589,0.7142857142857143,0.8333333333333334,0.7692307692307693,0.8333333333333334,0.8116883116883117,0.393333731078779,0.1,48,10,1,2
0.7352941176470589,0.7142857142857143,0.8333333333333334,0.7692307692307693,0.8333333333333334,0.8116883116883117,0.393333731078779,0.1,48,11,1,2
0.7352941176470589,0.7142857142857143,0.8333333333333334,0.7692307692307693,0.8333333333333334,0.8116883116883117,0.393333731078779,0.1,48,12,1,2
0.7352941176470589,0.7142857142857143,0.8333333333333334,0.7692307692307693,0.8333333333333334,0.8116883116883117,0.393333731078779,0.1,48,13,1,2
0.7352941176470589,0.7142857142857143,0.8333333333333334,0.7692307692307693,0.8333333333333334,0.8116883116883117,0.393333731078779,0.1,48,14,1,2
0.7352941176470589,0.7142857142857143,0.8333333333333334,0.7692307692307693,0.8333333333333334,0.8116883116883117,0.393333731078779,0.1,48,15,1,2
0.7352941176470589,0.7142857142857143,0.8333333333333334,0.7692307692307693,0.8333333333333334,0.8116883116883117,0.393333731078779,0.1,49,5,1,2
0.7352941176470589,0.7142857142857143,0.8333333333333334,0.7692307692307693,0.8333333333333334,0.8116883116883117,0.393333731078779,0.1,49,6,1,2
0.7352941176470589,0.7142857142857143,0.8333333333333334,0.7692307692307693,0.8333333333333334,0.8116883116883117,0.393333731078779,0.1,49,7,1,2
0.7352941176470589,0.7142857142857143,0.8333333333333334,0.7692307692307693,0.8333333333333334,0.8116883116883117,0.393333731078779,0.1,49,8,1,2
0.7352941176470589,0.7142857142857143,0.8333333333333334,0.7692307692307693,0.8333333333333334,0.8116883116883117,0.393333731078779,0.1,49,9,1,2
0.7352941176470589,0.7142857142857143,0.8333333333333334,0.7692307692307693,0.8333333333333334,0.8116883116883117,0.393333731078779,0.1,49,10,1,2
0.7352941176470589,0.7142857142857143,0.8333333333333334,0.7692307692307693,0.8333333333333334,0.8116883116883117,0.393333731078779,0.1,49,11,1,2
0.7352941176470589,0.7142857142857143,0.8333333333333334,0.7692307692307693,0.8333333333333334,0.8116883116883117,0.393333731078779,0.1,49,12,1,2
0.7352941176470589,0.7142857142857143,0.8333333333333334,0.7692307692307693,0.8333333333333334,0.8116883116883117,0.393333731078779,0.1,49,13,1,2
0.7352941176470589,0.7142857142857143,0.8333333333333334,0.7692307692307693,0.8333333333333334,0.8116883116883117,0.393333731078779,0.1,49,14,1,2
0.7352941176470589,0.7142857142857143,0.8333333333333334,0.7692307692307693,0.8333333333333334,0.8116883116883117,0.393333731078779,0.1,49,15,1,2
0.7352941176470589,0.7142857142857143,0.8333333333333334,0.7692307692307693,0.8333333333333334,0.8116883116883117,0.393333731078779,0.1,50,5,1,2
0.7352941176470589,0.7142857142857143,0.8333333333333334,0.7692307692307693,0.8333333333333334,0.8116883116883117,0.393333731078779,0.1,50,6,1,2
0.7352941176470589,0.7142857142857143,0.8333333333333334,0.7692307692307693,0.8333333333333334,0.8116883116883117,0.393333731078779,0.1,50,7,1,2
0.7352941176470589,0.7142857142857143,0.8333333333333334,0.7692307692307693,0.8333333333333334,0.8116883116883117,0.393333731078779,0.1,50,8,1,2
0.7352941176470589,0.7142857142857143,0.8333333333333334,0.7692307692307693,0.8333333333333334,0.8116883116883117,0.393333731078779,0.1,50,9,1,2
0.7352941176470589,0.7142857142857143,0.8333333333333334,0.7692307692307693,0.8333333333333334,0.8116883116883117,0.393333731078779,0.1,50,10,1,2
0.7352941176470589,0.7142857142857143,0.8333333333333334,0.7692307692307693,0.8333333333333334,0.8116883116883117,0.393333731078779,0.1,50,11,1,2
0.7352941176470589,0.7142857142857143,0.8333333333333334,0.7692307692307693,0.8333333333333334,0.8116883116883117,0.393333731078779,0.1,50,12,1,2
0.7352941176470589,0.7142857142857143,0.8333333333333334,0.7692307692307693,0.8333333333333334,0.8116883116883117,0.393333731078779,0.1,50,13,1,2
0.7352941176470589,0.7142857142857143,0.8333333333333334,0.7692307692307693,0.8333333333333334,0.8116883116883117,0.393333731078779,0.1,50,14,1,2
0.7352941176470589,0.7142857142857143,0.8333333333333334,0.7692307692307693,0.8333333333333334,0.8116883116883117,0.393333731078779,0.1,50,15,1,2
0.7352941176470589,0.7142857142857143,0.8333333333333334,0.7692307692307693,0.8333333333333334,0.8268398268398269,0.3834944486836129,0.15,31,5,2,3
0.7352941176470589,0.7142857142857143,0.8333333333333334,0.7692307692307693,0.8333333333333334,0.8268398268398269,0.3834944486836129,0.15,31,6,2,3
0.7352941176470589,0.7142857142857143,0.8333333333333334,0.7692307692307693,0.8333333333333334,0.8268398268398269,0.3834944486836129,0.15,31,7,2,3
0.7352941176470589,0.7142857142857143,0.8333333333333334,0.7692307692307693,0.8333333333333334,0.8268398268398269,0.3834944486836129,0.15,31,8,2,3
0.7352941176470589,0.7142857142857143,0.8333333333333334,0.7692307692307693,0.8333333333333334,0.8268398268398269,0.3834944486836129,0.15,31,9,2,3
0.7352941176470589,0.7142857142857143,0.8333333333333334,0.7692307692307693,0.8333333333333334,0.8268398268398269,0.3834944486836129,0.15,31,10,2,3
0.7352941176470589,0.7142857142857143,0.8333333333333334,0.7692307692307693,0.8333333333333334,0.8268398268398269,0.3834944486836129,0.15,31,11,2,3
0.7352941176470589,0.7142857142857143,0.8333333333333334,0.7692307692307693,0.8333333333333334,0.8268398268398269,0.3834944486836129,0.15,31,12,2,3
0.7352941176470589,0.7142857142857143,0.8333333333333334,0.7692307692307693,0.8333333333333334,0.8268398268398269,0.3834944486836129,0.15,31,13,2,3
0.7352941176470589,0.7142857142857143,0.8333333333333334,0.7692307692307693,0.8333333333333334,0.8268398268398269,0.3834944486836129,0.15,31,14,2,3
0.7352941176470589,0.7142857142857143,0.8333333333333334,0.7692307692307693,0.8333333333333334,0.8268398268398269,0.3834944486836129,0.15,31,15,2,3
0.7352941176470589,0.7142857142857143,0.8333333333333334,0.7692307692307693,0.8333333333333334,0.8268398268398269,0.3834944486836129,0.15,32,5,2,3
0.7352941176470589,0.7142857142857143,0.8333333333333334,0.7692307692307693,0.8333333333333334,0.8268398268398269,0.3834944486836129,0.15,32,6,2,3
0.7352941176470589,0.7142857142857143,0.8333333333333334,0.7692307692307693,0.8333333333333334,0.8268398268398269,0.3834944486836129,0.15,32,7,2,3
0.7352941176470589,0.7142857142857143,0.8333333333333334,0.7692307692307693,0.8333333333333334,0.8268398268398269,0.3834944486836129,0.15,32,8,2,3
0.7352941176470589,0.7142857142857143,0.8333333333333334,0.7692307692307693,0.8333333333333334,0.8268398268398269,0.3834944486836129,0.15,32,9,2,3
0.7352941176470589,0.7142857142857143,0.8333333333333334,0.7692307692307693,0.8333333333333334,0.8268398268398269,0.3834944486836129,0.15,32,10,2,3
0.7352941176470589,0.7142857142857143,0.8333333333333334,0.7692307692307693,0.8333333333333334,0.8268398268398269,0.3834944486836129,0.15,32,11,2,3
0.7352941176470589,0.7142857142857143,0.8333333333333334,0.7692307692307693,0.8333333333333334,0.8268398268398269,0.3834944486836129,0.15,32,12,2,3
0.7352941176470589,0.7142857142857143,0.8333333333333334,0.7692307692307693,0.8333333333333334,0.8268398268398269,0.3834944486836129,0.15,32,13,2,3
0.7352941176470589,0.7142857142857143,0.8333333333333334,0.7692307692307693,0.8333333333333334,0.8268398268398269,0.3834944486836129,0.15,32,14,2,3
0.7352941176470589,0.7142857142857143,0.8333333333333334,0.7692307692307693,0.8333333333333334,0.8268398268398269,0.3834944486836129,0.15,32,15,2,3
0.7352941176470589,0.7142857142857143,0.8333333333333334,0.7692307692307693,0.8333333333333334,0.8268398268398269,0.3834944486836129,0.15,33,5,2,3
0.7352941176470589,0.7142857142857143,0.8333333333333334,0.7692307692307693,0.8333333333333334,0.8268398268398269,0.3834944486836129,0.15,33,6,2,3
0.7352941176470589,0.7142857142857143,0.8333333333333334,0.7692307692307693,0.8333333333333334,0.8268398268398269,0.3834944486836129,0.15,33,7,2,3
0.7352941176470589,0.7142857142857143,0.8333333333333334,0.7692307692307693,0.8333333333333334,0.8268398268398269,0.3834944486836129,0.15,33,8,2,3
0.7352941176470589,0.7142857142857143,0.8333333333333334,0.7692307692307693,0.8333333333333334,0.8268398268398269,0.3834944486836129,0.15,33,9,2,3
0.7352941176470589,0.7142857142857143,0.8333333333333334,0.7692307692307693,0.8333333333333334,0.8268398268398269,0.3834944486836129,0.15,33,10,2,3
0.7352941176470589,0.7142857142857143,0.8333333333333334,0.7692307692307693,0.8333333333333334,0.8268398268398269,0.3834944486836129,0.15,33,11,2,3
0.7352941176470589,0.7142857142857143,0.8333333333333334,0.7692307692307693,0.8333333333333334,0.8268398268398269,0.3834944486836129,0.15,33,12,2,3
0.7352941176470589,0.7142857142857143,0.8333333333333334,0.7692307692307693,0.8333333333333334,0.8268398268398269,0.3834944486836129,0.15,33,13,2,3
0.7352941176470589,0.7142857142857143,0.8333333333333334,0.7692307692307693,0.8333333333333334,0.8268398268398269,0.3834944486836129,0.15,33,14,2,3
0.7352941176470589,0.7142857142857143,0.8333333333333334,0.7692307692307693,0.8333333333333334,0.8268398268398269,0.3834944486836129,0.15,33,15,2,3
0.7352941176470589,0.7142857142857143,0.8333333333333334,0.7692307692307693,0.8333333333333334,0.8268398268398269,0.3834944486836129,0.15,34,5,2,3
0.7352941176470589,0.7142857142857143,0.8333333333333334,0.7692307692307693,0.8333333333333334,0.8268398268398269,0.3834944486836129,0.15,34,6,2,3
0.7352941176470589,0.7142857142857143,0.8333333333333334,0.7692307692307693,0.8333333333333334,0.8268398268398269,0.3834944486836129,0.15,34,7,2,3
0.7352941176470589,0.7142857142857143,0.8333333333333334,0.7692307692307693,0.8333333333333334,0.8268398268398269,0.3834944486836129,0.15,34,8,2,3
0.7352941176470589,0.7142857142857143,0.8333333333333334,0.7692307692307693,0.8333333333333334,0.8268398268398269,0.3834944486836129,0.15,34,9,2,3
0.7352941176470589,0.7142857142857143,0.8333333333333334,0.7692307692307693,0.8333333333333334,0.8268398268398269,0.3834944486836129,0.15,34,10,2,3
0.7352941176470589,0.7142857142857143,0.8333333333333334,0.7692307692307693,0.8333333333333334,0.8268398268398269,0.3834944486836129,0.15,34,11,2,3
0.7352941176470589,0.7142857142857143,0.8333333333333334,0.7692307692307693,0.8333333333333334,0.8268398268398269,0.3834944486836129,0.15,34,12,2,3
0.7352941176470589,0.7142857142857143,0.8333333333333334,0.7692307692307693,0.8333333333333334,0.8268398268398269,0.3834944486836129,0.15,34,13,2,3
0.7352941176470589,0.7142857142857143,0.8333333333333334,0.7692307692307693,0.8333333333333334,0.8268398268398269,0.3834944486836129,0.15,34,14,2,3
0.7352941176470589,0.7142857142857143,0.8333333333333334,0.7692307692307693,0.8333333333333334,0.8268398268398269,0.3834944486836129,0.15,34,15,2,3
0.7352941176470589,0.7142857142857143,0.8333333333333334,0.7692307692307693,0.8333333333333334,0.8268398268398269,0.3834944486836129,0.15,35,5,2,3
0.7352941176470589,0.7142857142857143,0.8333333333333334,0.7692307692307693,0.8333333333333334,0.8268398268398269,0.3834944486836129,0.15,35,6,2,3
0.7352941176470589,0.7142857142857143,0.8333333333333334,0.7692307692307693,0.8333333333333334,0.8268398268398269,0.3834944486836129,0.15,35,7,2,3
0.7352941176470589,0.7142857142857143,0.8333333333333334,0.7692307692307693,0.8333333333333334,0.8268398268398269,0.3834944486836129,0.15,35,8,2,3
0.7352941176470589,0.7142857142857143,0.8333333333333334,0.7692307692307693,0.8333333333333334,0.8268398268398269,0.3834944486836129,0.15,35,9,2,3
0.7352941176470589,0.7142857142857143,0.8333333333333334,0.7692307692307693,0.8333333333333334,0.8268398268398269,0.3834944486836129,0.15,35,10,2,3
0.7352941176470589,0.7142857142857143,0.8333333333333334,0.7692307692307693,0.8333333333333334,0.8268398268398269,0.3834944486836129,0.15,35,11,2,3
0.7352941176470589,0.7142857142857143,0.8333333333333334,0.7692307692307693,0.8333333333333334,0.8268398268398269,0.3834944486836129,0.15,35,12,2,3
0.7352941176470589,0.7142857142857143,0.8333333333333334,0.7692307692307693,0.8333333333333334,0.8268398268398269,0.3834944486836129,0.15,35,13,2,3
0.7352941176470589,0.7142857142857143,0.8333333333333334,0.7692307692307693,0.8333333333333334,0.8268398268398269,0.3834944486836129,0.15,35,14,2,3
0.7352941176470589,0.7142857142857143,0.8333333333333334,0.7692307692307693,0.8333333333333334,0.8268398268398269,0.3834944486836129,0.15,35,15,2,3
0.7352941176470589,0.7142857142857143,0.8333333333333334,0.7692307692307693,0.8333333333333334,0.8268398268398269,0.3834944486836129,0.15,36,5,2,3
0.7352941176470589,0.7142857142857143,0.8333333333333334,0.7692307692307693,0.8333333333333334,0.8268398268398269,0.3834944486836129,0.15,36,6,2,3
0.7352941176470589,0.7142857142857143,0.8333333333333334,0.7692307692307693,0.8333333333333334,0.8268398268398269,0.3834944486836129,0.15,36,7,2,3
0.7352941176470589,0.7142857142857143,0.8333333333333334,0.7692307692307693,0.8333333333333334,0.8268398268398269,0.3834944486836129,0.15,36,8,2,3
0.7352941176470589,0.7142857142857143,0.8333333333333334,0.7692307692307693,0.8333333333333334,0.8268398268398269,0.3834944486836129,0.15,36,9,2,3
0.7352941176470589,0.7142857142857143,0.8333333333333334,0.7692307692307693,0.8333333333333334,0.8268398268398269,0.3834944486836129,0.15,36,10,2,3
0.7352941176470589,0.7142857142857143,0.8333333333333334,0.7692307692307693,0.8333333333333334,0.8268398268398269,0.3834944486836129,0.15,36,11,2,3
0.7352941176470589,0.7142857142857143,0.8333333333333334,0.7692307692307693,0.8333333333333334,0.8268398268398269,0.3834944486836129,0.15,36,12,2,3
0.7352941176470589,0.7142857142857143,0.8333333333333334,0.7692307692307693,0.8333333333333334,0.8268398268398269,0.3834944486836129,0.15,36,13,2,3
0.7352941176470589,0.7142857142857143,0.8333333333333334,0.7692307692307693,0.8333333333333334,0.8268398268398269,0.3834944486836129,0.15,36,14,2,3
0.7352941176470589,0.7142857142857143,0.8333333333333334,0.7692307692307693,0.8333333333333334,0.8268398268398269,0.3834944486836129,0.15,36,15,2,3
0.7352941176470589,0.7142857142857143,0.8333333333333334,0.7692307692307693,0.8333333333333334,0.8268398268398269,0.3834944486836129,0.15,37,5,2,3
0.7352941176470589,0.7142857142857143,0.8333333333333334,0.7692307692307693,0.8333333333333334,0.8268398268398269,0.3834944486836129,0.15,37,6,2,3
0.7352941176470589,0.7142857142857143,0.8333333333333334,0.7692307692307693,0.8333333333333334,0.8268398268398269,0.3834944486836129,0.15,37,7,2,3
0.7352941176470589,0.7142857142857143,0.8333333333333334,0.7692307692307693,0.8333333333333334,0.8268398268398269,0.3834944486836129,0.15,37,8,2,3
0.7352941176470589,0.7142857142857143,0.8333333333333334,0.7692307692307693,0.8333333333333334,0.8268398268398269,0.3834944486836129,0.15,37,9,2,3
0.7352941176470589,0.7142857142857143,0.8333333333333334,0.7692307692307693,0.8333333333333334,0.8268398268398269,0.3834944486836129,0.15,37,10,2,3
0.7352941176470589,0.7142857142857143,0.8333333333333334,0.7692307692307693,0.8333333333333334,0.8268398268398269,0.3834944486836129,0.15,37,11,2,3
0.7352941176470589,0.7142857142857143,0.8333333333333334,0.7692307692307693,0.8333333333333334,0.8268398268398269,0.3834944486836129,0.15,37,12,2,3
0.7352941176470589,0.7142857142857143,0.8333333333333334,0.7692307692307693,0.8333333333333334,0.8268398268398269,0.3834944486836129,0.15,37,13,2,3
0.7352941176470589,0.7142857142857143,0.8333333333333334,0.7692307692307693,0.8333333333333334,0.8268398268398269,0.3834944486836129,0.15,37,14,2,3
0.7352941176470589,0.7142857142857143,0.8333333333333334,0.7692307692307693,0.8333333333333334,0.8268398268398269,0.3834944486836129,0.15,37,15,2,3
0.7352941176470589,0.7142857142857143,0.8333333333333334,0.7692307692307693,0.8333333333333334,0.8268398268398269,0.3834944486836129,0.15,38,5,2,3
0.7352941176470589,0.7142857142857143,0.8333333333333334,0.7692307692307693,0.8333333333333334,0.8268398268398269,0.3834944486836129,0.15,38,6,2,3
0.7352941176470589,0.7142857142857143,0.8333333333333334,0.7692307692307693,0.8333333333333334,0.8268398268398269,0.3834944486836129,0.15,38,7,2,3
0.7352941176470589,0.7142857142857143,0.8333333333333334,0.7692307692307693,0.8333333333333334,0.8268398268398269,0.3834944486836129,0.15,38,8,2,3
0.7352941176470589,0.7142857142857143,0.8333333333333334,0.7692307692307693,0.8333333333333334,0.8268398268398269,0.3834944486836129,0.15,38,9,2,3
0.7352941176470589,0.7142857142857143,0.8333333333333334,0.7692307692307693,0.8333333333333334,0.8268398268398269,0.3834944486836129,0.15,38,10,2,3
0.7352941176470589,0.7142857142857143,0.8333333333333334,0.7692307692307693,0.8333333333333334,0.8268398268398269,0.3834944486836129,0.15,38,11,2,3
0.7352941176470589,0.7142857142857143,0.8333333333333334,0.7692307692307693,0.8333333333333334,0.8268398268398269,0.3834944486836129,0.15,38,12,2,3
0.7352941176470589,0.7142857142857143,0.8333333333333334,0.7692307692307693,0.8333333333333334,0.8268398268398269,0.3834944486836129,0.15,38,13,2,3
0.7352941176470589,0.7142857142857143,0.8333333333333334,0.7692307692307693,0.8333333333333334,0.8268398268398269,0.3834944486836129,0.15,38,14,2,3
0.7352941176470589,0.7142857142857143,0.8333333333333334,0.7692307692307693,0.8333333333333334,0.8268398268398269,0.3834944486836129,0.15,38,15,2,3
0.7352941176470589,0.7142857142857143,0.8333333333333334,0.7692307692307693,0.8333333333333334,0.8268398268398269,0.3834944486836129,0.15,39,5,2,3
0.7352941176470589,0.7142857142857143,0.8333333333333334,0.7692307692307693,0.8333333333333334,0.8268398268398269,0.3834944486836129,0.15,39,6,2,3
0.7352941176470589,0.7142857142857143,0.8333333333333334,0.7692307692307693,0.8333333333333334,0.8268398268398269,0.3834944486836129,0.15,39,7,2,3
0.7352941176470589,0.7142857142857143,0.8333333333333334,0.7692307692307693,0.8333333333333334,0.8268398268398269,0.3834944486836129,0.15,39,8,2,3
0.7352941176470589,0.7142857142857143,0.8333333333333334,0.7692307692307693,0.8333333333333334,0.8268398268398269,0.3834944486836129,0.15,39,9,2,3
0.7352941176470589,0.7142857142857143,0.8333333333333334,0.7692307692307693,0.8333333333333334,0.8268398268398269,0.3834944486836129,0.15,39,10,2,3
0.7352941176470589,0.7142857142857143,0.8333333333333334,0.7692307692307693,0.8333333333333334,0.8268398268398269,0.3834944486836129,0.15,39,11,2,3
0.7352941176470589,0.7142857142857143,0.8333333333333334,0.7692307692307693,0.8333333333333334,0.8268398268398269,0.3834944486836129,0.15,39,12,2,3
0.7352941176470589,0.7142857142857143,0.8333333333333334,0.7692307692307693,0.8333333333333334,0.8268398268398269,0.3834944486836129,0.15,39,13,2,3
0.7352941176470589,0.7142857142857143,0.8333333333333334,0.7692307692307693,0.8333333333333334,0.8268398268398269,0.3834944486836129,0.15,39,14,2,3
0.7352941176470589,0.7142857142857143,0.8333333333333334,0.7692307692307693,0.8333333333333334,0.8268398268398269,0.3834944486836129,0.15,39,15,2,3
0.7352941176470589,0.7142857142857143,0.8333333333333334,0.7692307692307693,0.8333333333333334,0.8268398268398269,0.3834944486836129,0.15,40,5,2,3
0.7352941176470589,0.7142857142857143,0.8333333333333334,0.7692307692307693,0.8333333333333334,0.8268398268398269,0.3834944486836129,0.15,40,6,2,3
0.7352941176470589,0.7142857142857143,0.8333333333333334,0.7692307692307693,0.8333333333333334,0.8268398268398269,0.3834944486836129,0.15,40,7,2,3
0.7352941176470589,0.7142857142857143,0.8333333333333334,0.7692307692307693,0.8333333333333334,0.8268398268398269,0.3834944486836129,0.15,40,8,2,3
0.7352941176470589,0.7142857142857143,0.8333333333333334,0.7692307692307693,0.8333333333333334,0.8268398268398269,0.3834944486836129,0.15,40,9,2,3
0.7352941176470589,0.7142857142857143,0.8333333333333334,0.7692307692307693,0.8333333333333334,0.8268398268398269,0.3834944486836129,0.15,40,10,2,3
0.7352941176470589,0.7142857142857143,0.8333333333333334,0.7692307692307693,0.8333333333333334,0.8268398268398269,0.3834944486836129,0.15,40,11,2,3
0.7352941176470589,0.7142857142857143,0.8333333333333334,0.7692307692307693,0.8333333333333334,0.8268398268398269,0.3834944486836129,0.15,40,12,2,3
0.7352941176470589,0.7142857142857143,0.8333333333333334,0.7692307692307693,0.8333333333333334,0.8268398268398269,0.3834944486836129,0.15,40,13,2,3
0.7352941176470589,0.7142857142857143,0.8333333333333334,0.7692307692307693,0.8333333333333334,0.8268398268398269,0.3834944486836129,0.15,40,14,2,3
0.7352941176470589,0.7142857142857143,0.8333333333333334,0.7692307692307693,0.8333333333333334,0.8268398268398269,0.3834944486836129,0.15,40,15,2,3
0.7352941176470589,0.7142857142857143,0.8333333333333334,0.7692307692307693,0.8333333333333334,0.8268398268398269,0.3834944486836129,0.15,41,5,2,3
0.7352941176470589,0.7142857142857143,0.8333333333333334,0.7692307692307693,0.8333333333333334,0.8268398268398269,0.3834944486836129,0.15,41,6,2,3
0.7352941176470589,0.7142857142857143,0.8333333333333334,0.7692307692307693,0.8333333333333334,0.8268398268398269,0.3834944486836129,0.15,41,7,2,3
0.7352941176470589,0.7142857142857143,0.8333333333333334,0.7692307692307693,0.8333333333333334,0.8268398268398269,0.3834944486836129,0.15,41,8,2,3
0.7352941176470589,0.7142857142857143,0.8333333333333334,0.7692307692307693,0.8333333333333334,0.8268398268398269,0.3834944486836129,0.15,41,9,2,3
0.7352941176470589,0.7142857142857143,0.8333333333333334,0.7692307692307693,0.8333333333333334,0.8268398268398269,0.3834944486836129,0.15,41,10,2,3
0.7352941176470589,0.7142857142857143,0.8333333333333334,0.7692307692307693,0.8333333333333334,0.8268398268398269,0.3834944486836129,0.15,41,11,2,3
0.7352941176470589,0.7142857142857143,0.8333333333333334,0.7692307692307693,0.8333333333333334,0.8268398268398269,0.3834944486836129,0.15,41,12,2,3
0.7352941176470589,0.7142857142857143,0.8333333333333334,0.7692307692307693,0.8333333333333334,0.8268398268398269,0.3834944486836129,0.15,41,13,2,3
0.7352941176470589,0.7142857142857143,0.8333333333333334,0.7692307692307693,0.8333333333333334,0.8268398268398269,0.3834944486836129,0.15,41,14,2,3
0.7352941176470589,0.7142857142857143,0.8333333333333334,0.7692307692307693,0.8333333333333334,0.8268398268398269,0.3834944486836129,0.15,41,15,2,3
0.7352941176470589,0.7142857142857143,0.8333333333333334,0.7692307692307693,0.8333333333333334,0.8268398268398269,0.3834944486836129,0.15,42,5,2,3
0.7352941176470589,0.7142857142857143,0.8333333333333334,0.7692307692307693,0.8333333333333334,0.8268398268398269,0.3834944486836129,0.15,42,6,2,3
0.7352941176470589,0.7142857142857143,0.8333333333333334,0.7692307692307693,0.8333333333333334,0.8268398268398269,0.3834944486836129,0.15,42,7,2,3
0.7352941176470589,0.7142857142857143,0.8333333333333334,0.7692307692307693,0.8333333333333334,0.8268398268398269,0.3834944486836129,0.15,42,8,2,3
0.7352941176470589,0.7142857142857143,0.8333333333333334,0.7692307692307693,0.8333333333333334,0.8268398268398269,0.3834944486836129,0.15,42,9,2,3
0.7352941176470589,0.7142857142857143,0.8333333333333334,0.7692307692307693,0.8333333333333334,0.8268398268398269,0.3834944486836129,0.15,42,10,2,3
0.7352941176470589,0.7142857142857143,0.8333333333333334,0.7692307692307693,0.8333333333333334,0.8268398268398269,0.3834944486836129,0.15,42,11,2,3
0.7352941176470589,0.7142857142857143,0.8333333333333334,0.7692307692307693,0.8333333333333334,0.8268398268398269,0.3834944486836129,0.15,42,12,2,3
0.7352941176470589,0.7142857142857143,0.8333333333333334,0.7692307692307693,0.8333333333333334,0.8268398268398269,0.3834944486836129,0.15,42,13,2,3
0.7352941176470589,0.7142857142857143,0.8333333333333334,0.7692307692307693,0.8333333333333334,0.8268398268398269,0.3834944486836129,0.15,42,14,2,3
0.7352941176470589,0.7142857142857143,0.8333333333333334,0.7692307692307693,0.8333333333333334,0.8268398268398269,0.3834944486836129,0.15,42,15,2,3
0.7352941176470589,0.7142857142857143,0.8333333333333334,0.7692307692307693,0.8333333333333334,0.8268398268398269,0.3834944486836129,0.15,43,5,2,3
0.7352941176470589,0.7142857142857143,0.8333333333333334,0.7692307692307693,0.8333333333333334,0.8268398268398269,0.3834944486836129,0.15,43,6,2,3
0.7352941176470589,0.7142857142857143,0.8333333333333334,0.7692307692307693,0.8333333333333334,0.8268398268398269,0.3834944486836129,0.15,43,7,2,3
0.7352941176470589,0.7142857142857143,0.8333333333333334,0.7692307692307693,0.8333333333333334,0.8268398268398269,0.3834944486836129,0.15,43,8,2,3
0.7352941176470589,0.7142857142857143,0.8333333333333334,0.7692307692307693,0.8333333333333334,0.8268398268398269,0.3834944486836129,0.15,43,9,2,3
0.7352941176470589,0.7142857142857143,0.8333333333333334,0.7692307692307693,0.8333333333333334,0.8268398268398269,0.3834944486836129,0.15,43,10,2,3
0.7352941176470589,0.7142857142857143,0.8333333333333334,0.7692307692307693,0.8333333333333334,0.8268398268398269,0.3834944486836129,0.15,43,11,2,3
0.7352941176470589,0.7142857142857143,0.8333333333333334,0.7692307692307693,0.8333333333333334,0.8268398268398269,0.3834944486836129,0.15,43,12,2,3
0.7352941176470589,0.7142857142857143,0.8333333333333334,0.7692307692307693,0.8333333333333334,0.8268398268398269,0.3834944486836129,0.15,43,13,2,3
0.7352941176470589,0.7142857142857143,0.8333333333333334,0.7692307692307693,0.8333333333333334,0.8268398268398269,0.3834944486836129,0.15,43,14,2,3
0.7352941176470589,0.7142857142857143,0.8333333333333334,0.7692307692307693,0.8333333333333334,0.8268398268398269,0.3834944486836129,0.15,43,15,2,3
0.7352941176470589,0.7142857142857143,0.8333333333333334,0.7692307692307693,0.8333333333333334,0.8268398268398269,0.3834944486836129,0.15,44,5,2,3
0.7352941176470589,0.7142857142857143,0.8333333333333334,0.7692307692307693,0.8333333333333334,0.8268398268398269,0.3834944486836129,0.15,44,6,2,3
0.7352941176470589,0.7142857142857143,0.8333333333333334,0.7692307692307693,0.8333333333333334,0.8268398268398269,0.3834944486836129,0.15,44,7,2,3
0.7352941176470589,0.7142857142857143,0.8333333333333334,0.7692307692307693,0.8333333333333334,0.8268398268398269,0.3834944486836129,0.15,44,8,2,3
0.7352941176470589,0.7142857142857143,0.8333333333333334,0.7692307692307693,0.8333333333333334,0.8268398268398269,0.3834944486836129,0.15,44,9,2,3
0.7352941176470589,0.7142857142857143,0.8333333333333334,0.7692307692307693,0.8333333333333334,0.8268398268398269,0.3834944486836129,0.15,44,10,2,3
0.7352941176470589,0.7142857142857143,0.8333333333333334,0.7692307692307693,0.8333333333333334,0.8268398268398269,0.3834944486836129,0.15,44,11,2,3
0.7352941176470589,0.7142857142857143,0.8333333333333334,0.7692307692307693,0.8333333333333334,0.8268398268398269,0.3834944486836129,0.15,44,12,2,3
0.7352941176470589,0.7142857142857143,0.8333333333333334,0.7692307692307693,0.8333333333333334,0.8268398268398269,0.3834944486836129,0.15,44,13,2,3
0.7352941176470589,0.7142857142857143,0.8333333333333334,0.7692307692307693,0.8333333333333334,0.8268398268398269,0.3834944486836129,0.15,44,14,2,3
0.7352941176470589,0.7142857142857143,0.8333333333333334,0.7692307692307693,0.8333333333333334,0.8268398268398269,0.3834944486836129,0.15,44,15,2,3
0.7352941176470589,0.7142857142857143,0.8333333333333334,0.7692307692307693,0.8333333333333334,0.8116883116883117,0.393333731078779,0.15,45,5,1,2
0.7352941176470589,0.7142857142857143,0.8333333333333334,0.7692307692307693,0.8333333333333334,0.8116883116883117,0.393333731078779,0.15,45,6,1,2
0.7352941176470589,0.7142857142857143,0.8333333333333334,0.7692307692307693,0.8333333333333334,0.8116883116883117,0.393333731078779,0.15,45,7,1,2
0.7352941176470589,0.7142857142857143,0.8333333333333334,0.7692307692307693,0.8333333333333334,0.8116883116883117,0.393333731078779,0.15,45,8,1,2
0.7352941176470589,0.7142857142857143,0.8333333333333334,0.7692307692307693,0.8333333333333334,0.8116883116883117,0.393333731078779,0.15,45,9,1,2
0.7352941176470589,0.7142857142857143,0.8333333333333334,0.7692307692307693,0.8333333333333334,0.8116883116883117,0.393333731078779,0.15,45,10,1,2
0.7352941176470589,0.7142857142857143,0.8333333333333334,0.7692307692307693,0.8333333333333334,0.8116883116883117,0.393333731078779,0.15,45,11,1,2
0.7352941176470589,0.7142857142857143,0.8333333333333334,0.7692307692307693,0.8333333333333334,0.8116883116883117,0.393333731078779,0.15,45,12,1,2
0.7352941176470589,0.7142857142857143,0.8333333333333334,0.7692307692307693,0.8333333333333334,0.8116883116883117,0.393333731078779,0.15,45,13,1,2
0.7352941176470589,0.7142857142857143,0.8333333333333334,0.7692307692307693,0.8333333333333334,0.8116883116883117,0.393333731078779,0.15,45,14,1,2
0.7352941176470589,0.7142857142857143,0.8333333333333334,0.7692307692307693,0.8333333333333334,0.8116883116883117,0.393333731078779,0.15,45,15,1,2
0.7352941176470589,0.7142857142857143,0.8333333333333334,0.7692307692307693,0.8333333333333334,0.8116883116883117,0.393333731078779,0.15,46,5,1,2
0.7352941176470589,0.7142857142857143,0.8333333333333334,0.7692307692307693,0.8333333333333334,0.8116883116883117,0.393333731078779,0.15,46,6,1,2
0.7352941176470589,0.7142857142857143,0.8333333333333334,0.7692307692307693,0.8333333333333334,0.8116883116883117,0.393333731078779,0.15,46,7,1,2
0.7352941176470589,0.7142857142857143,0.8333333333333334,0.7692307692307693,0.8333333333333334,0.8116883116883117,0.393333731078779,0.15,46,8,1,2
0.7352941176470589,0.7142857142857143,0.8333333333333334,0.7692307692307693,0.8333333333333334,0.8116883116883117,0.393333731078779,0.15,46,9,1,2
0.7352941176470589,0.7142857142857143,0.8333333333333334,0.7692307692307693,0.8333333333333334,0.8116883116883117,0.393333731078779,0.15,46,10,1,2
0.7352941176470589,0.7142857142857143,0.8333333333333334,0.7692307692307693,0.8333333333333334,0.8116883116883117,0.393333731078779,0.15,46,11,1,2
0.7352941176470589,0.7142857142857143,0.8333333333333334,0.7692307692307693,0.8333333333333334,0.8116883116883117,0.393333731078779,0.15,46,12,1,2
0.7352941176470589,0.7142857142857143,0.8333333333333334,0.7692307692307693,0.8333333333333334,0.8116883116883117,0.393333731078779,0.15,46,13,1,2
0.7352941176470589,0.7142857142857143,0.8333333333333334,0.7692307692307693,0.8333333333333334,0.8116883116883117,0.393333731078779,0.15,46,14,1,2
0.7352941176470589,0.7142857142857143,0.8333333333333334,0.7692307692307693,0.8333333333333334,0.8116883116883117,0.393333731078779,0.15,46,15,1,2
0.7352941176470589,0.7142857142857143,0.8333333333333334,0.7692307692307693,0.8333333333333334,0.8116883116883117,0.393333731078779,0.15,47,5,1,2
0.7352941176470589,0.7142857142857143,0.8333333333333334,0.7692307692307693,0.8333333333333334,0.8116883116883117,0.393333731078779,0.15,47,6,1,2
0.7352941176470589,0.7142857142857143,0.8333333333333334,0.7692307692307693,0.8333333333333334,0.8116883116883117,0.393333731078779,0.15,47,7,1,2
0.7352941176470589,0.7142857142857143,0.8333333333333334,0.7692307692307693,0.8333333333333334,0.8116883116883117,0.393333731078779,0.15,47,8,1,2
0.7352941176470589,0.7142857142857143,0.8333333333333334,0.7692307692307693,0.8333333333333334,0.8116883116883117,0.393333731078779,0.15,47,9,1,2
0.7352941176470589,0.7142857142857143,0.8333333333333334,0.7692307692307693,0.8333333333333334,0.8116883116883117,0.393333731078779,0.15,47,10,1,2
0.7352941176470589,0.7142857142857143,0.8333333333333334,0.7692307692307693,0.8333333333333334,0.8116883116883117,0.393333731078779,0.15,47,11,1,2
0.7352941176470589,0.7142857142857143,0.8333333333333334,0.7692307692307693,0.8333333333333334,0.8116883116883117,0.393333731078779,0.15,47,12,1,2
0.7352941176470589,0.7142857142857143,0.8333333333333334,0.7692307692307693,0.8333333333333334,0.8116883116883117,0.393333731078779,0.15,47,13,1,2
0.7352941176470589,0.7142857142857143,0.8333333333333334,0.7692307692307693,0.8333333333333334,0.8116883116883117,0.393333731078779,0.15,47,14,1,2
0.7352941176470589,0.7142857142857143,0.8333333333333334,0.7692307692307693,0.8333333333333334,0.8116883116883117,0.393333731078779,0.15,47,15,1,2
0.7352941176470589,0.7142857142857143,0.8333333333333334,0.7692307692307693,0.8333333333333334,0.8116883116883117,0.393333731078779,0.15,48,5,1,2
0.7352941176470589,0.7142857142857143,0.8333333333333334,0.7692307692307693,0.8333333333333334,0.8116883116883117,0.393333731078779,0.15,48,6,1,2
0.7352941176470589,0.7142857142857143,0.8333333333333334,0.7692307692307693,0.8333333333333334,0.8116883116883117,0.393333731078779,0.15,48,7,1,2
0.7352941176470589,0.7142857142857143,0.8333333333333334,0.7692307692307693,0.8333333333333334,0.8116883116883117,0.393333731078779,0.15,48,8,1,2
0.7352941176470589,0.7142857142857143,0.8333333333333334,0.7692307692307693,0.8333333333333334,0.8116883116883117,0.393333731078779,0.15,48,9,1,2
0.7352941176470589,0.7142857142857143,0.8333333333333334,0.7692307692307693,0.8333333333333334,0.8116883116883117,0.393333731078779,0.15,48,10,1,2
0.7352941176470589,0.7142857142857143,0.8333333333333334,0.7692307692307693,0.8333333333333334,0.8116883116883117,0.393333731078779,0.15,48,11,1,2
0.7352941176470589,0.7142857142857143,0.8333333333333334,0.7692307692307693,0.8333333333333334,0.8116883116883117,0.393333731078779,0.15,48,12,1,2
0.7352941176470589,0.7142857142857143,0.8333333333333334,0.7692307692307693,0.8333333333333334,0.8116883116883117,0.393333731078779,0.15,48,13,1,2
0.7352941176470589,0.7142857142857143,0.8333333333333334,0.7692307692307693,0.8333333333333334,0.8116883116883117,0.393333731078779,0.15,48,14,1,2
0.7352941176470589,0.7142857142857143,0.8333333333333334,0.7692307692307693,0.8333333333333334,0.8116883116883117,0.393333731078779,0.15,48,15,1,2
0.7352941176470589,0.7142857142857143,0.8333333333333334,0.7692307692307693,0.8333333333333334,0.8116883116883117,0.393333731078779,0.15,49,5,1,2
0.7352941176470589,0.7142857142857143,0.8333333333333334,0.7692307692307693,0.8333333333333334,0.8116883116883117,0.393333731078779,0.15,49,6,1,2
0.7352941176470589,0.7142857142857143,0.8333333333333334,0.7692307692307693,0.8333333333333334,0.8116883116883117,0.393333731078779,0.15,49,7,1,2
0.7352941176470589,0.7142857142857143,0.8333333333333334,0.7692307692307693,0.8333333333333334,0.8116883116883117,0.393333731078779,0.15,49,8,1,2
0.7352941176470589,0.7142857142857143,0.8333333333333334,0.7692307692307693,0.8333333333333334,0.8116883116883117,0.393333731078779,0.15,49,9,1,2
0.7352941176470589,0.7142857142857143,0.8333333333333334,0.7692307692307693,0.8333333333333334,0.8116883116883117,0.393333731078779,0.15,49,10,1,2
0.7352941176470589,0.7142857142857143,0.8333333333333334,0.7692307692307693,0.8333333333333334,0.8116883116883117,0.393333731078779,0.15,49,11,1,2
0.7352941176470589,0.7142857142857143,0.8333333333333334,0.7692307692307693,0.8333333333333334,0.8116883116883117,0.393333731078779,0.15,49,12,1,2
0.7352941176470589,0.7142857142857143,0.8333333333333334,0.7692307692307693,0.8333333333333334,0.8116883116883117,0.393333731078779,0.15,49,13,1,2
0.7352941176470589,0.7142857142857143,0.8333333333333334,0.7692307692307693,0.8333333333333334,0.8116883116883117,0.393333731078779,0.15,49,14,1,2
0.7352941176470589,0.7142857142857143,0.8333333333333334,0.7692307692307693,0.8333333333333334,0.8116883116883117,0.393333731078779,0.15,49,15,1,2
0.7352941176470589,0.7142857142857143,0.8333333333333334,0.7692307692307693,0.8333333333333334,0.8116883116883117,0.393333731078779,0.15,50,5,1,2
0.7352941176470589,0.7142857142857143,0.8333333333333334,0.7692307692307693,0.8333333333333334,0.8116883116883117,0.393333731078779,0.15,50,6,1,2
0.7352941176470589,0.7142857142857143,0.8333333333333334,0.7692307692307693,0.8333333333333334,0.8116883116883117,0.393333731078779,0.15,50,7,1,2
0.7352941176470589,0.7142857142857143,0.8333333333333334,0.7692307692307693,0.8333333333333334,0.8116883116883117,0.393333731078779,0.15,50,8,1,2
0.7352941176470589,0.7142857142857143,0.8333333333333334,0.7692307692307693,0.8333333333333334,0.8116883116883117,0.393333731078779,0.15,50,9,1,2
0.7352941176470589,0.7142857142857143,0.8333333333333334,0.7692307692307693,0.8333333333333334,0.8116883116883117,0.393333731078779,0.15,50,10,1,2
0.7352941176470589,0.7142857142857143,0.8333333333333334,0.7692307692307693,0.8333333333333334,0.8116883116883117,0.393333731078779,0.15,50,11,1,2
0.7352941176470589,0.7142857142857143,0.8333333333333334,0.7692307692307693,0.8333333333333334,0.8116883116883117,0.393333731078779,0.15,50,12,1,2
0.7352941176470589,0.7142857142857143,0.8333333333333334,0.7692307692307693,0.8333333333333334,0.8116883116883117,0.393333731078779,0.15,50,13,1,2
0.7352941176470589,0.7142857142857143,0.8333333333333334,0.7692307692307693,0.8333333333333334,0.8116883116883117,0.393333731078779,0.15,50,14,1,2
0.7352941176470589,0.7142857142857143,0.8333333333333334,0.7692307692307693,0.8333333333333334,0.8116883116883117,0.393333731078779,0.15,50,15,1,2
0.7352941176470589,0.7142857142857143,0.8333333333333334,0.7692307692307693,0.8333333333333334,0.8268398268398269,0.3834944486836129,0.2,31,5,2,3
0.7352941176470589,0.7142857142857143,0.8333333333333334,0.7692307692307693,0.8333333333333334,0.8268398268398269,0.3834944486836129,0.2,31,6,2,3
0.7352941176470589,0.7142857142857143,0.8333333333333334,0.7692307692307693,0.8333333333333334,0.8268398268398269,0.3834944486836129,0.2,31,7,2,3
0.7352941176470589,0.7142857142857143,0.8333333333333334,0.7692307692307693,0.8333333333333334,0.8268398268398269,0.3834944486836129,0.2,31,8,2,3
0.7352941176470589,0.7142857142857143,0.8333333333333334,0.7692307692307693,0.8333333333333334,0.8268398268398269,0.3834944486836129,0.2,31,9,2,3
0.7352941176470589,0.7142857142857143,0.8333333333333334,0.7692307692307693,0.8333333333333334,0.8268398268398269,0.3834944486836129,0.2,31,10,2,3
0.7352941176470589,0.7142857142857143,0.8333333333333334,0.7692307692307693,0.8333333333333334,0.8268398268398269,0.3834944486836129,0.2,31,11,2,3
0.7352941176470589,0.7142857142857143,0.8333333333333334,0.7692307692307693,0.8333333333333334,0.8268398268398269,0.3834944486836129,0.2,31,12,2,3
0.7352941176470589,0.7142857142857143,0.8333333333333334,0.7692307692307693,0.8333333333333334,0.8268398268398269,0.3834944486836129,0.2,31,13,2,3
0.7352941176470589,0.7142857142857143,0.8333333333333334,0.7692307692307693,0.8333333333333334,0.8268398268398269,0.3834944486836129,0.2,31,14,2,3
0.7352941176470589,0.7142857142857143,0.8333333333333334,0.7692307692307693,0.8333333333333334,0.8268398268398269,0.3834944486836129,0.2,31,15,2,3
0.7352941176470589,0.7142857142857143,0.8333333333333334,0.7692307692307693,0.8333333333333334,0.8268398268398269,0.3834944486836129,0.2,32,5,2,3
0.7352941176470589,0.7142857142857143,0.8333333333333334,0.7692307692307693,0.8333333333333334,0.8268398268398269,0.3834944486836129,0.2,32,6,2,3
0.7352941176470589,0.7142857142857143,0.8333333333333334,0.7692307692307693,0.8333333333333334,0.8268398268398269,0.3834944486836129,0.2,32,7,2,3
0.7352941176470589,0.7142857142857143,0.8333333333333334,0.7692307692307693,0.8333333333333334,0.8268398268398269,0.3834944486836129,0.2,32,8,2,3
0.7352941176470589,0.7142857142857143,0.8333333333333334,0.7692307692307693,0.8333333333333334,0.8268398268398269,0.3834944486836129,0.2,32,9,2,3
0.7352941176470589,0.7142857142857143,0.8333333333333334,0.7692307692307693,0.8333333333333334,0.8268398268398269,0.3834944486836129,0.2,32,10,2,3
0.7352941176470589,0.7142857142857143,0.8333333333333334,0.7692307692307693,0.8333333333333334,0.8268398268398269,0.3834944486836129,0.2,32,11,2,3
0.7352941176470589,0.7142857142857143,0.8333333333333334,0.7692307692307693,0.8333333333333334,0.8268398268398269,0.3834944486836129,0.2,32,12,2,3
0.7352941176470589,0.7142857142857143,0.8333333333333334,0.7692307692307693,0.8333333333333334,0.8268398268398269,0.3834944486836129,0.2,32,13,2,3
0.7352941176470589,0.7142857142857143,0.8333333333333334,0.7692307692307693,0.8333333333333334,0.8268398268398269,0.3834944486836129,0.2,32,14,2,3
0.7352941176470589,0.7142857142857143,0.8333333333333334,0.7692307692307693,0.8333333333333334,0.8268398268398269,0.3834944486836129,0.2,32,15,2,3
0.7352941176470589,0.7142857142857143,0.8333333333333334,0.7692307692307693,0.8333333333333334,0.8268398268398269,0.3834944486836129,0.2,33,5,2,3
0.7352941176470589,0.7142857142857143,0.8333333333333334,0.7692307692307693,0.8333333333333334,0.8268398268398269,0.3834944486836129,0.2,33,6,2,3
0.7352941176470589,0.7142857142857143,0.8333333333333334,0.7692307692307693,0.8333333333333334,0.8268398268398269,0.3834944486836129,0.2,33,7,2,3
0.7352941176470589,0.7142857142857143,0.8333333333333334,0.7692307692307693,0.8333333333333334,0.8268398268398269,0.3834944486836129,0.2,33,8,2,3
0.7352941176470589,0.7142857142857143,0.8333333333333334,0.7692307692307693,0.8333333333333334,0.8268398268398269,0.3834944486836129,0.2,33,9,2,3
0.7352941176470589,0.7142857142857143,0.8333333333333334,0.7692307692307693,0.8333333333333334,0.8268398268398269,0.3834944486836129,0.2,33,10,2,3
0.7352941176470589,0.7142857142857143,0.8333333333333334,0.7692307692307693,0.8333333333333334,0.8268398268398269,0.3834944486836129,0.2,33,11,2,3
0.7352941176470589,0.7142857142857143,0.8333333333333334,0.7692307692307693,0.8333333333333334,0.8268398268398269,0.3834944486836129,0.2,33,12,2,3
0.7352941176470589,0.7142857142857143,0.8333333333333334,0.7692307692307693,0.8333333333333334,0.8268398268398269,0.3834944486836129,0.2,33,13,2,3
0.7352941176470589,0.7142857142857143,0.8333333333333334,0.7692307692307693,0.8333333333333334,0.8268398268398269,0.3834944486836129,0.2,33,14,2,3
0.7352941176470589,0.7142857142857143,0.8333333333333334,0.7692307692307693,0.8333333333333334,0.8268398268398269,0.3834944486836129,0.2,33,15,2,3
0.7352941176470589,0.7142857142857143,0.8333333333333334,0.7692307692307693,0.8333333333333334,0.8268398268398269,0.3834944486836129,0.2,34,5,2,3
0.7352941176470589,0.7142857142857143,0.8333333333333334,0.7692307692307693,0.8333333333333334,0.8268398268398269,0.3834944486836129,0.2,34,6,2,3
0.7352941176470589,0.7142857142857143,0.8333333333333334,0.7692307692307693,0.8333333333333334,0.8268398268398269,0.3834944486836129,0.2,34,7,2,3
0.7352941176470589,0.7142857142857143,0.8333333333333334,0.7692307692307693,0.8333333333333334,0.8268398268398269,0.3834944486836129,0.2,34,8,2,3
0.7352941176470589,0.7142857142857143,0.8333333333333334,0.7692307692307693,0.8333333333333334,0.8268398268398269,0.3834944486836129,0.2,34,9,2,3
0.7352941176470589,0.7142857142857143,0.8333333333333334,0.7692307692307693,0.8333333333333334,0.8268398268398269,0.3834944486836129,0.2,34,10,2,3
0.7352941176470589,0.7142857142857143,0.8333333333333334,0.7692307692307693,0.8333333333333334,0.8268398268398269,0.3834944486836129,0.2,34,11,2,3
0.7352941176470589,0.7142857142857143,0.8333333333333334,0.7692307692307693,0.8333333333333334,0.8268398268398269,0.3834944486836129,0.2,34,12,2,3
0.7352941176470589,0.7142857142857143,0.8333333333333334,0.7692307692307693,0.8333333333333334,0.8268398268398269,0.3834944486836129,0.2,34,13,2,3
0.7352941176470589,0.7142857142857143,0.8333333333333334,0.7692307692307693,0.8333333333333334,0.8268398268398269,0.3834944486836129,0.2,34,14,2,3
0.7352941176470589,0.7142857142857143,0.8333333333333334,0.7692307692307693,0.8333333333333334,0.8268398268398269,0.3834944486836129,0.2,34,15,2,3
0.7352941176470589,0.7142857142857143,0.8333333333333334,0.7692307692307693,0.8333333333333334,0.8268398268398269,0.3834944486836129,0.2,35,5,2,3
0.7352941176470589,0.7142857142857143,0.8333333333333334,0.7692307692307693,0.8333333333333334,0.8268398268398269,0.3834944486836129,0.2,35,6,2,3
0.7352941176470589,0.7142857142857143,0.8333333333333334,0.7692307692307693,0.8333333333333334,0.8268398268398269,0.3834944486836129,0.2,35,7,2,3
0.7352941176470589,0.7142857142857143,0.8333333333333334,0.7692307692307693,0.8333333333333334,0.8268398268398269,0.3834944486836129,0.2,35,8,2,3
0.7352941176470589,0.7142857142857143,0.8333333333333334,0.7692307692307693,0.8333333333333334,0.8268398268398269,0.3834944486836129,0.2,35,9,2,3
0.7352941176470589,0.7142857142857143,0.8333333333333334,0.7692307692307693,0.8333333333333334,0.8268398268398269,0.3834944486836129,0.2,35,10,2,3
0.7352941176470589,0.7142857142857143,0.8333333333333334,0.7692307692307693,0.8333333333333334,0.8268398268398269,0.3834944486836129,0.2,35,11,2,3
0.7352941176470589,0.7142857142857143,0.8333333333333334,0.7692307692307693,0.8333333333333334,0.8268398268398269,0.3834944486836129,0.2,35,12,2,3
0.7352941176470589,0.7142857142857143,0.8333333333333334,0.7692307692307693,0.8333333333333334,0.8268398268398269,0.3834944486836129,0.2,35,13,2,3
0.7352941176470589,0.7142857142857143,0.8333333333333334,0.7692307692307693,0.8333333333333334,0.8268398268398269,0.3834944486836129,0.2,35,14,2,3
0.7352941176470589,0.7142857142857143,0.8333333333333334,0.7692307692307693,0.8333333333333334,0.8268398268398269,0.3834944486836129,0.2,35,15,2,3
0.7352941176470589,0.7142857142857143,0.8333333333333334,0.7692307692307693,0.8333333333333334,0.8268398268398269,0.3834944486836129,0.2,36,5,2,3
0.7352941176470589,0.7142857142857143,0.8333333333333334,0.7692307692307693,0.8333333333333334,0.8268398268398269,0.3834944486836129,0.2,36,6,2,3
0.7352941176470589,0.7142857142857143,0.8333333333333334,0.7692307692307693,0.8333333333333334,0.8268398268398269,0.3834944486836129,0.2,36,7,2,3
0.7352941176470589,0.7142857142857143,0.8333333333333334,0.7692307692307693,0.8333333333333334,0.8268398268398269,0.3834944486836129,0.2,36,8,2,3
0.7352941176470589,0.7142857142857143,0.8333333333333334,0.7692307692307693,0.8333333333333334,0.8268398268398269,0.3834944486836129,0.2,36,9,2,3
0.7352941176470589,0.7142857142857143,0.8333333333333334,0.7692307692307693,0.8333333333333334,0.8268398268398269,0.3834944486836129,0.2,36,10,2,3
0.7352941176470589,0.7142857142857143,0.8333333333333334,0.7692307692307693,0.8333333333333334,0.8268398268398269,0.3834944486836129,0.2,36,11,2,3
0.7352941176470589,0.7142857142857143,0.8333333333333334,0.7692307692307693,0.8333333333333334,0.8268398268398269,0.3834944486836129,0.2,36,12,2,3
0.7352941176470589,0.7142857142857143,0.8333333333333334,0.7692307692307693,0.8333333333333334,0.8268398268398269,0.3834944486836129,0.2,36,13,2,3
0.7352941176470589,0.7142857142857143,0.8333333333333334,0.7692307692307693,0.8333333333333334,0.8268398268398269,0.3834944486836129,0.2,36,14,2,3
0.7352941176470589,0.7142857142857143,0.8333333333333334,0.7692307692307693,0.8333333333333334,0.8268398268398269,0.3834944486836129,0.2,36,15,2,3
0.7352941176470589,0.7142857142857143,0.8333333333333334,0.7692307692307693,0.8333333333333334,0.8268398268398269,0.3834944486836129,0.2,37,5,2,3
0.7352941176470589,0.7142857142857143,0.8333333333333334,0.7692307692307693,0.8333333333333334,0.8268398268398269,0.3834944486836129,0.2,37,6,2,3
0.7352941176470589,0.7142857142857143,0.8333333333333334,0.7692307692307693,0.8333333333333334,0.8268398268398269,0.3834944486836129,0.2,37,7,2,3
0.7352941176470589,0.7142857142857143,0.8333333333333334,0.7692307692307693,0.8333333333333334,0.8268398268398269,0.3834944486836129,0.2,37,8,2,3
0.7352941176470589,0.7142857142857143,0.8333333333333334,0.7692307692307693,0.8333333333333334,0.8268398268398269,0.3834944486836129,0.2,37,9,2,3
0.7352941176470589,0.7142857142857143,0.8333333333333334,0.7692307692307693,0.8333333333333334,0.8268398268398269,0.3834944486836129,0.2,37,10,2,3
0.7352941176470589,0.7142857142857143,0.8333333333333334,0.7692307692307693,0.8333333333333334,0.8268398268398269,0.3834944486836129,0.2,37,11,2,3
0.7352941176470589,0.7142857142857143,0.8333333333333334,0.7692307692307693,0.8333333333333334,0.8268398268398269,0.3834944486836129,0.2,37,12,2,3
0.7352941176470589,0.7142857142857143,0.8333333333333334,0.7692307692307693,0.8333333333333334,0.8268398268398269,0.3834944486836129,0.2,37,13,2,3
0.7352941176470589,0.7142857142857143,0.8333333333333334,0.7692307692307693,0.8333333333333334,0.8268398268398269,0.3834944486836129,0.2,37,14,2,3
0.7352941176470589,0.7142857142857143,0.8333333333333334,0.7692307692307693,0.8333333333333334,0.8268398268398269,0.3834944486836129,0.2,37,15,2,3
0.7352941176470589,0.7142857142857143,0.8333333333333334,0.7692307692307693,0.8333333333333334,0.8268398268398269,0.3834944486836129,0.2,38,5,2,3
0.7352941176470589,0.7142857142857143,0.8333333333333334,0.7692307692307693,0.8333333333333334,0.8268398268398269,0.3834944486836129,0.2,38,6,2,3
0.7352941176470589,0.7142857142857143,0.8333333333333334,0.7692307692307693,0.8333333333333334,0.8268398268398269,0.3834944486836129,0.2,38,7,2,3
0.7352941176470589,0.7142857142857143,0.8333333333333334,0.7692307692307693,0.8333333333333334,0.8268398268398269,0.3834944486836129,0.2,38,8,2,3
0.7352941176470589,0.7142857142857143,0.8333333333333334,0.7692307692307693,0.8333333333333334,0.8268398268398269,0.3834944486836129,0.2,38,9,2,3
0.7352941176470589,0.7142857142857143,0.8333333333333334,0.7692307692307693,0.8333333333333334,0.8268398268398269,0.3834944486836129,0.2,38,10,2,3
0.7352941176470589,0.7142857142857143,0.8333333333333334,0.7692307692307693,0.8333333333333334,0.8268398268398269,0.3834944486836129,0.2,38,11,2,3
0.7352941176470589,0.7142857142857143,0.8333333333333334,0.7692307692307693,0.8333333333333334,0.8268398268398269,0.3834944486836129,0.2,38,12,2,3
0.7352941176470589,0.7142857142857143,0.8333333333333334,0.7692307692307693,0.8333333333333334,0.8268398268398269,0.3834944486836129,0.2,38,13,2,3
0.7352941176470589,0.7142857142857143,0.8333333333333334,0.7692307692307693,0.8333333333333334,0.8268398268398269,0.3834944486836129,0.2,38,14,2,3
0.7352941176470589,0.7142857142857143,0.8333333333333334,0.7692307692307693,0.8333333333333334,0.8268398268398269,0.3834944486836129,0.2,38,15,2,3
0.7352941176470589,0.7142857142857143,0.8333333333333334,0.7692307692307693,0.8333333333333334,0.8268398268398269,0.3834944486836129,0.2,39,5,2,3
0.7352941176470589,0.7142857142857143,0.8333333333333334,0.7692307692307693,0.8333333333333334,0.8268398268398269,0.3834944486836129,0.2,39,6,2,3
0.7352941176470589,0.7142857142857143,0.8333333333333334,0.7692307692307693,0.8333333333333334,0.8268398268398269,0.3834944486836129,0.2,39,7,2,3
0.7352941176470589,0.7142857142857143,0.8333333333333334,0.7692307692307693,0.8333333333333334,0.8268398268398269,0.3834944486836129,0.2,39,8,2,3
0.7352941176470589,0.7142857142857143,0.8333333333333334,0.7692307692307693,0.8333333333333334,0.8268398268398269,0.3834944486836129,0.2,39,9,2,3
0.7352941176470589,0.7142857142857143,0.8333333333333334,0.7692307692307693,0.8333333333333334,0.8268398268398269,0.3834944486836129,0.2,39,10,2,3
0.7352941176470589,0.7142857142857143,0.8333333333333334,0.7692307692307693,0.8333333333333334,0.8268398268398269,0.3834944486836129,0.2,39,11,2,3
0.7352941176470589,0.7142857142857143,0.8333333333333334,0.7692307692307693,0.8333333333333334,0.8268398268398269,0.3834944486836129,0.2,39,12,2,3
0.7352941176470589,0.7142857142857143,0.8333333333333334,0.7692307692307693,0.8333333333333334,0.8268398268398269,0.3834944486836129,0.2,39,13,2,3
0.7352941176470589,0.7142857142857143,0.8333333333333334,0.7692307692307693,0.8333333333333334,0.8268398268398269,0.3834944486836129,0.2,39,14,2,3
0.7352941176470589,0.7142857142857143,0.8333333333333334,0.7692307692307693,0.8333333333333334,0.8268398268398269,0.3834944486836129,0.2,39,15,2,3
0.7352941176470589,0.7142857142857143,0.8333333333333334,0.7692307692307693,0.8333333333333334,0.8268398268398269,0.3834944486836129,0.2,40,5,2,3
0.7352941176470589,0.7142857142857143,0.8333333333333334,0.7692307692307693,0.8333333333333334,0.8268398268398269,0.3834944486836129,0.2,40,6,2,3
0.7352941176470589,0.7142857142857143,0.8333333333333334,0.7692307692307693,0.8333333333333334,0.8268398268398269,0.3834944486836129,0.2,40,7,2,3
0.7352941176470589,0.7142857142857143,0.8333333333333334,0.7692307692307693,0.8333333333333334,0.8268398268398269,0.3834944486836129,0.2,40,8,2,3
0.7352941176470589,0.7142857142857143,0.8333333333333334,0.7692307692307693,0.8333333333333334,0.8268398268398269,0.3834944486836129,0.2,40,9,2,3
0.7352941176470589,0.7142857142857143,0.8333333333333334,0.7692307692307693,0.8333333333333334,0.8268398268398269,0.3834944486836129,0.2,40,10,2,3
0.7352941176470589,0.7142857142857143,0.8333333333333334,0.7692307692307693,0.8333333333333334,0.8268398268398269,0.3834944486836129,0.2,40,11,2,3
0.7352941176470589,0.7142857142857143,0.8333333333333334,0.7692307692307693,0.8333333333333334,0.8268398268398269,0.3834944486836129,0.2,40,12,2,3
0.7352941176470589,0.7142857142857143,0.8333333333333334,0.7692307692307693,0.8333333333333334,0.8268398268398269,0.3834944486836129,0.2,40,13,2,3
0.7352941176470589,0.7142857142857143,0.8333333333333334,0.7692307692307693,0.8333333333333334,0.8268398268398269,0.3834944486836129,0.2,40,14,2,3
0.7352941176470589,0.7142857142857143,0.8333333333333334,0.7692307692307693,0.8333333333333334,0.8268398268398269,0.3834944486836129,0.2,40,15,2,3
0.7352941176470589,0.7142857142857143,0.8333333333333334,0.7692307692307693,0.8333333333333334,0.8268398268398269,0.3834944486836129,0.2,41,5,2,3
0.7352941176470589,0.7142857142857143,0.8333333333333334,0.7692307692307693,0.8333333333333334,0.8268398268398269,0.3834944486836129,0.2,41,6,2,3
0.7352941176470589,0.7142857142857143,0.8333333333333334,0.7692307692307693,0.8333333333333334,0.8268398268398269,0.3834944486836129,0.2,41,7,2,3
0.7352941176470589,0.7142857142857143,0.8333333333333334,0.7692307692307693,0.8333333333333334,0.8268398268398269,0.3834944486836129,0.2,41,8,2,3
0.7352941176470589,0.7142857142857143,0.8333333333333334,0.7692307692307693,0.8333333333333334,0.8268398268398269,0.3834944486836129,0.2,41,9,2,3
0.7352941176470589,0.7142857142857143,0.8333333333333334,0.7692307692307693,0.8333333333333334,0.8268398268398269,0.3834944486836129,0.2,41,10,2,3
0.7352941176470589,0.7142857142857143,0.8333333333333334,0.7692307692307693,0.8333333333333334,0.8268398268398269,0.3834944486836129,0.2,41,11,2,3
0.7352941176470589,0.7142857142857143,0.8333333333333334,0.7692307692307693,0.8333333333333334,0.8268398268398269,0.3834944486836129,0.2,41,12,2,3
0.7352941176470589,0.7142857142857143,0.8333333333333334,0.7692307692307693,0.8333333333333334,0.8268398268398269,0.3834944486836129,0.2,41,13,2,3
0.7352941176470589,0.7142857142857143,0.8333333333333334,0.7692307692307693,0.8333333333333334,0.8268398268398269,0.3834944486836129,0.2,41,14,2,3
0.7352941176470589,0.7142857142857143,0.8333333333333334,0.7692307692307693,0.8333333333333334,0.8268398268398269,0.3834944486836129,0.2,41,15,2,3
0.7352941176470589,0.7142857142857143,0.8333333333333334,0.7692307692307693,0.8333333333333334,0.8268398268398269,0.3834944486836129,0.2,42,5,2,3
0.7352941176470589,0.7142857142857143,0.8333333333333334,0.7692307692307693,0.8333333333333334,0.8268398268398269,0.3834944486836129,0.2,42,6,2,3
0.7352941176470589,0.7142857142857143,0.8333333333333334,0.7692307692307693,0.8333333333333334,0.8268398268398269,0.3834944486836129,0.2,42,7,2,3
0.7352941176470589,0.7142857142857143,0.8333333333333334,0.7692307692307693,0.8333333333333334,0.8268398268398269,0.3834944486836129,0.2,42,8,2,3
0.7352941176470589,0.7142857142857143,0.8333333333333334,0.7692307692307693,0.8333333333333334,0.8268398268398269,0.3834944486836129,0.2,42,9,2,3
0.7352941176470589,0.7142857142857143,0.8333333333333334,0.7692307692307693,0.8333333333333334,0.8268398268398269,0.3834944486836129,0.2,42,10,2,3
0.7352941176470589,0.7142857142857143,0.8333333333333334,0.7692307692307693,0.8333333333333334,0.8268398268398269,0.3834944486836129,0.2,42,11,2,3
0.7352941176470589,0.7142857142857143,0.8333333333333334,0.7692307692307693,0.8333333333333334,0.8268398268398269,0.3834944486836129,0.2,42,12,2,3
0.7352941176470589,0.7142857142857143,0.8333333333333334,0.7692307692307693,0.8333333333333334,0.8268398268398269,0.3834944486836129,0.2,42,13,2,3
0.7352941176470589,0.7142857142857143,0.8333333333333334,0.7692307692307693,0.8333333333333334,0.8268398268398269,0.3834944486836129,0.2,42,14,2,3
0.7352941176470589,0.7142857142857143,0.8333333333333334,0.7692307692307693,0.8333333333333334,0.8268398268398269,0.3834944486836129,0.2,42,15,2,3
0.7352941176470589,0.7142857142857143,0.8333333333333334,0.7692307692307693,0.8333333333333334,0.8268398268398269,0.3834944486836129,0.2,43,5,2,3
0.7352941176470589,0.7142857142857143,0.8333333333333334,0.7692307692307693,0.8333333333333334,0.8268398268398269,0.3834944486836129,0.2,43,6,2,3
0.7352941176470589,0.7142857142857143,0.8333333333333334,0.7692307692307693,0.8333333333333334,0.8268398268398269,0.3834944486836129,0.2,43,7,2,3
0.7352941176470589,0.7142857142857143,0.8333333333333334,0.7692307692307693,0.8333333333333334,0.8268398268398269,0.3834944486836129,0.2,43,8,2,3
0.7352941176470589,0.7142857142857143,0.8333333333333334,0.7692307692307693,0.8333333333333334,0.8268398268398269,0.3834944486836129,0.2,43,9,2,3
0.7352941176470589,0.7142857142857143,0.8333333333333334,0.7692307692307693,0.8333333333333334,0.8268398268398269,0.3834944486836129,0.2,43,10,2,3
0.7352941176470589,0.7142857142857143,0.8333333333333334,0.7692307692307693,0.8333333333333334,0.8268398268398269,0.3834944486836129,0.2,43,11,2,3
0.7352941176470589,0.7142857142857143,0.8333333333333334,0.7692307692307693,0.8333333333333334,0.8268398268398269,0.3834944486836129,0.2,43,12,2,3
0.7352941176470589,0.7142857142857143,0.8333333333333334,0.7692307692307693,0.8333333333333334,0.8268398268398269,0.3834944486836129,0.2,43,13,2,3
0.7352941176470589,0.7142857142857143,0.8333333333333334,0.7692307692307693,0.8333333333333334,0.8268398268398269,0.3834944486836129,0.2,43,14,2,3
0.7352941176470589,0.7142857142857143,0.8333333333333334,0.7692307692307693,0.8333333333333334,0.8268398268398269,0.3834944486836129,0.2,43,15,2,3
0.7352941176470589,0.7142857142857143,0.8333333333333334,0.7692307692307693,0.8333333333333334,0.8268398268398269,0.3834944486836129,0.2,44,5,2,3
0.7352941176470589,0.7142857142857143,0.8333333333333334,0.7692307692307693,0.8333333333333334,0.8268398268398269,0.3834944486836129,0.2,44,6,2,3
0.7352941176470589,0.7142857142857143,0.8333333333333334,0.7692307692307693,0.8333333333333334,0.8268398268398269,0.3834944486836129,0.2,44,7,2,3
0.7352941176470589,0.7142857142857143,0.8333333333333334,0.7692307692307693,0.8333333333333334,0.8268398268398269,0.3834944486836129,0.2,44,8,2,3
0.7352941176470589,0.7142857142857143,0.8333333333333334,0.7692307692307693,0.8333333333333334,0.8268398268398269,0.3834944486836129,0.2,44,9,2,3
0.7352941176470589,0.7142857142857143,0.8333333333333334,0.7692307692307693,0.8333333333333334,0.8268398268398269,0.3834944486836129,0.2,44,10,2,3
0.7352941176470589,0.7142857142857143,0.8333333333333334,0.7692307692307693,0.8333333333333334,0.8268398268398269,0.3834944486836129,0.2,44,11,2,3
0.7352941176470589,0.7142857142857143,0.8333333333333334,0.7692307692307693,0.8333333333333334,0.8268398268398269,0.3834944486836129,0.2,44,12,2,3
0.7352941176470589,0.7142857142857143,0.8333333333333334,0.7692307692307693,0.8333333333333334,0.8268398268398269,0.3834944486836129,0.2,44,13,2,3
0.7352941176470589,0.7142857142857143,0.8333333333333334,0.7692307692307693,0.8333333333333334,0.8268398268398269,0.3834944486836129,0.2,44,14,2,3
0.7352941176470589,0.7142857142857143,0.8333333333333334,0.7692307692307693,0.8333333333333334,0.8268398268398269,0.3834944486836129,0.2,44,15,2,3
0.7352941176470589,0.7142857142857143,0.8333333333333334,0.7692307692307693,0.8333333333333334,0.8116883116883117,0.393333731078779,0.2,45,5,1,2
0.7352941176470589,0.7142857142857143,0.8333333333333334,0.7692307692307693,0.8333333333333334,0.8116883116883117,0.393333731078779,0.2,45,6,1,2
0.7352941176470589,0.7142857142857143,0.8333333333333334,0.7692307692307693,0.8333333333333334,0.8116883116883117,0.393333731078779,0.2,45,7,1,2
0.7352941176470589,0.7142857142857143,0.8333333333333334,0.7692307692307693,0.8333333333333334,0.8116883116883117,0.393333731078779,0.2,45,8,1,2
0.7352941176470589,0.7142857142857143,0.8333333333333334,0.7692307692307693,0.8333333333333334,0.8116883116883117,0.393333731078779,0.2,45,9,1,2
0.7352941176470589,0.7142857142857143,0.8333333333333334,0.7692307692307693,0.8333333333333334,0.8116883116883117,0.393333731078779,0.2,45,10,1,2
0.7352941176470589,0.7142857142857143,0.8333333333333334,0.7692307692307693,0.8333333333333334,0.8116883116883117,0.393333731078779,0.2,45,11,1,2
0.7352941176470589,0.7142857142857143,0.8333333333333334,0.7692307692307693,0.8333333333333334,0.8116883116883117,0.393333731078779,0.2,45,12,1,2
0.7352941176470589,0.7142857142857143,0.8333333333333334,0.7692307692307693,0.8333333333333334,0.8116883116883117,0.393333731078779,0.2,45,13,1,2
0.7352941176470589,0.7142857142857143,0.8333333333333334,0.7692307692307693,0.8333333333333334,0.8116883116883117,0.393333731078779,0.2,45,14,1,2
0.7352941176470589,0.7142857142857143,0.8333333333333334,0.7692307692307693,0.8333333333333334,0.8116883116883117,0.393333731078779,0.2,45,15,1,2
0.7352941176470589,0.7142857142857143,0.8333333333333334,0.7692307692307693,0.8333333333333334,0.8116883116883117,0.393333731078779,0.2,46,5,1,2
0.7352941176470589,0.7142857142857143,0.8333333333333334,0.7692307692307693,0.8333333333333334,0.8116883116883117,0.393333731078779,0.2,46,6,1,2
0.7352941176470589,0.7142857142857143,0.8333333333333334,0.7692307692307693,0.8333333333333334,0.8116883116883117,0.393333731078779,0.2,46,7,1,2
0.7352941176470589,0.7142857142857143,0.8333333333333334,0.7692307692307693,0.8333333333333334,0.8116883116883117,0.393333731078779,0.2,46,8,1,2
0.7352941176470589,0.7142857142857143,0.8333333333333334,0.7692307692307693,0.8333333333333334,0.8116883116883117,0.393333731078779,0.2,46,9,1,2
0.7352941176470589,0.7142857142857143,0.8333333333333334,0.7692307692307693,0.8333333333333334,0.8116883116883117,0.393333731078779,0.2,46,10,1,2
0.7352941176470589,0.7142857142857143,0.8333333333333334,0.7692307692307693,0.8333333333333334,0.8116883116883117,0.393333731078779,0.2,46,11,1,2
0.7352941176470589,0.7142857142857143,0.8333333333333334,0.7692307692307693,0.8333333333333334,0.8116883116883117,0.393333731078779,0.2,46,12,1,2
0.7352941176470589,0.7142857142857143,0.8333333333333334,0.7692307692307693,0.8333333333333334,0.8116883116883117,0.393333731078779,0.2,46,13,1,2
0.7352941176470589,0.7142857142857143,0.8333333333333334,0.7692307692307693,0.8333333333333334,0.8116883116883117,0.393333731078779,0.2,46,14,1,2
0.7352941176470589,0.7142857142857143,0.8333333333333334,0.7692307692307693,0.8333333333333334,0.8116883116883117,0.393333731078779,0.2,46,15,1,2
0.7352941176470589,0.7142857142857143,0.8333333333333334,0.7692307692307693,0.8333333333333334,0.8116883116883117,0.393333731078779,0.2,47,5,1,2
0.7352941176470589,0.7142857142857143,0.8333333333333334,0.7692307692307693,0.8333333333333334,0.8116883116883117,0.393333731078779,0.2,47,6,1,2
0.7352941176470589,0.7142857142857143,0.8333333333333334,0.7692307692307693,0.8333333333333334,0.8116883116883117,0.393333731078779,0.2,47,7,1,2
0.7352941176470589,0.7142857142857143,0.8333333333333334,0.7692307692307693,0.8333333333333334,0.8116883116883117,0.393333731078779,0.2,47,8,1,2
0.7352941176470589,0.7142857142857143,0.8333333333333334,0.7692307692307693,0.8333333333333334,0.8116883116883117,0.393333731078779,0.2,47,9,1,2
0.7352941176470589,0.7142857142857143,0.8333333333333334,0.7692307692307693,0.8333333333333334,0.8116883116883117,0.393333731078779,0.2,47,10,1,2
0.7352941176470589,0.7142857142857143,0.8333333333333334,0.7692307692307693,0.8333333333333334,0.8116883116883117,0.393333731078779,0.2,47,11,1,2
0.7352941176470589,0.7142857142857143,0.8333333333333334,0.7692307692307693,0.8333333333333334,0.8116883116883117,0.393333731078779,0.2,47,12,1,2
0.7352941176470589,0.7142857142857143,0.8333333333333334,0.7692307692307693,0.8333333333333334,0.8116883116883117,0.393333731078779,0.2,47,13,1,2
0.7352941176470589,0.7142857142857143,0.8333333333333334,0.7692307692307693,0.8333333333333334,0.8116883116883117,0.393333731078779,0.2,47,14,1,2
0.7352941176470589,0.7142857142857143,0.8333333333333334,0.7692307692307693,0.8333333333333334,0.8116883116883117,0.393333731078779,0.2,47,15,1,2
0.7352941176470589,0.7142857142857143,0.8333333333333334,0.7692307692307693,0.8333333333333334,0.8116883116883117,0.393333731078779,0.2,48,5,1,2
0.7352941176470589,0.7142857142857143,0.8333333333333334,0.7692307692307693,0.8333333333333334,0.8116883116883117,0.393333731078779,0.2,48,6,1,2
0.7352941176470589,0.7142857142857143,0.8333333333333334,0.7692307692307693,0.8333333333333334,0.8116883116883117,0.393333731078779,0.2,48,7,1,2
0.7352941176470589,0.7142857142857143,0.8333333333333334,0.7692307692307693,0.8333333333333334,0.8116883116883117,0.393333731078779,0.2,48,8,1,2
0.7352941176470589,0.7142857142857143,0.8333333333333334,0.7692307692307693,0.8333333333333334,0.8116883116883117,0.393333731078779,0.2,48,9,1,2
0.7352941176470589,0.7142857142857143,0.8333333333333334,0.7692307692307693,0.8333333333333334,0.8116883116883117,0.393333731078779,0.2,48,10,1,2
0.7352941176470589,0.7142857142857143,0.8333333333333334,0.7692307692307693,0.8333333333333334,0.8116883116883117,0.393333731078779,0.2,48,11,1,2
0.7352941176470589,0.7142857142857143,0.8333333333333334,0.7692307692307693,0.8333333333333334,0.8116883116883117,0.393333731078779,0.2,48,12,1,2
0.7352941176470589,0.7142857142857143,0.8333333333333334,0.7692307692307693,0.8333333333333334,0.8116883116883117,0.393333731078779,0.2,48,13,1,2
0.7352941176470589,0.7142857142857143,0.8333333333333334,0.7692307692307693,0.8333333333333334,0.8116883116883117,0.393333731078779,0.2,48,14,1,2
0.7352941176470589,0.7142857142857143,0.8333333333333334,0.7692307692307693,0.8333333333333334,0.8116883116883117,0.393333731078779,0.2,48,15,1,2
0.7352941176470589,0.7142857142857143,0.8333333333333334,0.7692307692307693,0.8333333333333334,0.8116883116883117,0.393333731078779,0.2,49,5,1,2
0.7352941176470589,0.7142857142857143,0.8333333333333334,0.7692307692307693,0.8333333333333334,0.8116883116883117,0.393333731078779,0.2,49,6,1,2
0.7352941176470589,0.7142857142857143,0.8333333333333334,0.7692307692307693,0.8333333333333334,0.8116883116883117,0.393333731078779,0.2,49,7,1,2
0.7352941176470589,0.7142857142857143,0.8333333333333334,0.7692307692307693,0.8333333333333334,0.8116883116883117,0.393333731078779,0.2,49,8,1,2
0.7352941176470589,0.7142857142857143,0.8333333333333334,0.7692307692307693,0.8333333333333334,0.8116883116883117,0.393333731078779,0.2,49,9,1,2
0.7352941176470589,0.7142857142857143,0.8333333333333334,0.7692307692307693,0.8333333333333334,0.8116883116883117,0.393333731078779,0.2,49,10,1,2
0.7352941176470589,0.7142857142857143,0.8333333333333334,0.7692307692307693,0.8333333333333334,0.8116883116883117,0.393333731078779,0.2,49,11,1,2
0.7352941176470589,0.7142857142857143,0.8333333333333334,0.7692307692307693,0.8333333333333334,0.8116883116883117,0.393333731078779,0.2,49,12,1,2
0.7352941176470589,0.7142857142857143,0.8333333333333334,0.7692307692307693,0.8333333333333334,0.8116883116883117,0.393333731078779,0.2,49,13,1,2
0.7352941176470589,0.7142857142857143,0.8333333333333334,0.7692307692307693,0.8333333333333334,0.8116883116883117,0.393333731078779,0.2,49,14,1,2
0.7352941176470589,0.7142857142857143,0.8333333333333334,0.7692307692307693,0.8333333333333334,0.8116883116883117,0.393333731078779,0.2,49,15,1,2
0.7352941176470589,0.7142857142857143,0.8333333333333334,0.7692307692307693,0.8333333333333334,0.8116883116883117,0.393333731078779,0.2,50,5,1,2
0.7352941176470589,0.7142857142857143,0.8333333333333334,0.7692307692307693,0.8333333333333334,0.8116883116883117,0.393333731078779,0.2,50,6,1,2
0.7352941176470589,0.7142857142857143,0.8333333333333334,0.7692307692307693,0.8333333333333334,0.8116883116883117,0.393333731078779,0.2,50,7,1,2
0.7352941176470589,0.7142857142857143,0.8333333333333334,0.7692307692307693,0.8333333333333334,0.8116883116883117,0.393333731078779,0.2,50,8,1,2
0.7352941176470589,0.7142857142857143,0.8333333333333334,0.7692307692307693,0.8333333333333334,0.8116883116883117,0.393333731078779,0.2,50,9,1,2
0.7352941176470589,0.7142857142857143,0.8333333333333334,0.7692307692307693,0.8333333333333334,0.8116883116883117,0.393333731078779,0.2,50,10,1,2
0.7352941176470589,0.7142857142857143,0.8333333333333334,0.7692307692307693,0.8333333333333334,0.8116883116883117,0.393333731078779,0.2,50,11,1,2
0.7352941176470589,0.7142857142857143,0.8333333333333334,0.7692307692307693,0.8333333333333334,0.8116883116883117,0.393333731078779,0.2,50,12,1,2
0.7352941176470589,0.7142857142857143,0.8333333333333334,0.7692307692307693,0.8333333333333334,0.8116883116883117,0.393333731078779,0.2,50,13,1,2
0.7352941176470589,0.7142857142857143,0.8333333333333334,0.7692307692307693,0.8333333333333334,0.8116883116883117,0.393333731078779,0.2,50,14,1,2
0.7352941176470589,0.7142857142857143,0.8333333333333334,0.7692307692307693,0.8333333333333334,0.8116883116883117,0.393333731078779,0.2,50,15,1,2
0.7352941176470589,0.7142857142857143,0.8333333333333334,0.7692307692307693,0.8333333333333334,0.8268398268398269,0.3834944486836129,0.25,31,5,2,3
0.7352941176470589,0.7142857142857143,0.8333333333333334,0.7692307692307693,0.8333333333333334,0.8268398268398269,0.3834944486836129,0.25,31,6,2,3
0.7352941176470589,0.7142857142857143,0.8333333333333334,0.7692307692307693,0.8333333333333334,0.8268398268398269,0.3834944486836129,0.25,31,7,2,3
0.7352941176470589,0.7142857142857143,0.8333333333333334,0.7692307692307693,0.8333333333333334,0.8268398268398269,0.3834944486836129,0.25,31,8,2,3
0.7352941176470589,0.7142857142857143,0.8333333333333334,0.7692307692307693,0.8333333333333334,0.8268398268398269,0.3834944486836129,0.25,31,9,2,3
0.7352941176470589,0.7142857142857143,0.8333333333333334,0.7692307692307693,0.8333333333333334,0.8268398268398269,0.3834944486836129,0.25,31,10,2,3
0.7352941176470589,0.7142857142857143,0.8333333333333334,0.7692307692307693,0.8333333333333334,0.8268398268398269,0.3834944486836129,0.25,31,11,2,3
0.7352941176470589,0.7142857142857143,0.8333333333333334,0.7692307692307693,0.8333333333333334,0.8268398268398269,0.3834944486836129,0.25,31,12,2,3
0.7352941176470589,0.7142857142857143,0.8333333333333334,0.7692307692307693,0.8333333333333334,0.8268398268398269,0.3834944486836129,0.25,31,13,2,3
0.7352941176470589,0.7142857142857143,0.8333333333333334,0.7692307692307693,0.8333333333333334,0.8268398268398269,0.3834944486836129,0.25,31,14,2,3
0.7352941176470589,0.7142857142857143,0.8333333333333334,0.7692307692307693,0.8333333333333334,0.8268398268398269,0.3834944486836129,0.25,31,15,2,3
0.7352941176470589,0.7142857142857143,0.8333333333333334,0.7692307692307693,0.8333333333333334,0.8268398268398269,0.3834944486836129,0.25,32,5,2,3
0.7352941176470589,0.7142857142857143,0.8333333333333334,0.7692307692307693,0.8333333333333334,0.8268398268398269,0.3834944486836129,0.25,32,6,2,3
0.7352941176470589,0.7142857142857143,0.8333333333333334,0.7692307692307693,0.8333333333333334,0.8268398268398269,0.3834944486836129,0.25,32,7,2,3
0.7352941176470589,0.7142857142857143,0.8333333333333334,0.7692307692307693,0.8333333333333334,0.8268398268398269,0.3834944486836129,0.25,32,8,2,3
0.7352941176470589,0.7142857142857143,0.8333333333333334,0.7692307692307693,0.8333333333333334,0.8268398268398269,0.3834944486836129,0.25,32,9,2,3
0.7352941176470589,0.7142857142857143,0.8333333333333334,0.7692307692307693,0.8333333333333334,0.8268398268398269,0.3834944486836129,0.25,32,10,2,3
0.7352941176470589,0.7142857142857143,0.8333333333333334,0.7692307692307693,0.8333333333333334,0.8268398268398269,0.3834944486836129,0.25,32,11,2,3
0.7352941176470589,0.7142857142857143,0.8333333333333334,0.7692307692307693,0.8333333333333334,0.8268398268398269,0.3834944486836129,0.25,32,12,2,3
0.7352941176470589,0.7142857142857143,0.8333333333333334,0.7692307692307693,0.8333333333333334,0.8268398268398269,0.3834944486836129,0.25,32,13,2,3
0.7352941176470589,0.7142857142857143,0.8333333333333334,0.7692307692307693,0.8333333333333334,0.8268398268398269,0.3834944486836129,0.25,32,14,2,3
0.7352941176470589,0.7142857142857143,0.8333333333333334,0.7692307692307693,0.8333333333333334,0.8268398268398269,0.3834944486836129,0.25,32,15,2,3
0.7352941176470589,0.7142857142857143,0.8333333333333334,0.7692307692307693,0.8333333333333334,0.8268398268398269,0.3834944486836129,0.25,33,5,2,3
0.7352941176470589,0.7142857142857143,0.8333333333333334,0.7692307692307693,0.8333333333333334,0.8268398268398269,0.3834944486836129,0.25,33,6,2,3
0.7352941176470589,0.7142857142857143,0.8333333333333334,0.7692307692307693,0.8333333333333334,0.8268398268398269,0.3834944486836129,0.25,33,7,2,3
0.7352941176470589,0.7142857142857143,0.8333333333333334,0.7692307692307693,0.8333333333333334,0.8268398268398269,0.3834944486836129,0.25,33,8,2,3
0.7352941176470589,0.7142857142857143,0.8333333333333334,0.7692307692307693,0.8333333333333334,0.8268398268398269,0.3834944486836129,0.25,33,9,2,3
0.7352941176470589,0.7142857142857143,0.8333333333333334,0.7692307692307693,0.8333333333333334,0.8268398268398269,0.3834944486836129,0.25,33,10,2,3
0.7352941176470589,0.7142857142857143,0.8333333333333334,0.7692307692307693,0.8333333333333334,0.8268398268398269,0.3834944486836129,0.25,33,11,2,3
0.7352941176470589,0.7142857142857143,0.8333333333333334,0.7692307692307693,0.8333333333333334,0.8268398268398269,0.3834944486836129,0.25,33,12,2,3
0.7352941176470589,0.7142857142857143,0.8333333333333334,0.7692307692307693,0.8333333333333334,0.8268398268398269,0.3834944486836129,0.25,33,13,2,3
0.7352941176470589,0.7142857142857143,0.8333333333333334,0.7692307692307693,0.8333333333333334,0.8268398268398269,0.3834944486836129,0.25,33,14,2,3
0.7352941176470589,0.7142857142857143,0.8333333333333334,0.7692307692307693,0.8333333333333334,0.8268398268398269,0.3834944486836129,0.25,33,15,2,3
0.7352941176470589,0.7142857142857143,0.8333333333333334,0.7692307692307693,0.8333333333333334,0.8268398268398269,0.3834944486836129,0.25,34,5,2,3
0.7352941176470589,0.7142857142857143,0.8333333333333334,0.7692307692307693,0.8333333333333334,0.8268398268398269,0.3834944486836129,0.25,34,6,2,3
0.7352941176470589,0.7142857142857143,0.8333333333333334,0.7692307692307693,0.8333333333333334,0.8268398268398269,0.3834944486836129,0.25,34,7,2,3
0.7352941176470589,0.7142857142857143,0.8333333333333334,0.7692307692307693,0.8333333333333334,0.8268398268398269,0.3834944486836129,0.25,34,8,2,3
0.7352941176470589,0.7142857142857143,0.8333333333333334,0.7692307692307693,0.8333333333333334,0.8268398268398269,0.3834944486836129,0.25,34,9,2,3
0.7352941176470589,0.7142857142857143,0.8333333333333334,0.7692307692307693,0.8333333333333334,0.8268398268398269,0.3834944486836129,0.25,34,10,2,3
0.7352941176470589,0.7142857142857143,0.8333333333333334,0.7692307692307693,0.8333333333333334,0.8268398268398269,0.3834944486836129,0.25,34,11,2,3
0.7352941176470589,0.7142857142857143,0.8333333333333334,0.7692307692307693,0.8333333333333334,0.8268398268398269,0.3834944486836129,0.25,34,12,2,3
0.7352941176470589,0.7142857142857143,0.8333333333333334,0.7692307692307693,0.8333333333333334,0.8268398268398269,0.3834944486836129,0.25,34,13,2,3
0.7352941176470589,0.7142857142857143,0.8333333333333334,0.7692307692307693,0.8333333333333334,0.8268398268398269,0.3834944486836129,0.25,34,14,2,3
0.7352941176470589,0.7142857142857143,0.8333333333333334,0.7692307692307693,0.8333333333333334,0.8268398268398269,0.3834944486836129,0.25,34,15,2,3
0.7352941176470589,0.7142857142857143,0.8333333333333334,0.7692307692307693,0.8333333333333334,0.8268398268398269,0.3834944486836129,0.25,35,5,2,3
0.7352941176470589,0.7142857142857143,0.8333333333333334,0.7692307692307693,0.8333333333333334,0.8268398268398269,0.3834944486836129,0.25,35,6,2,3
0.7352941176470589,0.7142857142857143,0.8333333333333334,0.7692307692307693,0.8333333333333334,0.8268398268398269,0.3834944486836129,0.25,35,7,2,3
0.7352941176470589,0.7142857142857143,0.8333333333333334,0.7692307692307693,0.8333333333333334,0.8268398268398269,0.3834944486836129,0.25,35,8,2,3
0.7352941176470589,0.7142857142857143,0.8333333333333334,0.7692307692307693,0.8333333333333334,0.8268398268398269,0.3834944486836129,0.25,35,9,2,3
0.7352941176470589,0.7142857142857143,0.8333333333333334,0.7692307692307693,0.8333333333333334,0.8268398268398269,0.3834944486836129,0.25,35,10,2,3
0.7352941176470589,0.7142857142857143,0.8333333333333334,0.7692307692307693,0.8333333333333334,0.8268398268398269,0.3834944486836129,0.25,35,11,2,3
0.7352941176470589,0.7142857142857143,0.8333333333333334,0.7692307692307693,0.8333333333333334,0.8268398268398269,0.3834944486836129,0.25,35,12,2,3
0.7352941176470589,0.7142857142857143,0.8333333333333334,0.7692307692307693,0.8333333333333334,0.8268398268398269,0.3834944486836129,0.25,35,13,2,3
0.7352941176470589,0.7142857142857143,0.8333333333333334,0.7692307692307693,0.8333333333333334,0.8268398268398269,0.3834944486836129,0.25,35,14,2,3
0.7352941176470589,0.7142857142857143,0.8333333333333334,0.7692307692307693,0.8333333333333334,0.8268398268398269,0.3834944486836129,0.25,35,15,2,3
0.7352941176470589,0.7142857142857143,0.8333333333333334,0.7692307692307693,0.8333333333333334,0.8268398268398269,0.3834944486836129,0.25,36,5,2,3
0.7352941176470589,0.7142857142857143,0.8333333333333334,0.7692307692307693,0.8333333333333334,0.8268398268398269,0.3834944486836129,0.25,36,6,2,3
0.7352941176470589,0.7142857142857143,0.8333333333333334,0.7692307692307693,0.8333333333333334,0.8268398268398269,0.3834944486836129,0.25,36,7,2,3
0.7352941176470589,0.7142857142857143,0.8333333333333334,0.7692307692307693,0.8333333333333334,0.8268398268398269,0.3834944486836129,0.25,36,8,2,3
0.7352941176470589,0.7142857142857143,0.8333333333333334,0.7692307692307693,0.8333333333333334,0.8268398268398269,0.3834944486836129,0.25,36,9,2,3
0.7352941176470589,0.7142857142857143,0.8333333333333334,0.7692307692307693,0.8333333333333334,0.8268398268398269,0.3834944486836129,0.25,36,10,2,3
0.7352941176470589,0.7142857142857143,0.8333333333333334,0.7692307692307693,0.8333333333333334,0.8268398268398269,0.3834944486836129,0.25,36,11,2,3
0.7352941176470589,0.7142857142857143,0.8333333333333334,0.7692307692307693,0.8333333333333334,0.8268398268398269,0.3834944486836129,0.25,36,12,2,3
0.7352941176470589,0.7142857142857143,0.8333333333333334,0.7692307692307693,0.8333333333333334,0.8268398268398269,0.3834944486836129,0.25,36,13,2,3
0.7352941176470589,0.7142857142857143,0.8333333333333334,0.7692307692307693,0.8333333333333334,0.8268398268398269,0.3834944486836129,0.25,36,14,2,3
0.7352941176470589,0.7142857142857143,0.8333333333333334,0.7692307692307693,0.8333333333333334,0.8268398268398269,0.3834944486836129,0.25,36,15,2,3
0.7352941176470589,0.7142857142857143,0.8333333333333334,0.7692307692307693,0.8333333333333334,0.8268398268398269,0.3834944486836129,0.25,37,5,2,3
0.7352941176470589,0.7142857142857143,0.8333333333333334,0.7692307692307693,0.8333333333333334,0.8268398268398269,0.3834944486836129,0.25,37,6,2,3
0.7352941176470589,0.7142857142857143,0.8333333333333334,0.7692307692307693,0.8333333333333334,0.8268398268398269,0.3834944486836129,0.25,37,7,2,3
0.7352941176470589,0.7142857142857143,0.8333333333333334,0.7692307692307693,0.8333333333333334,0.8268398268398269,0.3834944486836129,0.25,37,8,2,3
0.7352941176470589,0.7142857142857143,0.8333333333333334,0.7692307692307693,0.8333333333333334,0.8268398268398269,0.3834944486836129,0.25,37,9,2,3
0.7352941176470589,0.7142857142857143,0.8333333333333334,0.7692307692307693,0.8333333333333334,0.8268398268398269,0.3834944486836129,0.25,37,10,2,3
0.7352941176470589,0.7142857142857143,0.8333333333333334,0.7692307692307693,0.8333333333333334,0.8268398268398269,0.3834944486836129,0.25,37,11,2,3
0.7352941176470589,0.7142857142857143,0.8333333333333334,0.7692307692307693,0.8333333333333334,0.8268398268398269,0.3834944486836129,0.25,37,12,2,3
0.7352941176470589,0.7142857142857143,0.8333333333333334,0.7692307692307693,0.8333333333333334,0.8268398268398269,0.3834944486836129,0.25,37,13,2,3
0.7352941176470589,0.7142857142857143,0.8333333333333334,0.7692307692307693,0.8333333333333334,0.8268398268398269,0.3834944486836129,0.25,37,14,2,3
0.7352941176470589,0.7142857142857143,0.8333333333333334,0.7692307692307693,0.8333333333333334,0.8268398268398269,0.3834944486836129,0.25,37,15,2,3
0.7352941176470589,0.7142857142857143,0.8333333333333334,0.7692307692307693,0.8333333333333334,0.8268398268398269,0.3834944486836129,0.25,38,5,2,3
0.7352941176470589,0.7142857142857143,0.8333333333333334,0.7692307692307693,0.8333333333333334,0.8268398268398269,0.3834944486836129,0.25,38,6,2,3
0.7352941176470589,0.7142857142857143,0.8333333333333334,0.7692307692307693,0.8333333333333334,0.8268398268398269,0.3834944486836129,0.25,38,7,2,3
0.7352941176470589,0.7142857142857143,0.8333333333333334,0.7692307692307693,0.8333333333333334,0.8268398268398269,0.3834944486836129,0.25,38,8,2,3
0.7352941176470589,0.7142857142857143,0.8333333333333334,0.7692307692307693,0.8333333333333334,0.8268398268398269,0.3834944486836129,0.25,38,9,2,3
0.7352941176470589,0.7142857142857143,0.8333333333333334,0.7692307692307693,0.8333333333333334,0.8268398268398269,0.3834944486836129,0.25,38,10,2,3
0.7352941176470589,0.7142857142857143,0.8333333333333334,0.7692307692307693,0.8333333333333334,0.8268398268398269,0.3834944486836129,0.25,38,11,2,3
0.7352941176470589,0.7142857142857143,0.8333333333333334,0.7692307692307693,0.8333333333333334,0.8268398268398269,0.3834944486836129,0.25,38,12,2,3
0.7352941176470589,0.7142857142857143,0.8333333333333334,0.7692307692307693,0.8333333333333334,0.8268398268398269,0.3834944486836129,0.25,38,13,2,3
0.7352941176470589,0.7142857142857143,0.8333333333333334,0.7692307692307693,0.8333333333333334,0.8268398268398269,0.3834944486836129,0.25,38,14,2,3
0.7352941176470589,0.7142857142857143,0.8333333333333334,0.7692307692307693,0.8333333333333334,0.8268398268398269,0.3834944486836129,0.25,38,15,2,3
0.7352941176470589,0.7142857142857143,0.8333333333333334,0.7692307692307693,0.8333333333333334,0.8268398268398269,0.3834944486836129,0.25,39,5,2,3
0.7352941176470589,0.7142857142857143,0.8333333333333334,0.7692307692307693,0.8333333333333334,0.8268398268398269,0.3834944486836129,0.25,39,6,2,3
0.7352941176470589,0.7142857142857143,0.8333333333333334,0.7692307692307693,0.8333333333333334,0.8268398268398269,0.3834944486836129,0.25,39,7,2,3
0.7352941176470589,0.7142857142857143,0.8333333333333334,0.7692307692307693,0.8333333333333334,0.8268398268398269,0.3834944486836129,0.25,39,8,2,3
0.7352941176470589,0.7142857142857143,0.8333333333333334,0.7692307692307693,0.8333333333333334,0.8268398268398269,0.3834944486836129,0.25,39,9,2,3
0.7352941176470589,0.7142857142857143,0.8333333333333334,0.7692307692307693,0.8333333333333334,0.8268398268398269,0.3834944486836129,0.25,39,10,2,3
0.7352941176470589,0.7142857142857143,0.8333333333333334,0.7692307692307693,0.8333333333333334,0.8268398268398269,0.3834944486836129,0.25,39,11,2,3
0.7352941176470589,0.7142857142857143,0.8333333333333334,0.7692307692307693,0.8333333333333334,0.8268398268398269,0.3834944486836129,0.25,39,12,2,3
0.7352941176470589,0.7142857142857143,0.8333333333333334,0.7692307692307693,0.8333333333333334,0.8268398268398269,0.3834944486836129,0.25,39,13,2,3
0.7352941176470589,0.7142857142857143,0.8333333333333334,0.7692307692307693,0.8333333333333334,0.8268398268398269,0.3834944486836129,0.25,39,14,2,3
0.7352941176470589,0.7142857142857143,0.8333333333333334,0.7692307692307693,0.8333333333333334,0.8268398268398269,0.3834944486836129,0.25,39,15,2,3
0.7352941176470589,0.7142857142857143,0.8333333333333334,0.7692307692307693,0.8333333333333334,0.8268398268398269,0.3834944486836129,0.25,40,5,2,3
0.7352941176470589,0.7142857142857143,0.8333333333333334,0.7692307692307693,0.8333333333333334,0.8268398268398269,0.3834944486836129,0.25,40,6,2,3
0.7352941176470589,0.7142857142857143,0.8333333333333334,0.7692307692307693,0.8333333333333334,0.8268398268398269,0.3834944486836129,0.25,40,7,2,3
0.7352941176470589,0.7142857142857143,0.8333333333333334,0.7692307692307693,0.8333333333333334,0.8268398268398269,0.3834944486836129,0.25,40,8,2,3
0.7352941176470589,0.7142857142857143,0.8333333333333334,0.7692307692307693,0.8333333333333334,0.8268398268398269,0.3834944486836129,0.25,40,9,2,3
0.7352941176470589,0.7142857142857143,0.8333333333333334,0.7692307692307693,0.8333333333333334,0.8268398268398269,0.3834944486836129,0.25,40,10,2,3
0.7352941176470589,0.7142857142857143,0.8333333333333334,0.7692307692307693,0.8333333333333334,0.8268398268398269,0.3834944486836129,0.25,40,11,2,3
0.7352941176470589,0.7142857142857143,0.8333333333333334,0.7692307692307693,0.8333333333333334,0.8268398268398269,0.3834944486836129,0.25,40,12,2,3
0.7352941176470589,0.7142857142857143,0.8333333333333334,0.7692307692307693,0.8333333333333334,0.8268398268398269,0.3834944486836129,0.25,40,13,2,3
0.7352941176470589,0.7142857142857143,0.8333333333333334,0.7692307692307693,0.8333333333333334,0.8268398268398269,0.3834944486836129,0.25,40,14,2,3
0.7352941176470589,0.7142857142857143,0.8333333333333334,0.7692307692307693,0.8333333333333334,0.8268398268398269,0.3834944486836129,0.25,40,15,2,3
0.7352941176470589,0.7142857142857143,0.8333333333333334,0.7692307692307693,0.8333333333333334,0.8268398268398269,0.3834944486836129,0.25,41,5,2,3
0.7352941176470589,0.7142857142857143,0.8333333333333334,0.7692307692307693,0.8333333333333334,0.8268398268398269,0.3834944486836129,0.25,41,6,2,3
0.7352941176470589,0.7142857142857143,0.8333333333333334,0.7692307692307693,0.8333333333333334,0.8268398268398269,0.3834944486836129,0.25,41,7,2,3
0.7352941176470589,0.7142857142857143,0.8333333333333334,0.7692307692307693,0.8333333333333334,0.8268398268398269,0.3834944486836129,0.25,41,8,2,3
0.7352941176470589,0.7142857142857143,0.8333333333333334,0.7692307692307693,0.8333333333333334,0.8268398268398269,0.3834944486836129,0.25,41,9,2,3
0.7352941176470589,0.7142857142857143,0.8333333333333334,0.7692307692307693,0.8333333333333334,0.8268398268398269,0.3834944486836129,0.25,41,10,2,3
0.7352941176470589,0.7142857142857143,0.8333333333333334,0.7692307692307693,0.8333333333333334,0.8268398268398269,0.3834944486836129,0.25,41,11,2,3
0.7352941176470589,0.7142857142857143,0.8333333333333334,0.7692307692307693,0.8333333333333334,0.8268398268398269,0.3834944486836129,0.25,41,12,2,3
0.7352941176470589,0.7142857142857143,0.8333333333333334,0.7692307692307693,0.8333333333333334,0.8268398268398269,0.3834944486836129,0.25,41,13,2,3
0.7352941176470589,0.7142857142857143,0.8333333333333334,0.7692307692307693,0.8333333333333334,0.8268398268398269,0.3834944486836129,0.25,41,14,2,3
0.7352941176470589,0.7142857142857143,0.8333333333333334,0.7692307692307693,0.8333333333333334,0.8268398268398269,0.3834944486836129,0.25,41,15,2,3
0.7352941176470589,0.7142857142857143,0.8333333333333334,0.7692307692307693,0.8333333333333334,0.8268398268398269,0.3834944486836129,0.25,42,5,2,3
0.7352941176470589,0.7142857142857143,0.8333333333333334,0.7692307692307693,0.8333333333333334,0.8268398268398269,0.3834944486836129,0.25,42,6,2,3
0.7352941176470589,0.7142857142857143,0.8333333333333334,0.7692307692307693,0.8333333333333334,0.8268398268398269,0.3834944486836129,0.25,42,7,2,3
0.7352941176470589,0.7142857142857143,0.8333333333333334,0.7692307692307693,0.8333333333333334,0.8268398268398269,0.3834944486836129,0.25,42,8,2,3
0.7352941176470589,0.7142857142857143,0.8333333333333334,0.7692307692307693,0.8333333333333334,0.8268398268398269,0.3834944486836129,0.25,42,9,2,3
0.7352941176470589,0.7142857142857143,0.8333333333333334,0.7692307692307693,0.8333333333333334,0.8268398268398269,0.3834944486836129,0.25,42,10,2,3
0.7352941176470589,0.7142857142857143,0.8333333333333334,0.7692307692307693,0.8333333333333334,0.8268398268398269,0.3834944486836129,0.25,42,11,2,3
0.7352941176470589,0.7142857142857143,0.8333333333333334,0.7692307692307693,0.8333333333333334,0.8268398268398269,0.3834944486836129,0.25,42,12,2,3
0.7352941176470589,0.7142857142857143,0.8333333333333334,0.7692307692307693,0.8333333333333334,0.8268398268398269,0.3834944486836129,0.25,42,13,2,3
0.7352941176470589,0.7142857142857143,0.8333333333333334,0.7692307692307693,0.8333333333333334,0.8268398268398269,0.3834944486836129,0.25,42,14,2,3
0.7352941176470589,0.7142857142857143,0.8333333333333334,0.7692307692307693,0.8333333333333334,0.8268398268398269,0.3834944486836129,0.25,42,15,2,3
0.7352941176470589,0.7142857142857143,0.8333333333333334,0.7692307692307693,0.8333333333333334,0.8268398268398269,0.3834944486836129,0.25,43,5,2,3
0.7352941176470589,0.7142857142857143,0.8333333333333334,0.7692307692307693,0.8333333333333334,0.8268398268398269,0.3834944486836129,0.25,43,6,2,3
0.7352941176470589,0.7142857142857143,0.8333333333333334,0.7692307692307693,0.8333333333333334,0.8268398268398269,0.3834944486836129,0.25,43,7,2,3
0.7352941176470589,0.7142857142857143,0.8333333333333334,0.7692307692307693,0.8333333333333334,0.8268398268398269,0.3834944486836129,0.25,43,8,2,3
0.7352941176470589,0.7142857142857143,0.8333333333333334,0.7692307692307693,0.8333333333333334,0.8268398268398269,0.3834944486836129,0.25,43,9,2,3
0.7352941176470589,0.7142857142857143,0.8333333333333334,0.7692307692307693,0.8333333333333334,0.8268398268398269,0.3834944486836129,0.25,43,10,2,3
0.7352941176470589,0.7142857142857143,0.8333333333333334,0.7692307692307693,0.8333333333333334,0.8268398268398269,0.3834944486836129,0.25,43,11,2,3
0.7352941176470589,0.7142857142857143,0.8333333333333334,0.7692307692307693,0.8333333333333334,0.8268398268398269,0.3834944486836129,0.25,43,12,2,3
0.7352941176470589,0.7142857142857143,0.8333333333333334,0.7692307692307693,0.8333333333333334,0.8268398268398269,0.3834944486836129,0.25,43,13,2,3
0.7352941176470589,0.7142857142857143,0.8333333333333334,0.7692307692307693,0.8333333333333334,0.8268398268398269,0.3834944486836129,0.25,43,14,2,3
0.7352941176470589,0.7142857142857143,0.8333333333333334,0.7692307692307693,0.8333333333333334,0.8268398268398269,0.3834944486836129,0.25,43,15,2,3
0.7352941176470589,0.7142857142857143,0.8333333333333334,0.7692307692307693,0.8333333333333334,0.8268398268398269,0.3834944486836129,0.25,44,5,2,3
0.7352941176470589,0.7142857142857143,0.8333333333333334,0.7692307692307693,0.8333333333333334,0.8268398268398269,0.3834944486836129,0.25,44,6,2,3
0.7352941176470589,0.7142857142857143,0.8333333333333334,0.7692307692307693,0.8333333333333334,0.8268398268398269,0.3834944486836129,0.25,44,7,2,3
0.7352941176470589,0.7142857142857143,0.8333333333333334,0.7692307692307693,0.8333333333333334,0.8268398268398269,0.3834944486836129,0.25,44,8,2,3
0.7352941176470589,0.7142857142857143,0.8333333333333334,0.7692307692307693,0.8333333333333334,0.8268398268398269,0.3834944486836129,0.25,44,9,2,3
0.7352941176470589,0.7142857142857143,0.8333333333333334,0.7692307692307693,0.8333333333333334,0.8268398268398269,0.3834944486836129,0.25,44,10,2,3
0.7352941176470589,0.7142857142857143,0.8333333333333334,0.7692307692307693,0.8333333333333334,0.8268398268398269,0.3834944486836129,0.25,44,11,2,3
0.7352941176470589,0.7142857142857143,0.8333333333333334,0.7692307692307693,0.8333333333333334,0.8268398268398269,0.3834944486836129,0.25,44,12,2,3
0.7352941176470589,0.7142857142857143,0.8333333333333334,0.7692307692307693,0.8333333333333334,0.8268398268398269,0.3834944486836129,0.25,44,13,2,3
0.7352941176470589,0.7142857142857143,0.8333333333333334,0.7692307692307693,0.8333333333333334,0.8268398268398269,0.3834944486836129,0.25,44,14,2,3
0.7352941176470589,0.7142857142857143,0.8333333333333334,0.7692307692307693,0.8333333333333334,0.8268398268398269,0.3834944486836129,0.25,44,15,2,3
0.7352941176470589,0.7142857142857143,0.8333333333333334,0.7692307692307693,0.8333333333333334,0.8116883116883117,0.393333731078779,0.25,45,5,1,2
0.7352941176470589,0.7142857142857143,0.8333333333333334,0.7692307692307693,0.8333333333333334,0.8116883116883117,0.393333731078779,0.25,45,6,1,2
0.7352941176470589,0.7142857142857143,0.8333333333333334,0.7692307692307693,0.8333333333333334,0.8116883116883117,0.393333731078779,0.25,45,7,1,2
0.7352941176470589,0.7142857142857143,0.8333333333333334,0.7692307692307693,0.8333333333333334,0.8116883116883117,0.393333731078779,0.25,45,8,1,2
0.7352941176470589,0.7142857142857143,0.8333333333333334,0.7692307692307693,0.8333333333333334,0.8116883116883117,0.393333731078779,0.25,45,9,1,2
0.7352941176470589,0.7142857142857143,0.8333333333333334,0.7692307692307693,0.8333333333333334,0.8116883116883117,0.393333731078779,0.25,45,10,1,2
0.7352941176470589,0.7142857142857143,0.8333333333333334,0.7692307692307693,0.8333333333333334,0.8116883116883117,0.393333731078779,0.25,45,11,1,2
0.7352941176470589,0.7142857142857143,0.8333333333333334,0.7692307692307693,0.8333333333333334,0.8116883116883117,0.393333731078779,0.25,45,12,1,2
0.7352941176470589,0.7142857142857143,0.8333333333333334,0.7692307692307693,0.8333333333333334,0.8116883116883117,0.393333731078779,0.25,45,13,1,2
0.7352941176470589,0.7142857142857143,0.8333333333333334,0.7692307692307693,0.8333333333333334,0.8116883116883117,0.393333731078779,0.25,45,14,1,2
0.7352941176470589,0.7142857142857143,0.8333333333333334,0.7692307692307693,0.8333333333333334,0.8116883116883117,0.393333731078779,0.25,45,15,1,2
0.7352941176470589,0.7142857142857143,0.8333333333333334,0.7692307692307693,0.8333333333333334,0.8116883116883117,0.393333731078779,0.25,46,5,1,2
0.7352941176470589,0.7142857142857143,0.8333333333333334,0.7692307692307693,0.8333333333333334,0.8116883116883117,0.393333731078779,0.25,46,6,1,2
0.7352941176470589,0.7142857142857143,0.8333333333333334,0.7692307692307693,0.8333333333333334,0.8116883116883117,0.393333731078779,0.25,46,7,1,2
0.7352941176470589,0.7142857142857143,0.8333333333333334,0.7692307692307693,0.8333333333333334,0.8116883116883117,0.393333731078779,0.25,46,8,1,2
0.7352941176470589,0.7142857142857143,0.8333333333333334,0.7692307692307693,0.8333333333333334,0.8116883116883117,0.393333731078779,0.25,46,9,1,2
0.7352941176470589,0.7142857142857143,0.8333333333333334,0.7692307692307693,0.8333333333333334,0.8116883116883117,0.393333731078779,0.25,46,10,1,2
0.7352941176470589,0.7142857142857143,0.8333333333333334,0.7692307692307693,0.8333333333333334,0.8116883116883117,0.393333731078779,0.25,46,11,1,2
0.7352941176470589,0.7142857142857143,0.8333333333333334,0.7692307692307693,0.8333333333333334,0.8116883116883117,0.393333731078779,0.25,46,12,1,2
0.7352941176470589,0.7142857142857143,0.8333333333333334,0.7692307692307693,0.8333333333333334,0.8116883116883117,0.393333731078779,0.25,46,13,1,2
0.7352941176470589,0.7142857142857143,0.8333333333333334,0.7692307692307693,0.8333333333333334,0.8116883116883117,0.393333731078779,0.25,46,14,1,2
0.7352941176470589,0.7142857142857143,0.8333333333333334,0.7692307692307693,0.8333333333333334,0.8116883116883117,0.393333731078779,0.25,46,15,1,2
0.7352941176470589,0.7142857142857143,0.8333333333333334,0.7692307692307693,0.8333333333333334,0.8116883116883117,0.393333731078779,0.25,47,5,1,2
0.7352941176470589,0.7142857142857143,0.8333333333333334,0.7692307692307693,0.8333333333333334,0.8116883116883117,0.393333731078779,0.25,47,6,1,2
0.7352941176470589,0.7142857142857143,0.8333333333333334,0.7692307692307693,0.8333333333333334,0.8116883116883117,0.393333731078779,0.25,47,7,1,2
0.7352941176470589,0.7142857142857143,0.8333333333333334,0.7692307692307693,0.8333333333333334,0.8116883116883117,0.393333731078779,0.25,47,8,1,2
0.7352941176470589,0.7142857142857143,0.8333333333333334,0.7692307692307693,0.8333333333333334,0.8116883116883117,0.393333731078779,0.25,47,9,1,2
0.7352941176470589,0.7142857142857143,0.8333333333333334,0.7692307692307693,0.8333333333333334,0.8116883116883117,0.393333731078779,0.25,47,10,1,2
0.7352941176470589,0.7142857142857143,0.8333333333333334,0.7692307692307693,0.8333333333333334,0.8116883116883117,0.393333731078779,0.25,47,11,1,2
0.7352941176470589,0.7142857142857143,0.8333333333333334,0.7692307692307693,0.8333333333333334,0.8116883116883117,0.393333731078779,0.25,47,12,1,2
0.7352941176470589,0.7142857142857143,0.8333333333333334,0.7692307692307693,0.8333333333333334,0.8116883116883117,0.393333731078779,0.25,47,13,1,2
0.7352941176470589,0.7142857142857143,0.8333333333333334,0.7692307692307693,0.8333333333333334,0.8116883116883117,0.393333731078779,0.25,47,14,1,2
0.7352941176470589,0.7142857142857143,0.8333333333333334,0.7692307692307693,0.8333333333333334,0.8116883116883117,0.393333731078779,0.25,47,15,1,2
0.7352941176470589,0.7142857142857143,0.8333333333333334,0.7692307692307693,0.8333333333333334,0.8116883116883117,0.393333731078779,0.25,48,5,1,2
0.7352941176470589,0.7142857142857143,0.8333333333333334,0.7692307692307693,0.8333333333333334,0.8116883116883117,0.393333731078779,0.25,48,6,1,2
0.7352941176470589,0.7142857142857143,0.8333333333333334,0.7692307692307693,0.8333333333333334,0.8116883116883117,0.393333731078779,0.25,48,7,1,2
0.7352941176470589,0.7142857142857143,0.8333333333333334,0.7692307692307693,0.8333333333333334,0.8116883116883117,0.393333731078779,0.25,48,8,1,2
0.7352941176470589,0.7142857142857143,0.8333333333333334,0.7692307692307693,0.8333333333333334,0.8116883116883117,0.393333731078779,0.25,48,9,1,2
0.7352941176470589,0.7142857142857143,0.8333333333333334,0.7692307692307693,0.8333333333333334,0.8116883116883117,0.393333731078779,0.25,48,10,1,2
0.7352941176470589,0.7142857142857143,0.8333333333333334,0.7692307692307693,0.8333333333333334,0.8116883116883117,0.393333731078779,0.25,48,11,1,2
0.7352941176470589,0.7142857142857143,0.8333333333333334,0.7692307692307693,0.8333333333333334,0.8116883116883117,0.393333731078779,0.25,48,12,1,2
0.7352941176470589,0.7142857142857143,0.8333333333333334,0.7692307692307693,0.8333333333333334,0.8116883116883117,0.393333731078779,0.25,48,13,1,2
0.7352941176470589,0.7142857142857143,0.8333333333333334,0.7692307692307693,0.8333333333333334,0.8116883116883117,0.393333731078779,0.25,48,14,1,2
0.7352941176470589,0.7142857142857143,0.8333333333333334,0.7692307692307693,0.8333333333333334,0.8116883116883117,0.393333731078779,0.25,48,15,1,2
0.7352941176470589,0.7142857142857143,0.8333333333333334,0.7692307692307693,0.8333333333333334,0.8116883116883117,0.393333731078779,0.25,49,5,1,2
0.7352941176470589,0.7142857142857143,0.8333333333333334,0.7692307692307693,0.8333333333333334,0.8116883116883117,0.393333731078779,0.25,49,6,1,2
0.7352941176470589,0.7142857142857143,0.8333333333333334,0.7692307692307693,0.8333333333333334,0.8116883116883117,0.393333731078779,0.25,49,7,1,2
0.7352941176470589,0.7142857142857143,0.8333333333333334,0.7692307692307693,0.8333333333333334,0.8116883116883117,0.393333731078779,0.25,49,8,1,2
0.7352941176470589,0.7142857142857143,0.8333333333333334,0.7692307692307693,0.8333333333333334,0.8116883116883117,0.393333731078779,0.25,49,9,1,2
0.7352941176470589,0.7142857142857143,0.8333333333333334,0.7692307692307693,0.8333333333333334,0.8116883116883117,0.393333731078779,0.25,49,10,1,2
0.7352941176470589,0.7142857142857143,0.8333333333333334,0.7692307692307693,0.8333333333333334,0.8116883116883117,0.393333731078779,0.25,49,11,1,2
0.7352941176470589,0.7142857142857143,0.8333333333333334,0.7692307692307693,0.8333333333333334,0.8116883116883117,0.393333731078779,0.25,49,12,1,2
0.7352941176470589,0.7142857142857143,0.8333333333333334,0.7692307692307693,0.8333333333333334,0.8116883116883117,0.393333731078779,0.25,49,13,1,2
0.7352941176470589,0.7142857142857143,0.8333333333333334,0.7692307692307693,0.8333333333333334,0.8116883116883117,0.393333731078779,0.25,49,14,1,2
0.7352941176470589,0.7142857142857143,0.8333333333333334,0.7692307692307693,0.8333333333333334,0.8116883116883117,0.393333731078779,0.25,49,15,1,2
0.7352941176470589,0.7142857142857143,0.8333333333333334,0.7692307692307693,0.8333333333333334,0.8116883116883117,0.393333731078779,0.25,50,5,1,2
0.7352941176470589,0.7142857142857143,0.8333333333333334,0.7692307692307693,0.8333333333333334,0.8116883116883117,0.393333731078779,0.25,50,6,1,2
0.7352941176470589,0.7142857142857143,0.8333333333333334,0.7692307692307693,0.8333333333333334,0.8116883116883117,0.393333731078779,0.25,50,7,1,2
0.7352941176470589,0.7142857142857143,0.8333333333333334,0.7692307692307693,0.8333333333333334,0.8116883116883117,0.393333731078779,0.25,50,8,1,2
0.7352941176470589,0.7142857142857143,0.8333333333333334,0.7692307692307693,0.8333333333333334,0.8116883116883117,0.393333731078779,0.25,50,9,1,2
0.7352941176470589,0.7142857142857143,0.8333333333333334,0.7692307692307693,0.8333333333333334,0.8116883116883117,0.393333731078779,0.25,50,10,1,2
0.7352941176470589,0.7142857142857143,0.8333333333333334,0.7692307692307693,0.8333333333333334,0.8116883116883117,0.393333731078779,0.25,50,11,1,2
0.7352941176470589,0.7142857142857143,0.8333333333333334,0.7692307692307693,0.8333333333333334,0.8116883116883117,0.393333731078779,0.25,50,12,1,2
0.7352941176470589,0.7142857142857143,0.8333333333333334,0.7692307692307693,0.8333333333333334,0.8116883116883117,0.393333731078779,0.25,50,13,1,2
0.7352941176470589,0.7142857142857143,0.8333333333333334,0.7692307692307693,0.8333333333333334,0.8116883116883117,0.393333731078779,0.25,50,14,1,2
0.7352941176470589,0.7142857142857143,0.8333333333333334,0.7692307692307693,0.8333333333333334,0.8116883116883117,0.393333731078779,0.25,50,15,1,2
0.7352941176470589,0.7142857142857143,0.8333333333333334,0.7692307692307693,0.8333333333333334,0.8268398268398269,0.3834944486836129,0.3,31,5,2,3
0.7352941176470589,0.7142857142857143,0.8333333333333334,0.7692307692307693,0.8333333333333334,0.8268398268398269,0.3834944486836129,0.3,31,6,2,3
0.7352941176470589,0.7142857142857143,0.8333333333333334,0.7692307692307693,0.8333333333333334,0.8268398268398269,0.3834944486836129,0.3,31,7,2,3
0.7352941176470589,0.7142857142857143,0.8333333333333334,0.7692307692307693,0.8333333333333334,0.8268398268398269,0.3834944486836129,0.3,31,8,2,3
0.7352941176470589,0.7142857142857143,0.8333333333333334,0.7692307692307693,0.8333333333333334,0.8268398268398269,0.3834944486836129,0.3,31,9,2,3
0.7352941176470589,0.7142857142857143,0.8333333333333334,0.7692307692307693,0.8333333333333334,0.8268398268398269,0.3834944486836129,0.3,31,10,2,3
0.7352941176470589,0.7142857142857143,0.8333333333333334,0.7692307692307693,0.8333333333333334,0.8268398268398269,0.3834944486836129,0.3,31,11,2,3
0.7352941176470589,0.7142857142857143,0.8333333333333334,0.7692307692307693,0.8333333333333334,0.8268398268398269,0.3834944486836129,0.3,31,12,2,3
0.7352941176470589,0.7142857142857143,0.8333333333333334,0.7692307692307693,0.8333333333333334,0.8268398268398269,0.3834944486836129,0.3,31,13,2,3
0.7352941176470589,0.7142857142857143,0.8333333333333334,0.7692307692307693,0.8333333333333334,0.8268398268398269,0.3834944486836129,0.3,31,14,2,3
0.7352941176470589,0.7142857142857143,0.8333333333333334,0.7692307692307693,0.8333333333333334,0.8268398268398269,0.3834944486836129,0.3,31,15,2,3
0.7352941176470589,0.7142857142857143,0.8333333333333334,0.7692307692307693,0.8333333333333334,0.8268398268398269,0.3834944486836129,0.3,32,5,2,3
0.7352941176470589,0.7142857142857143,0.8333333333333334,0.7692307692307693,0.8333333333333334,0.8268398268398269,0.3834944486836129,0.3,32,6,2,3
0.7352941176470589,0.7142857142857143,0.8333333333333334,0.7692307692307693,0.8333333333333334,0.8268398268398269,0.3834944486836129,0.3,32,7,2,3
0.7352941176470589,0.7142857142857143,0.8333333333333334,0.7692307692307693,0.8333333333333334,0.8268398268398269,0.3834944486836129,0.3,32,8,2,3
0.7352941176470589,0.7142857142857143,0.8333333333333334,0.7692307692307693,0.8333333333333334,0.8268398268398269,0.3834944486836129,0.3,32,9,2,3
0.7352941176470589,0.7142857142857143,0.8333333333333334,0.7692307692307693,0.8333333333333334,0.8268398268398269,0.3834944486836129,0.3,32,10,2,3
0.7352941176470589,0.7142857142857143,0.8333333333333334,0.7692307692307693,0.8333333333333334,0.8268398268398269,0.3834944486836129,0.3,32,11,2,3
0.7352941176470589,0.7142857142857143,0.8333333333333334,0.7692307692307693,0.8333333333333334,0.8268398268398269,0.3834944486836129,0.3,32,12,2,3
0.7352941176470589,0.7142857142857143,0.8333333333333334,0.7692307692307693,0.8333333333333334,0.8268398268398269,0.3834944486836129,0.3,32,13,2,3
0.7352941176470589,0.7142857142857143,0.8333333333333334,0.7692307692307693,0.8333333333333334,0.8268398268398269,0.3834944486836129,0.3,32,14,2,3
0.7352941176470589,0.7142857142857143,0.8333333333333334,0.7692307692307693,0.8333333333333334,0.8268398268398269,0.3834944486836129,0.3,32,15,2,3
0.7352941176470589,0.7142857142857143,0.8333333333333334,0.7692307692307693,0.8333333333333334,0.8268398268398269,0.3834944486836129,0.3,33,5,2,3
0.7352941176470589,0.7142857142857143,0.8333333333333334,0.7692307692307693,0.8333333333333334,0.8268398268398269,0.3834944486836129,0.3,33,6,2,3
0.7352941176470589,0.7142857142857143,0.8333333333333334,0.7692307692307693,0.8333333333333334,0.8268398268398269,0.3834944486836129,0.3,33,7,2,3
0.7352941176470589,0.7142857142857143,0.8333333333333334,0.7692307692307693,0.8333333333333334,0.8268398268398269,0.3834944486836129,0.3,33,8,2,3
0.7352941176470589,0.7142857142857143,0.8333333333333334,0.7692307692307693,0.8333333333333334,0.8268398268398269,0.3834944486836129,0.3,33,9,2,3
0.7352941176470589,0.7142857142857143,0.8333333333333334,0.7692307692307693,0.8333333333333334,0.8268398268398269,0.3834944486836129,0.3,33,10,2,3
0.7352941176470589,0.7142857142857143,0.8333333333333334,0.7692307692307693,0.8333333333333334,0.8268398268398269,0.3834944486836129,0.3,33,11,2,3
0.7352941176470589,0.7142857142857143,0.8333333333333334,0.7692307692307693,0.8333333333333334,0.8268398268398269,0.3834944486836129,0.3,33,12,2,3
0.7352941176470589,0.7142857142857143,0.8333333333333334,0.7692307692307693,0.8333333333333334,0.8268398268398269,0.3834944486836129,0.3,33,13,2,3
0.7352941176470589,0.7142857142857143,0.8333333333333334,0.7692307692307693,0.8333333333333334,0.8268398268398269,0.3834944486836129,0.3,33,14,2,3
0.7352941176470589,0.7142857142857143,0.8333333333333334,0.7692307692307693,0.8333333333333334,0.8268398268398269,0.3834944486836129,0.3,33,15,2,3
0.7352941176470589,0.7142857142857143,0.8333333333333334,0.7692307692307693,0.8333333333333334,0.8268398268398269,0.3834944486836129,0.3,34,5,2,3
0.7352941176470589,0.7142857142857143,0.8333333333333334,0.7692307692307693,0.8333333333333334,0.8268398268398269,0.3834944486836129,0.3,34,6,2,3
0.7352941176470589,0.7142857142857143,0.8333333333333334,0.7692307692307693,0.8333333333333334,0.8268398268398269,0.3834944486836129,0.3,34,7,2,3
0.7352941176470589,0.7142857142857143,0.8333333333333334,0.7692307692307693,0.8333333333333334,0.8268398268398269,0.3834944486836129,0.3,34,8,2,3
0.7352941176470589,0.7142857142857143,0.8333333333333334,0.7692307692307693,0.8333333333333334,0.8268398268398269,0.3834944486836129,0.3,34,9,2,3
0.7352941176470589,0.7142857142857143,0.8333333333333334,0.7692307692307693,0.8333333333333334,0.8268398268398269,0.3834944486836129,0.3,34,10,2,3
0.7352941176470589,0.7142857142857143,0.8333333333333334,0.7692307692307693,0.8333333333333334,0.8268398268398269,0.3834944486836129,0.3,34,11,2,3
0.7352941176470589,0.7142857142857143,0.8333333333333334,0.7692307692307693,0.8333333333333334,0.8268398268398269,0.3834944486836129,0.3,34,12,2,3
0.7352941176470589,0.7142857142857143,0.8333333333333334,0.7692307692307693,0.8333333333333334,0.8268398268398269,0.3834944486836129,0.3,34,13,2,3
0.7352941176470589,0.7142857142857143,0.8333333333333334,0.7692307692307693,0.8333333333333334,0.8268398268398269,0.3834944486836129,0.3,34,14,2,3
0.7352941176470589,0.7142857142857143,0.8333333333333334,0.7692307692307693,0.8333333333333334,0.8268398268398269,0.3834944486836129,0.3,34,15,2,3
0.7352941176470589,0.7142857142857143,0.8333333333333334,0.7692307692307693,0.8333333333333334,0.8268398268398269,0.3834944486836129,0.3,35,5,2,3
0.7352941176470589,0.7142857142857143,0.8333333333333334,0.7692307692307693,0.8333333333333334,0.8268398268398269,0.3834944486836129,0.3,35,6,2,3
0.7352941176470589,0.7142857142857143,0.8333333333333334,0.7692307692307693,0.8333333333333334,0.8268398268398269,0.3834944486836129,0.3,35,7,2,3
0.7352941176470589,0.7142857142857143,0.8333333333333334,0.7692307692307693,0.8333333333333334,0.8268398268398269,0.3834944486836129,0.3,35,8,2,3
0.7352941176470589,0.7142857142857143,0.8333333333333334,0.7692307692307693,0.8333333333333334,0.8268398268398269,0.3834944486836129,0.3,35,9,2,3
0.7352941176470589,0.7142857142857143,0.8333333333333334,0.7692307692307693,0.8333333333333334,0.8268398268398269,0.3834944486836129,0.3,35,10,2,3
0.7352941176470589,0.7142857142857143,0.8333333333333334,0.7692307692307693,0.8333333333333334,0.8268398268398269,0.3834944486836129,0.3,35,11,2,3
0.7352941176470589,0.7142857142857143,0.8333333333333334,0.7692307692307693,0.8333333333333334,0.8268398268398269,0.3834944486836129,0.3,35,12,2,3
0.7352941176470589,0.7142857142857143,0.8333333333333334,0.7692307692307693,0.8333333333333334,0.8268398268398269,0.3834944486836129,0.3,35,13,2,3
0.7352941176470589,0.7142857142857143,0.8333333333333334,0.7692307692307693,0.8333333333333334,0.8268398268398269,0.3834944486836129,0.3,35,14,2,3
0.7352941176470589,0.7142857142857143,0.8333333333333334,0.7692307692307693,0.8333333333333334,0.8268398268398269,0.3834944486836129,0.3,35,15,2,3
0.7352941176470589,0.7142857142857143,0.8333333333333334,0.7692307692307693,0.8333333333333334,0.8268398268398269,0.3834944486836129,0.3,36,5,2,3
0.7352941176470589,0.7142857142857143,0.8333333333333334,0.7692307692307693,0.8333333333333334,0.8268398268398269,0.3834944486836129,0.3,36,6,2,3
0.7352941176470589,0.7142857142857143,0.8333333333333334,0.7692307692307693,0.8333333333333334,0.8268398268398269,0.3834944486836129,0.3,36,7,2,3
0.7352941176470589,0.7142857142857143,0.8333333333333334,0.7692307692307693,0.8333333333333334,0.8268398268398269,0.3834944486836129,0.3,36,8,2,3
0.7352941176470589,0.7142857142857143,0.8333333333333334,0.7692307692307693,0.8333333333333334,0.8268398268398269,0.3834944486836129,0.3,36,9,2,3
0.7352941176470589,0.7142857142857143,0.8333333333333334,0.7692307692307693,0.8333333333333334,0.8268398268398269,0.3834944486836129,0.3,36,10,2,3
0.7352941176470589,0.7142857142857143,0.8333333333333334,0.7692307692307693,0.8333333333333334,0.8268398268398269,0.3834944486836129,0.3,36,11,2,3
0.7352941176470589,0.7142857142857143,0.8333333333333334,0.7692307692307693,0.8333333333333334,0.8268398268398269,0.3834944486836129,0.3,36,12,2,3
0.7352941176470589,0.7142857142857143,0.8333333333333334,0.7692307692307693,0.8333333333333334,0.8268398268398269,0.3834944486836129,0.3,36,13,2,3
0.7352941176470589,0.7142857142857143,0.8333333333333334,0.7692307692307693,0.8333333333333334,0.8268398268398269,0.3834944486836129,0.3,36,14,2,3
0.7352941176470589,0.7142857142857143,0.8333333333333334,0.7692307692307693,0.8333333333333334,0.8268398268398269,0.3834944486836129,0.3,36,15,2,3
0.7352941176470589,0.7142857142857143,0.8333333333333334,0.7692307692307693,0.8333333333333334,0.8268398268398269,0.3834944486836129,0.3,37,5,2,3
0.7352941176470589,0.7142857142857143,0.8333333333333334,0.7692307692307693,0.8333333333333334,0.8268398268398269,0.3834944486836129,0.3,37,6,2,3
0.7352941176470589,0.7142857142857143,0.8333333333333334,0.7692307692307693,0.8333333333333334,0.8268398268398269,0.3834944486836129,0.3,37,7,2,3
0.7352941176470589,0.7142857142857143,0.8333333333333334,0.7692307692307693,0.8333333333333334,0.8268398268398269,0.3834944486836129,0.3,37,8,2,3
0.7352941176470589,0.7142857142857143,0.8333333333333334,0.7692307692307693,0.8333333333333334,0.8268398268398269,0.3834944486836129,0.3,37,9,2,3
0.7352941176470589,0.7142857142857143,0.8333333333333334,0.7692307692307693,0.8333333333333334,0.8268398268398269,0.3834944486836129,0.3,37,10,2,3
0.7352941176470589,0.7142857142857143,0.8333333333333334,0.7692307692307693,0.8333333333333334,0.8268398268398269,0.3834944486836129,0.3,37,11,2,3
0.7352941176470589,0.7142857142857143,0.8333333333333334,0.7692307692307693,0.8333333333333334,0.8268398268398269,0.3834944486836129,0.3,37,12,2,3
0.7352941176470589,0.7142857142857143,0.8333333333333334,0.7692307692307693,0.8333333333333334,0.8268398268398269,0.3834944486836129,0.3,37,13,2,3
0.7352941176470589,0.7142857142857143,0.8333333333333334,0.7692307692307693,0.8333333333333334,0.8268398268398269,0.3834944486836129,0.3,37,14,2,3
0.7352941176470589,0.7142857142857143,0.8333333333333334,0.7692307692307693,0.8333333333333334,0.8268398268398269,0.3834944486836129,0.3,37,15,2,3
0.7352941176470589,0.7142857142857143,0.8333333333333334,0.7692307692307693,0.8333333333333334,0.8268398268398269,0.3834944486836129,0.3,38,5,2,3
0.7352941176470589,0.7142857142857143,0.8333333333333334,0.7692307692307693,0.8333333333333334,0.8268398268398269,0.3834944486836129,0.3,38,6,2,3
0.7352941176470589,0.7142857142857143,0.8333333333333334,0.7692307692307693,0.8333333333333334,0.8268398268398269,0.3834944486836129,0.3,38,7,2,3
0.7352941176470589,0.7142857142857143,0.8333333333333334,0.7692307692307693,0.8333333333333334,0.8268398268398269,0.3834944486836129,0.3,38,8,2,3
0.7352941176470589,0.7142857142857143,0.8333333333333334,0.7692307692307693,0.8333333333333334,0.8268398268398269,0.3834944486836129,0.3,38,9,2,3
0.7352941176470589,0.7142857142857143,0.8333333333333334,0.7692307692307693,0.8333333333333334,0.8268398268398269,0.3834944486836129,0.3,38,10,2,3
0.7352941176470589,0.7142857142857143,0.8333333333333334,0.7692307692307693,0.8333333333333334,0.8268398268398269,0.3834944486836129,0.3,38,11,2,3
0.7352941176470589,0.7142857142857143,0.8333333333333334,0.7692307692307693,0.8333333333333334,0.8268398268398269,0.3834944486836129,0.3,38,12,2,3
0.7352941176470589,0.7142857142857143,0.8333333333333334,0.7692307692307693,0.8333333333333334,0.8268398268398269,0.3834944486836129,0.3,38,13,2,3
0.7352941176470589,0.7142857142857143,0.8333333333333334,0.7692307692307693,0.8333333333333334,0.8268398268398269,0.3834944486836129,0.3,38,14,2,3
0.7352941176470589,0.7142857142857143,0.8333333333333334,0.7692307692307693,0.8333333333333334,0.8268398268398269,0.3834944486836129,0.3,38,15,2,3
0.7352941176470589,0.7142857142857143,0.8333333333333334,0.7692307692307693,0.8333333333333334,0.8268398268398269,0.3834944486836129,0.3,39,5,2,3
0.7352941176470589,0.7142857142857143,0.8333333333333334,0.7692307692307693,0.8333333333333334,0.8268398268398269,0.3834944486836129,0.3,39,6,2,3
0.7352941176470589,0.7142857142857143,0.8333333333333334,0.7692307692307693,0.8333333333333334,0.8268398268398269,0.3834944486836129,0.3,39,7,2,3
0.7352941176470589,0.7142857142857143,0.8333333333333334,0.7692307692307693,0.8333333333333334,0.8268398268398269,0.3834944486836129,0.3,39,8,2,3
0.7352941176470589,0.7142857142857143,0.8333333333333334,0.7692307692307693,0.8333333333333334,0.8268398268398269,0.3834944486836129,0.3,39,9,2,3
0.7352941176470589,0.7142857142857143,0.8333333333333334,0.7692307692307693,0.8333333333333334,0.8268398268398269,0.3834944486836129,0.3,39,10,2,3
0.7352941176470589,0.7142857142857143,0.8333333333333334,0.7692307692307693,0.8333333333333334,0.8268398268398269,0.3834944486836129,0.3,39,11,2,3
0.7352941176470589,0.7142857142857143,0.8333333333333334,0.7692307692307693,0.8333333333333334,0.8268398268398269,0.3834944486836129,0.3,39,12,2,3
0.7352941176470589,0.7142857142857143,0.8333333333333334,0.7692307692307693,0.8333333333333334,0.8268398268398269,0.3834944486836129,0.3,39,13,2,3
0.7352941176470589,0.7142857142857143,0.8333333333333334,0.7692307692307693,0.8333333333333334,0.8268398268398269,0.3834944486836129,0.3,39,14,2,3
0.7352941176470589,0.7142857142857143,0.8333333333333334,0.7692307692307693,0.8333333333333334,0.8268398268398269,0.3834944486836129,0.3,39,15,2,3
0.7352941176470589,0.7142857142857143,0.8333333333333334,0.7692307692307693,0.8333333333333334,0.8268398268398269,0.3834944486836129,0.3,40,5,2,3
0.7352941176470589,0.7142857142857143,0.8333333333333334,0.7692307692307693,0.8333333333333334,0.8268398268398269,0.3834944486836129,0.3,40,6,2,3
0.7352941176470589,0.7142857142857143,0.8333333333333334,0.7692307692307693,0.8333333333333334,0.8268398268398269,0.3834944486836129,0.3,40,7,2,3
0.7352941176470589,0.7142857142857143,0.8333333333333334,0.7692307692307693,0.8333333333333334,0.8268398268398269,0.3834944486836129,0.3,40,8,2,3
0.7352941176470589,0.7142857142857143,0.8333333333333334,0.7692307692307693,0.8333333333333334,0.8268398268398269,0.3834944486836129,0.3,40,9,2,3
0.7352941176470589,0.7142857142857143,0.8333333333333334,0.7692307692307693,0.8333333333333334,0.8268398268398269,0.3834944486836129,0.3,40,10,2,3
0.7352941176470589,0.7142857142857143,0.8333333333333334,0.7692307692307693,0.8333333333333334,0.8268398268398269,0.3834944486836129,0.3,40,11,2,3
0.7352941176470589,0.7142857142857143,0.8333333333333334,0.7692307692307693,0.8333333333333334,0.8268398268398269,0.3834944486836129,0.3,40,12,2,3
0.7352941176470589,0.7142857142857143,0.8333333333333334,0.7692307692307693,0.8333333333333334,0.8268398268398269,0.3834944486836129,0.3,40,13,2,3
0.7352941176470589,0.7142857142857143,0.8333333333333334,0.7692307692307693,0.8333333333333334,0.8268398268398269,0.3834944486836129,0.3,40,14,2,3
0.7352941176470589,0.7142857142857143,0.8333333333333334,0.7692307692307693,0.8333333333333334,0.8268398268398269,0.3834944486836129,0.3,40,15,2,3
0.7352941176470589,0.7142857142857143,0.8333333333333334,0.7692307692307693,0.8333333333333334,0.8268398268398269,0.3834944486836129,0.3,41,5,2,3
0.7352941176470589,0.7142857142857143,0.8333333333333334,0.7692307692307693,0.8333333333333334,0.8268398268398269,0.3834944486836129,0.3,41,6,2,3
0.7352941176470589,0.7142857142857143,0.8333333333333334,0.7692307692307693,0.8333333333333334,0.8268398268398269,0.3834944486836129,0.3,41,7,2,3
0.7352941176470589,0.7142857142857143,0.8333333333333334,0.7692307692307693,0.8333333333333334,0.8268398268398269,0.3834944486836129,0.3,41,8,2,3
0.7352941176470589,0.7142857142857143,0.8333333333333334,0.7692307692307693,0.8333333333333334,0.8268398268398269,0.3834944486836129,0.3,41,9,2,3
0.7352941176470589,0.7142857142857143,0.8333333333333334,0.7692307692307693,0.8333333333333334,0.8268398268398269,0.3834944486836129,0.3,41,10,2,3
0.7352941176470589,0.7142857142857143,0.8333333333333334,0.7692307692307693,0.8333333333333334,0.8268398268398269,0.3834944486836129,0.3,41,11,2,3
0.7352941176470589,0.7142857142857143,0.8333333333333334,0.7692307692307693,0.8333333333333334,0.8268398268398269,0.3834944486836129,0.3,41,12,2,3
0.7352941176470589,0.7142857142857143,0.8333333333333334,0.7692307692307693,0.8333333333333334,0.8268398268398269,0.3834944486836129,0.3,41,13,2,3
0.7352941176470589,0.7142857142857143,0.8333333333333334,0.7692307692307693,0.8333333333333334,0.8268398268398269,0.3834944486836129,0.3,41,14,2,3
0.7352941176470589,0.7142857142857143,0.8333333333333334,0.7692307692307693,0.8333333333333334,0.8268398268398269,0.3834944486836129,0.3,41,15,2,3
0.7352941176470589,0.7142857142857143,0.8333333333333334,0.7692307692307693,0.8333333333333334,0.8268398268398269,0.3834944486836129,0.3,42,5,2,3
0.7352941176470589,0.7142857142857143,0.8333333333333334,0.7692307692307693,0.8333333333333334,0.8268398268398269,0.3834944486836129,0.3,42,6,2,3
0.7352941176470589,0.7142857142857143,0.8333333333333334,0.7692307692307693,0.8333333333333334,0.8268398268398269,0.3834944486836129,0.3,42,7,2,3
0.7352941176470589,0.7142857142857143,0.8333333333333334,0.7692307692307693,0.8333333333333334,0.8268398268398269,0.3834944486836129,0.3,42,8,2,3
0.7352941176470589,0.7142857142857143,0.8333333333333334,0.7692307692307693,0.8333333333333334,0.8268398268398269,0.3834944486836129,0.3,42,9,2,3
0.7352941176470589,0.7142857142857143,0.8333333333333334,0.7692307692307693,0.8333333333333334,0.8268398268398269,0.3834944486836129,0.3,42,10,2,3
0.7352941176470589,0.7142857142857143,0.8333333333333334,0.7692307692307693,0.8333333333333334,0.8268398268398269,0.3834944486836129,0.3,42,11,2,3
0.7352941176470589,0.7142857142857143,0.8333333333333334,0.7692307692307693,0.8333333333333334,0.8268398268398269,0.3834944486836129,0.3,42,12,2,3
0.7352941176470589,0.7142857142857143,0.8333333333333334,0.7692307692307693,0.8333333333333334,0.8268398268398269,0.3834944486836129,0.3,42,13,2,3
0.7352941176470589,0.7142857142857143,0.8333333333333334,0.7692307692307693,0.8333333333333334,0.8268398268398269,0.3834944486836129,0.3,42,14,2,3
0.7352941176470589,0.7142857142857143,0.8333333333333334,0.7692307692307693,0.8333333333333334,0.8268398268398269,0.3834944486836129,0.3,42,15,2,3
0.7352941176470589,0.7142857142857143,0.8333333333333334,0.7692307692307693,0.8333333333333334,0.8268398268398269,0.3834944486836129,0.3,43,5,2,3
0.7352941176470589,0.7142857142857143,0.8333333333333334,0.7692307692307693,0.8333333333333334,0.8268398268398269,0.3834944486836129,0.3,43,6,2,3
0.7352941176470589,0.7142857142857143,0.8333333333333334,0.7692307692307693,0.8333333333333334,0.8268398268398269,0.3834944486836129,0.3,43,7,2,3
0.7352941176470589,0.7142857142857143,0.8333333333333334,0.7692307692307693,0.8333333333333334,0.8268398268398269,0.3834944486836129,0.3,43,8,2,3
0.7352941176470589,0.7142857142857143,0.8333333333333334,0.7692307692307693,0.8333333333333334,0.8268398268398269,0.3834944486836129,0.3,43,9,2,3
0.7352941176470589,0.7142857142857143,0.8333333333333334,0.7692307692307693,0.8333333333333334,0.8268398268398269,0.3834944486836129,0.3,43,10,2,3
0.7352941176470589,0.7142857142857143,0.8333333333333334,0.7692307692307693,0.8333333333333334,0.8268398268398269,0.3834944486836129,0.3,43,11,2,3
0.7352941176470589,0.7142857142857143,0.8333333333333334,0.7692307692307693,0.8333333333333334,0.8268398268398269,0.3834944486836129,0.3,43,12,2,3
0.7352941176470589,0.7142857142857143,0.8333333333333334,0.7692307692307693,0.8333333333333334,0.8268398268398269,0.3834944486836129,0.3,43,13,2,3
0.7352941176470589,0.7142857142857143,0.8333333333333334,0.7692307692307693,0.8333333333333334,0.8268398268398269,0.3834944486836129,0.3,43,14,2,3
0.7352941176470589,0.7142857142857143,0.8333333333333334,0.7692307692307693,0.8333333333333334,0.8268398268398269,0.3834944486836129,0.3,43,15,2,3
0.7352941176470589,0.7142857142857143,0.8333333333333334,0.7692307692307693,0.8333333333333334,0.8268398268398269,0.3834944486836129,0.3,44,5,2,3
0.7352941176470589,0.7142857142857143,0.8333333333333334,0.7692307692307693,0.8333333333333334,0.8268398268398269,0.3834944486836129,0.3,44,6,2,3
0.7352941176470589,0.7142857142857143,0.8333333333333334,0.7692307692307693,0.8333333333333334,0.8268398268398269,0.3834944486836129,0.3,44,7,2,3
0.7352941176470589,0.7142857142857143,0.8333333333333334,0.7692307692307693,0.8333333333333334,0.8268398268398269,0.3834944486836129,0.3,44,8,2,3
0.7352941176470589,0.7142857142857143,0.8333333333333334,0.7692307692307693,0.8333333333333334,0.8268398268398269,0.3834944486836129,0.3,44,9,2,3
0.7352941176470589,0.7142857142857143,0.8333333333333334,0.7692307692307693,0.8333333333333334,0.8268398268398269,0.3834944486836129,0.3,44,10,2,3
0.7352941176470589,0.7142857142857143,0.8333333333333334,0.7692307692307693,0.8333333333333334,0.8268398268398269,0.3834944486836129,0.3,44,11,2,3
0.7352941176470589,0.7142857142857143,0.8333333333333334,0.7692307692307693,0.8333333333333334,0.8268398268398269,0.3834944486836129,0.3,44,12,2,3
0.7352941176470589,0.7142857142857143,0.8333333333333334,0.7692307692307693,0.8333333333333334,0.8268398268398269,0.3834944486836129,0.3,44,13,2,3
0.7352941176470589,0.7142857142857143,0.8333333333333334,0.7692307692307693,0.8333333333333334,0.8268398268398269,0.3834944486836129,0.3,44,14,2,3
0.7352941176470589,0.7142857142857143,0.8333333333333334,0.7692307692307693,0.8333333333333334,0.8268398268398269,0.3834944486836129,0.3,44,15,2,3
0.7352941176470589,0.7142857142857143,0.8333333333333334,0.7692307692307693,0.8333333333333334,0.8116883116883117,0.393333731078779,0.3,45,5,1,2
0.7352941176470589,0.7142857142857143,0.8333333333333334,0.7692307692307693,0.8333333333333334,0.8116883116883117,0.393333731078779,0.3,45,6,1,2
0.7352941176470589,0.7142857142857143,0.8333333333333334,0.7692307692307693,0.8333333333333334,0.8116883116883117,0.393333731078779,0.3,45,7,1,2
0.7352941176470589,0.7142857142857143,0.8333333333333334,0.7692307692307693,0.8333333333333334,0.8116883116883117,0.393333731078779,0.3,45,8,1,2
0.7352941176470589,0.7142857142857143,0.8333333333333334,0.7692307692307693,0.8333333333333334,0.8116883116883117,0.393333731078779,0.3,45,9,1,2
0.7352941176470589,0.7142857142857143,0.8333333333333334,0.7692307692307693,0.8333333333333334,0.8116883116883117,0.393333731078779,0.3,45,10,1,2
0.7352941176470589,0.7142857142857143,0.8333333333333334,0.7692307692307693,0.8333333333333334,0.8116883116883117,0.393333731078779,0.3,45,11,1,2
0.7352941176470589,0.7142857142857143,0.8333333333333334,0.7692307692307693,0.8333333333333334,0.8116883116883117,0.393333731078779,0.3,45,12,1,2
0.7352941176470589,0.7142857142857143,0.8333333333333334,0.7692307692307693,0.8333333333333334,0.8116883116883117,0.393333731078779,0.3,45,13,1,2
0.7352941176470589,0.7142857142857143,0.8333333333333334,0.7692307692307693,0.8333333333333334,0.8116883116883117,0.393333731078779,0.3,45,14,1,2
0.7352941176470589,0.7142857142857143,0.8333333333333334,0.7692307692307693,0.8333333333333334,0.8116883116883117,0.393333731078779,0.3,45,15,1,2
0.7352941176470589,0.7142857142857143,0.8333333333333334,0.7692307692307693,0.8333333333333334,0.8116883116883117,0.393333731078779,0.3,46,5,1,2
0.7352941176470589,0.7142857142857143,0.8333333333333334,0.7692307692307693,0.8333333333333334,0.8116883116883117,0.393333731078779,0.3,46,6,1,2
0.7352941176470589,0.7142857142857143,0.8333333333333334,0.7692307692307693,0.8333333333333334,0.8116883116883117,0.393333731078779,0.3,46,7,1,2
0.7352941176470589,0.7142857142857143,0.8333333333333334,0.7692307692307693,0.8333333333333334,0.8116883116883117,0.393333731078779,0.3,46,8,1,2
0.7352941176470589,0.7142857142857143,0.8333333333333334,0.7692307692307693,0.8333333333333334,0.8116883116883117,0.393333731078779,0.3,46,9,1,2
0.7352941176470589,0.7142857142857143,0.8333333333333334,0.7692307692307693,0.8333333333333334,0.8116883116883117,0.393333731078779,0.3,46,10,1,2
0.7352941176470589,0.7142857142857143,0.8333333333333334,0.7692307692307693,0.8333333333333334,0.8116883116883117,0.393333731078779,0.3,46,11,1,2
0.7352941176470589,0.7142857142857143,0.8333333333333334,0.7692307692307693,0.8333333333333334,0.8116883116883117,0.393333731078779,0.3,46,12,1,2
0.7352941176470589,0.7142857142857143,0.8333333333333334,0.7692307692307693,0.8333333333333334,0.8116883116883117,0.393333731078779,0.3,46,13,1,2
0.7352941176470589,0.7142857142857143,0.8333333333333334,0.7692307692307693,0.8333333333333334,0.8116883116883117,0.393333731078779,0.3,46,14,1,2
0.7352941176470589,0.7142857142857143,0.8333333333333334,0.7692307692307693,0.8333333333333334,0.8116883116883117,0.393333731078779,0.3,46,15,1,2
0.7352941176470589,0.7142857142857143,0.8333333333333334,0.7692307692307693,0.8333333333333334,0.8116883116883117,0.393333731078779,0.3,47,5,1,2
0.7352941176470589,0.7142857142857143,0.8333333333333334,0.7692307692307693,0.8333333333333334,0.8116883116883117,0.393333731078779,0.3,47,6,1,2
0.7352941176470589,0.7142857142857143,0.8333333333333334,0.7692307692307693,0.8333333333333334,0.8116883116883117,0.393333731078779,0.3,47,7,1,2
0.7352941176470589,0.7142857142857143,0.8333333333333334,0.7692307692307693,0.8333333333333334,0.8116883116883117,0.393333731078779,0.3,47,8,1,2
0.7352941176470589,0.7142857142857143,0.8333333333333334,0.7692307692307693,0.8333333333333334,0.8116883116883117,0.393333731078779,0.3,47,9,1,2
0.7352941176470589,0.7142857142857143,0.8333333333333334,0.7692307692307693,0.8333333333333334,0.8116883116883117,0.393333731078779,0.3,47,10,1,2
0.7352941176470589,0.7142857142857143,0.8333333333333334,0.7692307692307693,0.8333333333333334,0.8116883116883117,0.393333731078779,0.3,47,11,1,2
0.7352941176470589,0.7142857142857143,0.8333333333333334,0.7692307692307693,0.8333333333333334,0.8116883116883117,0.393333731078779,0.3,47,12,1,2
0.7352941176470589,0.7142857142857143,0.8333333333333334,0.7692307692307693,0.8333333333333334,0.8116883116883117,0.393333731078779,0.3,47,13,1,2
0.7352941176470589,0.7142857142857143,0.8333333333333334,0.7692307692307693,0.8333333333333334,0.8116883116883117,0.393333731078779,0.3,47,14,1,2
0.7352941176470589,0.7142857142857143,0.8333333333333334,0.7692307692307693,0.8333333333333334,0.8116883116883117,0.393333731078779,0.3,47,15,1,2
0.7352941176470589,0.7142857142857143,0.8333333333333334,0.7692307692307693,0.8333333333333334,0.8116883116883117,0.393333731078779,0.3,48,5,1,2
0.7352941176470589,0.7142857142857143,0.8333333333333334,0.7692307692307693,0.8333333333333334,0.8116883116883117,0.393333731078779,0.3,48,6,1,2
0.7352941176470589,0.7142857142857143,0.8333333333333334,0.7692307692307693,0.8333333333333334,0.8116883116883117,0.393333731078779,0.3,48,7,1,2
0.7352941176470589,0.7142857142857143,0.8333333333333334,0.7692307692307693,0.8333333333333334,0.8116883116883117,0.393333731078779,0.3,48,8,1,2
0.7352941176470589,0.7142857142857143,0.8333333333333334,0.7692307692307693,0.8333333333333334,0.8116883116883117,0.393333731078779,0.3,48,9,1,2
0.7352941176470589,0.7142857142857143,0.8333333333333334,0.7692307692307693,0.8333333333333334,0.8116883116883117,0.393333731078779,0.3,48,10,1,2
0.7352941176470589,0.7142857142857143,0.8333333333333334,0.7692307692307693,0.8333333333333334,0.8116883116883117,0.393333731078779,0.3,48,11,1,2
0.7352941176470589,0.7142857142857143,0.8333333333333334,0.7692307692307693,0.8333333333333334,0.8116883116883117,0.393333731078779,0.3,48,12,1,2
0.7352941176470589,0.7142857142857143,0.8333333333333334,0.7692307692307693,0.8333333333333334,0.8116883116883117,0.393333731078779,0.3,48,13,1,2
0.7352941176470589,0.7142857142857143,0.8333333333333334,0.7692307692307693,0.8333333333333334,0.8116883116883117,0.393333731078779,0.3,48,14,1,2
0.7352941176470589,0.7142857142857143,0.8333333333333334,0.7692307692307693,0.8333333333333334,0.8116883116883117,0.393333731078779,0.3,48,15,1,2
0.7352941176470589,0.7142857142857143,0.8333333333333334,0.7692307692307693,0.8333333333333334,0.8116883116883117,0.393333731078779,0.3,49,5,1,2
0.7352941176470589,0.7142857142857143,0.8333333333333334,0.7692307692307693,0.8333333333333334,0.8116883116883117,0.393333731078779,0.3,49,6,1,2
0.7352941176470589,0.7142857142857143,0.8333333333333334,0.7692307692307693,0.8333333333333334,0.8116883116883117,0.393333731078779,0.3,49,7,1,2
0.7352941176470589,0.7142857142857143,0.8333333333333334,0.7692307692307693,0.8333333333333334,0.8116883116883117,0.393333731078779,0.3,49,8,1,2
0.7352941176470589,0.7142857142857143,0.8333333333333334,0.7692307692307693,0.8333333333333334,0.8116883116883117,0.393333731078779,0.3,49,9,1,2
0.7352941176470589,0.7142857142857143,0.8333333333333334,0.7692307692307693,0.8333333333333334,0.8116883116883117,0.393333731078779,0.3,49,10,1,2
0.7352941176470589,0.7142857142857143,0.8333333333333334,0.7692307692307693,0.8333333333333334,0.8116883116883117,0.393333731078779,0.3,49,11,1,2
0.7352941176470589,0.7142857142857143,0.8333333333333334,0.7692307692307693,0.8333333333333334,0.8116883116883117,0.393333731078779,0.3,49,12,1,2
0.7352941176470589,0.7142857142857143,0.8333333333333334,0.7692307692307693,0.8333333333333334,0.8116883116883117,0.393333731078779,0.3,49,13,1,2
0.7352941176470589,0.7142857142857143,0.8333333333333334,0.7692307692307693,0.8333333333333334,0.8116883116883117,0.393333731078779,0.3,49,14,1,2
0.7352941176470589,0.7142857142857143,0.8333333333333334,0.7692307692307693,0.8333333333333334,0.8116883116883117,0.393333731078779,0.3,49,15,1,2
0.7352941176470589,0.7142857142857143,0.8333333333333334,0.7692307692307693,0.8333333333333334,0.8116883116883117,0.393333731078779,0.3,50,5,1,2
0.7352941176470589,0.7142857142857143,0.8333333333333334,0.7692307692307693,0.8333333333333334,0.8116883116883117,0.393333731078779,0.3,50,6,1,2
0.7352941176470589,0.7142857142857143,0.8333333333333334,0.7692307692307693,0.8333333333333334,0.8116883116883117,0.393333731078779,0.3,50,7,1,2
0.7352941176470589,0.7142857142857143,0.8333333333333334,0.7692307692307693,0.8333333333333334,0.8116883116883117,0.393333731078779,0.3,50,8,1,2
0.7352941176470589,0.7142857142857143,0.8333333333333334,0.7692307692307693,0.8333333333333334,0.8116883116883117,0.393333731078779,0.3,50,9,1,2
0.7352941176470589,0.7142857142857143,0.8333333333333334,0.7692307692307693,0.8333333333333334,0.8116883116883117,0.393333731078779,0.3,50,10,1,2
0.7352941176470589,0.7142857142857143,0.8333333333333334,0.7692307692307693,0.8333333333333334,0.8116883116883117,0.393333731078779,0.3,50,11,1,2
0.7352941176470589,0.7142857142857143,0.8333333333333334,0.7692307692307693,0.8333333333333334,0.8116883116883117,0.393333731078779,0.3,50,12,1,2
0.7352941176470589,0.7142857142857143,0.8333333333333334,0.7692307692307693,0.8333333333333334,0.8116883116883117,0.393333731078779,0.3,50,13,1,2
0.7352941176470589,0.7142857142857143,0.8333333333333334,0.7692307692307693,0.8333333333333334,0.8116883116883117,0.393333731078779,0.3,50,14,1,2
0.7352941176470589,0.7142857142857143,0.8333333333333334,0.7692307692307693,0.8333333333333334,0.8116883116883117,0.393333731078779,0.3,50,15,1,2
0.7352941176470589,0.7142857142857143,0.8333333333333334,0.7692307692307693,0.8333333333333334,0.8268398268398269,0.3834944486836129,0.35,31,5,2,3
0.7352941176470589,0.7142857142857143,0.8333333333333334,0.7692307692307693,0.8333333333333334,0.8268398268398269,0.3834944486836129,0.35,31,6,2,3
0.7352941176470589,0.7142857142857143,0.8333333333333334,0.7692307692307693,0.8333333333333334,0.8268398268398269,0.3834944486836129,0.35,31,7,2,3
0.7352941176470589,0.7142857142857143,0.8333333333333334,0.7692307692307693,0.8333333333333334,0.8268398268398269,0.3834944486836129,0.35,31,8,2,3
0.7352941176470589,0.7142857142857143,0.8333333333333334,0.7692307692307693,0.8333333333333334,0.8268398268398269,0.3834944486836129,0.35,31,9,2,3
0.7352941176470589,0.7142857142857143,0.8333333333333334,0.7692307692307693,0.8333333333333334,0.8268398268398269,0.3834944486836129,0.35,31,10,2,3
0.7352941176470589,0.7142857142857143,0.8333333333333334,0.7692307692307693,0.8333333333333334,0.8268398268398269,0.3834944486836129,0.35,31,11,2,3
0.7352941176470589,0.7142857142857143,0.8333333333333334,0.7692307692307693,0.8333333333333334,0.8268398268398269,0.3834944486836129,0.35,31,12,2,3
0.7352941176470589,0.7142857142857143,0.8333333333333334,0.7692307692307693,0.8333333333333334,0.8268398268398269,0.3834944486836129,0.35,31,13,2,3
0.7352941176470589,0.7142857142857143,0.8333333333333334,0.7692307692307693,0.8333333333333334,0.8268398268398269,0.3834944486836129,0.35,31,14,2,3
0.7352941176470589,0.7142857142857143,0.8333333333333334,0.7692307692307693,0.8333333333333334,0.8268398268398269,0.3834944486836129,0.35,31,15,2,3
0.7352941176470589,0.7142857142857143,0.8333333333333334,0.7692307692307693,0.8333333333333334,0.8268398268398269,0.3834944486836129,0.35,32,5,2,3
0.7352941176470589,0.7142857142857143,0.8333333333333334,0.7692307692307693,0.8333333333333334,0.8268398268398269,0.3834944486836129,0.35,32,6,2,3
0.7352941176470589,0.7142857142857143,0.8333333333333334,0.7692307692307693,0.8333333333333334,0.8268398268398269,0.3834944486836129,0.35,32,7,2,3
0.7352941176470589,0.7142857142857143,0.8333333333333334,0.7692307692307693,0.8333333333333334,0.8268398268398269,0.3834944486836129,0.35,32,8,2,3
0.7352941176470589,0.7142857142857143,0.8333333333333334,0.7692307692307693,0.8333333333333334,0.8268398268398269,0.3834944486836129,0.35,32,9,2,3
0.7352941176470589,0.7142857142857143,0.8333333333333334,0.7692307692307693,0.8333333333333334,0.8268398268398269,0.3834944486836129,0.35,32,10,2,3
0.7352941176470589,0.7142857142857143,0.8333333333333334,0.7692307692307693,0.8333333333333334,0.8268398268398269,0.3834944486836129,0.35,32,11,2,3
0.7352941176470589,0.7142857142857143,0.8333333333333334,0.7692307692307693,0.8333333333333334,0.8268398268398269,0.3834944486836129,0.35,32,12,2,3
0.7352941176470589,0.7142857142857143,0.8333333333333334,0.7692307692307693,0.8333333333333334,0.8268398268398269,0.3834944486836129,0.35,32,13,2,3
0.7352941176470589,0.7142857142857143,0.8333333333333334,0.7692307692307693,0.8333333333333334,0.8268398268398269,0.3834944486836129,0.35,32,14,2,3
0.7352941176470589,0.7142857142857143,0.8333333333333334,0.7692307692307693,0.8333333333333334,0.8268398268398269,0.3834944486836129,0.35,32,15,2,3
0.7352941176470589,0.7142857142857143,0.8333333333333334,0.7692307692307693,0.8333333333333334,0.8268398268398269,0.3834944486836129,0.35,33,5,2,3
0.7352941176470589,0.7142857142857143,0.8333333333333334,0.7692307692307693,0.8333333333333334,0.8268398268398269,0.3834944486836129,0.35,33,6,2,3
0.7352941176470589,0.7142857142857143,0.8333333333333334,0.7692307692307693,0.8333333333333334,0.8268398268398269,0.3834944486836129,0.35,33,7,2,3
0.7352941176470589,0.7142857142857143,0.8333333333333334,0.7692307692307693,0.8333333333333334,0.8268398268398269,0.3834944486836129,0.35,33,8,2,3
0.7352941176470589,0.7142857142857143,0.8333333333333334,0.7692307692307693,0.8333333333333334,0.8268398268398269,0.3834944486836129,0.35,33,9,2,3
0.7352941176470589,0.7142857142857143,0.8333333333333334,0.7692307692307693,0.8333333333333334,0.8268398268398269,0.3834944486836129,0.35,33,10,2,3
0.7352941176470589,0.7142857142857143,0.8333333333333334,0.7692307692307693,0.8333333333333334,0.8268398268398269,0.3834944486836129,0.35,33,11,2,3
0.7352941176470589,0.7142857142857143,0.8333333333333334,0.7692307692307693,0.8333333333333334,0.8268398268398269,0.3834944486836129,0.35,33,12,2,3
0.7352941176470589,0.7142857142857143,0.8333333333333334,0.7692307692307693,0.8333333333333334,0.8268398268398269,0.3834944486836129,0.35,33,13,2,3
0.7352941176470589,0.7142857142857143,0.8333333333333334,0.7692307692307693,0.8333333333333334,0.8268398268398269,0.3834944486836129,0.35,33,14,2,3
0.7352941176470589,0.7142857142857143,0.8333333333333334,0.7692307692307693,0.8333333333333334,0.8268398268398269,0.3834944486836129,0.35,33,15,2,3
0.7352941176470589,0.7142857142857143,0.8333333333333334,0.7692307692307693,0.8333333333333334,0.8268398268398269,0.3834944486836129,0.35,34,5,2,3
0.7352941176470589,0.7142857142857143,0.8333333333333334,0.7692307692307693,0.8333333333333334,0.8268398268398269,0.3834944486836129,0.35,34,6,2,3
0.7352941176470589,0.7142857142857143,0.8333333333333334,0.7692307692307693,0.8333333333333334,0.8268398268398269,0.3834944486836129,0.35,34,7,2,3
0.7352941176470589,0.7142857142857143,0.8333333333333334,0.7692307692307693,0.8333333333333334,0.8268398268398269,0.3834944486836129,0.35,34,8,2,3
0.7352941176470589,0.7142857142857143,0.8333333333333334,0.7692307692307693,0.8333333333333334,0.8268398268398269,0.3834944486836129,0.35,34,9,2,3
0.7352941176470589,0.7142857142857143,0.8333333333333334,0.7692307692307693,0.8333333333333334,0.8268398268398269,0.3834944486836129,0.35,34,10,2,3
0.7352941176470589,0.7142857142857143,0.8333333333333334,0.7692307692307693,0.8333333333333334,0.8268398268398269,0.3834944486836129,0.35,34,11,2,3
0.7352941176470589,0.7142857142857143,0.8333333333333334,0.7692307692307693,0.8333333333333334,0.8268398268398269,0.3834944486836129,0.35,34,12,2,3
0.7352941176470589,0.7142857142857143,0.8333333333333334,0.7692307692307693,0.8333333333333334,0.8268398268398269,0.3834944486836129,0.35,34,13,2,3
0.7352941176470589,0.7142857142857143,0.8333333333333334,0.7692307692307693,0.8333333333333334,0.8268398268398269,0.3834944486836129,0.35,34,14,2,3
0.7352941176470589,0.7142857142857143,0.8333333333333334,0.7692307692307693,0.8333333333333334,0.8268398268398269,0.3834944486836129,0.35,34,15,2,3
0.7352941176470589,0.7142857142857143,0.8333333333333334,0.7692307692307693,0.8333333333333334,0.8268398268398269,0.3834944486836129,0.35,35,5,2,3
0.7352941176470589,0.7142857142857143,0.8333333333333334,0.7692307692307693,0.8333333333333334,0.8268398268398269,0.3834944486836129,0.35,35,6,2,3
0.7352941176470589,0.7142857142857143,0.8333333333333334,0.7692307692307693,0.8333333333333334,0.8268398268398269,0.3834944486836129,0.35,35,7,2,3
0.7352941176470589,0.7142857142857143,0.8333333333333334,0.7692307692307693,0.8333333333333334,0.8268398268398269,0.3834944486836129,0.35,35,8,2,3
0.7352941176470589,0.7142857142857143,0.8333333333333334,0.7692307692307693,0.8333333333333334,0.8268398268398269,0.3834944486836129,0.35,35,9,2,3
0.7352941176470589,0.7142857142857143,0.8333333333333334,0.7692307692307693,0.8333333333333334,0.8268398268398269,0.3834944486836129,0.35,35,10,2,3
0.7352941176470589,0.7142857142857143,0.8333333333333334,0.7692307692307693,0.8333333333333334,0.8268398268398269,0.3834944486836129,0.35,35,11,2,3
0.7352941176470589,0.7142857142857143,0.8333333333333334,0.7692307692307693,0.8333333333333334,0.8268398268398269,0.3834944486836129,0.35,35,12,2,3
0.7352941176470589,0.7142857142857143,0.8333333333333334,0.7692307692307693,0.8333333333333334,0.8268398268398269,0.3834944486836129,0.35,35,13,2,3
0.7352941176470589,0.7142857142857143,0.8333333333333334,0.7692307692307693,0.8333333333333334,0.8268398268398269,0.3834944486836129,0.35,35,14,2,3
0.7352941176470589,0.7142857142857143,0.8333333333333334,0.7692307692307693,0.8333333333333334,0.8268398268398269,0.3834944486836129,0.35,35,15,2,3
0.7352941176470589,0.7142857142857143,0.8333333333333334,0.7692307692307693,0.8333333333333334,0.8268398268398269,0.3834944486836129,0.35,36,5,2,3
0.7352941176470589,0.7142857142857143,0.8333333333333334,0.7692307692307693,0.8333333333333334,0.8268398268398269,0.3834944486836129,0.35,36,6,2,3
0.7352941176470589,0.7142857142857143,0.8333333333333334,0.7692307692307693,0.8333333333333334,0.8268398268398269,0.3834944486836129,0.35,36,7,2,3
0.7352941176470589,0.7142857142857143,0.8333333333333334,0.7692307692307693,0.8333333333333334,0.8268398268398269,0.3834944486836129,0.35,36,8,2,3
0.7352941176470589,0.7142857142857143,0.8333333333333334,0.7692307692307693,0.8333333333333334,0.8268398268398269,0.3834944486836129,0.35,36,9,2,3
0.7352941176470589,0.7142857142857143,0.8333333333333334,0.7692307692307693,0.8333333333333334,0.8268398268398269,0.3834944486836129,0.35,36,10,2,3
0.7352941176470589,0.7142857142857143,0.8333333333333334,0.7692307692307693,0.8333333333333334,0.8268398268398269,0.3834944486836129,0.35,36,11,2,3
0.7352941176470589,0.7142857142857143,0.8333333333333334,0.7692307692307693,0.8333333333333334,0.8268398268398269,0.3834944486836129,0.35,36,12,2,3
0.7352941176470589,0.7142857142857143,0.8333333333333334,0.7692307692307693,0.8333333333333334,0.8268398268398269,0.3834944486836129,0.35,36,13,2,3
0.7352941176470589,0.7142857142857143,0.8333333333333334,0.7692307692307693,0.8333333333333334,0.8268398268398269,0.3834944486836129,0.35,36,14,2,3
0.7352941176470589,0.7142857142857143,0.8333333333333334,0.7692307692307693,0.8333333333333334,0.8268398268398269,0.3834944486836129,0.35,36,15,2,3
0.7352941176470589,0.7142857142857143,0.8333333333333334,0.7692307692307693,0.8333333333333334,0.8268398268398269,0.3834944486836129,0.35,37,5,2,3
0.7352941176470589,0.7142857142857143,0.8333333333333334,0.7692307692307693,0.8333333333333334,0.8268398268398269,0.3834944486836129,0.35,37,6,2,3
0.7352941176470589,0.7142857142857143,0.8333333333333334,0.7692307692307693,0.8333333333333334,0.8268398268398269,0.3834944486836129,0.35,37,7,2,3
0.7352941176470589,0.7142857142857143,0.8333333333333334,0.7692307692307693,0.8333333333333334,0.8268398268398269,0.3834944486836129,0.35,37,8,2,3
0.7352941176470589,0.7142857142857143,0.8333333333333334,0.7692307692307693,0.8333333333333334,0.8268398268398269,0.3834944486836129,0.35,37,9,2,3
0.7352941176470589,0.7142857142857143,0.8333333333333334,0.7692307692307693,0.8333333333333334,0.8268398268398269,0.3834944486836129,0.35,37,10,2,3
0.7352941176470589,0.7142857142857143,0.8333333333333334,0.7692307692307693,0.8333333333333334,0.8268398268398269,0.3834944486836129,0.35,37,11,2,3
0.7352941176470589,0.7142857142857143,0.8333333333333334,0.7692307692307693,0.8333333333333334,0.8268398268398269,0.3834944486836129,0.35,37,12,2,3
0.7352941176470589,0.7142857142857143,0.8333333333333334,0.7692307692307693,0.8333333333333334,0.8268398268398269,0.3834944486836129,0.35,37,13,2,3
0.7352941176470589,0.7142857142857143,0.8333333333333334,0.7692307692307693,0.8333333333333334,0.8268398268398269,0.3834944486836129,0.35,37,14,2,3
0.7352941176470589,0.7142857142857143,0.8333333333333334,0.7692307692307693,0.8333333333333334,0.8268398268398269,0.3834944486836129,0.35,37,15,2,3
0.7352941176470589,0.7142857142857143,0.8333333333333334,0.7692307692307693,0.8333333333333334,0.8268398268398269,0.3834944486836129,0.35,38,5,2,3
0.7352941176470589,0.7142857142857143,0.8333333333333334,0.7692307692307693,0.8333333333333334,0.8268398268398269,0.3834944486836129,0.35,38,6,2,3
0.7352941176470589,0.7142857142857143,0.8333333333333334,0.7692307692307693,0.8333333333333334,0.8268398268398269,0.3834944486836129,0.35,38,7,2,3
0.7352941176470589,0.7142857142857143,0.8333333333333334,0.7692307692307693,0.8333333333333334,0.8268398268398269,0.3834944486836129,0.35,38,8,2,3
0.7352941176470589,0.7142857142857143,0.8333333333333334,0.7692307692307693,0.8333333333333334,0.8268398268398269,0.3834944486836129,0.35,38,9,2,3
0.7352941176470589,0.7142857142857143,0.8333333333333334,0.7692307692307693,0.8333333333333334,0.8268398268398269,0.3834944486836129,0.35,38,10,2,3
0.7352941176470589,0.7142857142857143,0.8333333333333334,0.7692307692307693,0.8333333333333334,0.8268398268398269,0.3834944486836129,0.35,38,11,2,3
0.7352941176470589,0.7142857142857143,0.8333333333333334,0.7692307692307693,0.8333333333333334,0.8268398268398269,0.3834944486836129,0.35,38,12,2,3
0.7352941176470589,0.7142857142857143,0.8333333333333334,0.7692307692307693,0.8333333333333334,0.8268398268398269,0.3834944486836129,0.35,38,13,2,3
0.7352941176470589,0.7142857142857143,0.8333333333333334,0.7692307692307693,0.8333333333333334,0.8268398268398269,0.3834944486836129,0.35,38,14,2,3
0.7352941176470589,0.7142857142857143,0.8333333333333334,0.7692307692307693,0.8333333333333334,0.8268398268398269,0.3834944486836129,0.35,38,15,2,3
0.7352941176470589,0.7142857142857143,0.8333333333333334,0.7692307692307693,0.8333333333333334,0.8268398268398269,0.3834944486836129,0.35,39,5,2,3
0.7352941176470589,0.7142857142857143,0.8333333333333334,0.7692307692307693,0.8333333333333334,0.8268398268398269,0.3834944486836129,0.35,39,6,2,3
0.7352941176470589,0.7142857142857143,0.8333333333333334,0.7692307692307693,0.8333333333333334,0.8268398268398269,0.3834944486836129,0.35,39,7,2,3
0.7352941176470589,0.7142857142857143,0.8333333333333334,0.7692307692307693,0.8333333333333334,0.8268398268398269,0.3834944486836129,0.35,39,8,2,3
0.7352941176470589,0.7142857142857143,0.8333333333333334,0.7692307692307693,0.8333333333333334,0.8268398268398269,0.3834944486836129,0.35,39,9,2,3
0.7352941176470589,0.7142857142857143,0.8333333333333334,0.7692307692307693,0.8333333333333334,0.8268398268398269,0.3834944486836129,0.35,39,10,2,3
0.7352941176470589,0.7142857142857143,0.8333333333333334,0.7692307692307693,0.8333333333333334,0.8268398268398269,0.3834944486836129,0.35,39,11,2,3
0.7352941176470589,0.7142857142857143,0.8333333333333334,0.7692307692307693,0.8333333333333334,0.8268398268398269,0.3834944486836129,0.35,39,12,2,3
0.7352941176470589,0.7142857142857143,0.8333333333333334,0.7692307692307693,0.8333333333333334,0.8268398268398269,0.3834944486836129,0.35,39,13,2,3
0.7352941176470589,0.7142857142857143,0.8333333333333334,0.7692307692307693,0.8333333333333334,0.8268398268398269,0.3834944486836129,0.35,39,14,2,3
0.7352941176470589,0.7142857142857143,0.8333333333333334,0.7692307692307693,0.8333333333333334,0.8268398268398269,0.3834944486836129,0.35,39,15,2,3
0.7352941176470589,0.7142857142857143,0.8333333333333334,0.7692307692307693,0.8333333333333334,0.8268398268398269,0.3834944486836129,0.35,40,5,2,3
0.7352941176470589,0.7142857142857143,0.8333333333333334,0.7692307692307693,0.8333333333333334,0.8268398268398269,0.3834944486836129,0.35,40,6,2,3
0.7352941176470589,0.7142857142857143,0.8333333333333334,0.7692307692307693,0.8333333333333334,0.8268398268398269,0.3834944486836129,0.35,40,7,2,3
0.7352941176470589,0.7142857142857143,0.8333333333333334,0.7692307692307693,0.8333333333333334,0.8268398268398269,0.3834944486836129,0.35,40,8,2,3
0.7352941176470589,0.7142857142857143,0.8333333333333334,0.7692307692307693,0.8333333333333334,0.8268398268398269,0.3834944486836129,0.35,40,9,2,3
0.7352941176470589,0.7142857142857143,0.8333333333333334,0.7692307692307693,0.8333333333333334,0.8268398268398269,0.3834944486836129,0.35,40,10,2,3
0.7352941176470589,0.7142857142857143,0.8333333333333334,0.7692307692307693,0.8333333333333334,0.8268398268398269,0.3834944486836129,0.35,40,11,2,3
0.7352941176470589,0.7142857142857143,0.8333333333333334,0.7692307692307693,0.8333333333333334,0.8268398268398269,0.3834944486836129,0.35,40,12,2,3
0.7352941176470589,0.7142857142857143,0.8333333333333334,0.7692307692307693,0.8333333333333334,0.8268398268398269,0.3834944486836129,0.35,40,13,2,3
0.7352941176470589,0.7142857142857143,0.8333333333333334,0.7692307692307693,0.8333333333333334,0.8268398268398269,0.3834944486836129,0.35,40,14,2,3
0.7352941176470589,0.7142857142857143,0.8333333333333334,0.7692307692307693,0.8333333333333334,0.8268398268398269,0.3834944486836129,0.35,40,15,2,3
0.7352941176470589,0.7142857142857143,0.8333333333333334,0.7692307692307693,0.8333333333333334,0.8268398268398269,0.3834944486836129,0.35,41,5,2,3
0.7352941176470589,0.7142857142857143,0.8333333333333334,0.7692307692307693,0.8333333333333334,0.8268398268398269,0.3834944486836129,0.35,41,6,2,3
0.7352941176470589,0.7142857142857143,0.8333333333333334,0.7692307692307693,0.8333333333333334,0.8268398268398269,0.3834944486836129,0.35,41,7,2,3
0.7352941176470589,0.7142857142857143,0.8333333333333334,0.7692307692307693,0.8333333333333334,0.8268398268398269,0.3834944486836129,0.35,41,8,2,3
0.7352941176470589,0.7142857142857143,0.8333333333333334,0.7692307692307693,0.8333333333333334,0.8268398268398269,0.3834944486836129,0.35,41,9,2,3
0.7352941176470589,0.7142857142857143,0.8333333333333334,0.7692307692307693,0.8333333333333334,0.8268398268398269,0.3834944486836129,0.35,41,10,2,3
0.7352941176470589,0.7142857142857143,0.8333333333333334,0.7692307692307693,0.8333333333333334,0.8268398268398269,0.3834944486836129,0.35,41,11,2,3
0.7352941176470589,0.7142857142857143,0.8333333333333334,0.7692307692307693,0.8333333333333334,0.8268398268398269,0.3834944486836129,0.35,41,12,2,3
0.7352941176470589,0.7142857142857143,0.8333333333333334,0.7692307692307693,0.8333333333333334,0.8268398268398269,0.3834944486836129,0.35,41,13,2,3
0.7352941176470589,0.7142857142857143,0.8333333333333334,0.7692307692307693,0.8333333333333334,0.8268398268398269,0.3834944486836129,0.35,41,14,2,3
0.7352941176470589,0.7142857142857143,0.8333333333333334,0.7692307692307693,0.8333333333333334,0.8268398268398269,0.3834944486836129,0.35,41,15,2,3
0.7352941176470589,0.7142857142857143,0.8333333333333334,0.7692307692307693,0.8333333333333334,0.8268398268398269,0.3834944486836129,0.35,42,5,2,3
0.7352941176470589,0.7142857142857143,0.8333333333333334,0.7692307692307693,0.8333333333333334,0.8268398268398269,0.3834944486836129,0.35,42,6,2,3
0.7352941176470589,0.7142857142857143,0.8333333333333334,0.7692307692307693,0.8333333333333334,0.8268398268398269,0.3834944486836129,0.35,42,7,2,3
0.7352941176470589,0.7142857142857143,0.8333333333333334,0.7692307692307693,0.8333333333333334,0.8268398268398269,0.3834944486836129,0.35,42,8,2,3
0.7352941176470589,0.7142857142857143,0.8333333333333334,0.7692307692307693,0.8333333333333334,0.8268398268398269,0.3834944486836129,0.35,42,9,2,3
0.7352941176470589,0.7142857142857143,0.8333333333333334,0.7692307692307693,0.8333333333333334,0.8268398268398269,0.3834944486836129,0.35,42,10,2,3
0.7352941176470589,0.7142857142857143,0.8333333333333334,0.7692307692307693,0.8333333333333334,0.8268398268398269,0.3834944486836129,0.35,42,11,2,3
0.7352941176470589,0.7142857142857143,0.8333333333333334,0.7692307692307693,0.8333333333333334,0.8268398268398269,0.3834944486836129,0.35,42,12,2,3
0.7352941176470589,0.7142857142857143,0.8333333333333334,0.7692307692307693,0.8333333333333334,0.8268398268398269,0.3834944486836129,0.35,42,13,2,3
0.7352941176470589,0.7142857142857143,0.8333333333333334,0.7692307692307693,0.8333333333333334,0.8268398268398269,0.3834944486836129,0.35,42,14,2,3
0.7352941176470589,0.7142857142857143,0.8333333333333334,0.7692307692307693,0.8333333333333334,0.8268398268398269,0.3834944486836129,0.35,42,15,2,3
0.7352941176470589,0.7142857142857143,0.8333333333333334,0.7692307692307693,0.8333333333333334,0.8268398268398269,0.3834944486836129,0.35,43,5,2,3
0.7352941176470589,0.7142857142857143,0.8333333333333334,0.7692307692307693,0.8333333333333334,0.8268398268398269,0.3834944486836129,0.35,43,6,2,3
0.7352941176470589,0.7142857142857143,0.8333333333333334,0.7692307692307693,0.8333333333333334,0.8268398268398269,0.3834944486836129,0.35,43,7,2,3
0.7352941176470589,0.7142857142857143,0.8333333333333334,0.7692307692307693,0.8333333333333334,0.8268398268398269,0.3834944486836129,0.35,43,8,2,3
0.7352941176470589,0.7142857142857143,0.8333333333333334,0.7692307692307693,0.8333333333333334,0.8268398268398269,0.3834944486836129,0.35,43,9,2,3
0.7352941176470589,0.7142857142857143,0.8333333333333334,0.7692307692307693,0.8333333333333334,0.8268398268398269,0.3834944486836129,0.35,43,10,2,3
0.7352941176470589,0.7142857142857143,0.8333333333333334,0.7692307692307693,0.8333333333333334,0.8268398268398269,0.3834944486836129,0.35,43,11,2,3
0.7352941176470589,0.7142857142857143,0.8333333333333334,0.7692307692307693,0.8333333333333334,0.8268398268398269,0.3834944486836129,0.35,43,12,2,3
0.7352941176470589,0.7142857142857143,0.8333333333333334,0.7692307692307693,0.8333333333333334,0.8268398268398269,0.3834944486836129,0.35,43,13,2,3
0.7352941176470589,0.7142857142857143,0.8333333333333334,0.7692307692307693,0.8333333333333334,0.8268398268398269,0.3834944486836129,0.35,43,14,2,3
0.7352941176470589,0.7142857142857143,0.8333333333333334,0.7692307692307693,0.8333333333333334,0.8268398268398269,0.3834944486836129,0.35,43,15,2,3
0.7352941176470589,0.7142857142857143,0.8333333333333334,0.7692307692307693,0.8333333333333334,0.8268398268398269,0.3834944486836129,0.35,44,5,2,3
0.7352941176470589,0.7142857142857143,0.8333333333333334,0.7692307692307693,0.8333333333333334,0.8268398268398269,0.3834944486836129,0.35,44,6,2,3
0.7352941176470589,0.7142857142857143,0.8333333333333334,0.7692307692307693,0.8333333333333334,0.8268398268398269,0.3834944486836129,0.35,44,7,2,3
0.7352941176470589,0.7142857142857143,0.8333333333333334,0.7692307692307693,0.8333333333333334,0.8268398268398269,0.3834944486836129,0.35,44,8,2,3
0.7352941176470589,0.7142857142857143,0.8333333333333334,0.7692307692307693,0.8333333333333334,0.8268398268398269,0.3834944486836129,0.35,44,9,2,3
0.7352941176470589,0.7142857142857143,0.8333333333333334,0.7692307692307693,0.8333333333333334,0.8268398268398269,0.3834944486836129,0.35,44,10,2,3
0.7352941176470589,0.7142857142857143,0.8333333333333334,0.7692307692307693,0.8333333333333334,0.8268398268398269,0.3834944486836129,0.35,44,11,2,3
0.7352941176470589,0.7142857142857143,0.8333333333333334,0.7692307692307693,0.8333333333333334,0.8268398268398269,0.3834944486836129,0.35,44,12,2,3
0.7352941176470589,0.7142857142857143,0.8333333333333334,0.7692307692307693,0.8333333333333334,0.8268398268398269,0.3834944486836129,0.35,44,13,2,3
0.7352941176470589,0.7142857142857143,0.8333333333333334,0.7692307692307693,0.8333333333333334,0.8268398268398269,0.3834944486836129,0.35,44,14,2,3
0.7352941176470589,0.7142857142857143,0.8333333333333334,0.7692307692307693,0.8333333333333334,0.8268398268398269,0.3834944486836129,0.35,44,15,2,3
0.7352941176470589,0.7142857142857143,0.8333333333333334,0.7692307692307693,0.8333333333333334,0.8116883116883117,0.393333731078779,0.35,45,5,1,2
0.7352941176470589,0.7142857142857143,0.8333333333333334,0.7692307692307693,0.8333333333333334,0.8116883116883117,0.393333731078779,0.35,45,6,1,2
0.7352941176470589,0.7142857142857143,0.8333333333333334,0.7692307692307693,0.8333333333333334,0.8116883116883117,0.393333731078779,0.35,45,7,1,2
0.7352941176470589,0.7142857142857143,0.8333333333333334,0.7692307692307693,0.8333333333333334,0.8116883116883117,0.393333731078779,0.35,45,8,1,2
0.7352941176470589,0.7142857142857143,0.8333333333333334,0.7692307692307693,0.8333333333333334,0.8116883116883117,0.393333731078779,0.35,45,9,1,2
0.7352941176470589,0.7142857142857143,0.8333333333333334,0.7692307692307693,0.8333333333333334,0.8116883116883117,0.393333731078779,0.35,45,10,1,2
0.7352941176470589,0.7142857142857143,0.8333333333333334,0.7692307692307693,0.8333333333333334,0.8116883116883117,0.393333731078779,0.35,45,11,1,2
0.7352941176470589,0.7142857142857143,0.8333333333333334,0.7692307692307693,0.8333333333333334,0.8116883116883117,0.393333731078779,0.35,45,12,1,2
0.7352941176470589,0.7142857142857143,0.8333333333333334,0.7692307692307693,0.8333333333333334,0.8116883116883117,0.393333731078779,0.35,45,13,1,2
0.7352941176470589,0.7142857142857143,0.8333333333333334,0.7692307692307693,0.8333333333333334,0.8116883116883117,0.393333731078779,0.35,45,14,1,2
0.7352941176470589,0.7142857142857143,0.8333333333333334,0.7692307692307693,0.8333333333333334,0.8116883116883117,0.393333731078779,0.35,45,15,1,2
0.7352941176470589,0.7142857142857143,0.8333333333333334,0.7692307692307693,0.8333333333333334,0.8116883116883117,0.393333731078779,0.35,46,5,1,2
0.7352941176470589,0.7142857142857143,0.8333333333333334,0.7692307692307693,0.8333333333333334,0.8116883116883117,0.393333731078779,0.35,46,6,1,2
0.7352941176470589,0.7142857142857143,0.8333333333333334,0.7692307692307693,0.8333333333333334,0.8116883116883117,0.393333731078779,0.35,46,7,1,2
0.7352941176470589,0.7142857142857143,0.8333333333333334,0.7692307692307693,0.8333333333333334,0.8116883116883117,0.393333731078779,0.35,46,8,1,2
0.7352941176470589,0.7142857142857143,0.8333333333333334,0.7692307692307693,0.8333333333333334,0.8116883116883117,0.393333731078779,0.35,46,9,1,2
0.7352941176470589,0.7142857142857143,0.8333333333333334,0.7692307692307693,0.8333333333333334,0.8116883116883117,0.393333731078779,0.35,46,10,1,2
0.7352941176470589,0.7142857142857143,0.8333333333333334,0.7692307692307693,0.8333333333333334,0.8116883116883117,0.393333731078779,0.35,46,11,1,2
0.7352941176470589,0.7142857142857143,0.8333333333333334,0.7692307692307693,0.8333333333333334,0.8116883116883117,0.393333731078779,0.35,46,12,1,2
0.7352941176470589,0.7142857142857143,0.8333333333333334,0.7692307692307693,0.8333333333333334,0.8116883116883117,0.393333731078779,0.35,46,13,1,2
0.7352941176470589,0.7142857142857143,0.8333333333333334,0.7692307692307693,0.8333333333333334,0.8116883116883117,0.393333731078779,0.35,46,14,1,2
0.7352941176470589,0.7142857142857143,0.8333333333333334,0.7692307692307693,0.8333333333333334,0.8116883116883117,0.393333731078779,0.35,46,15,1,2
0.7352941176470589,0.7142857142857143,0.8333333333333334,0.7692307692307693,0.8333333333333334,0.8116883116883117,0.393333731078779,0.35,47,5,1,2
0.7352941176470589,0.7142857142857143,0.8333333333333334,0.7692307692307693,0.8333333333333334,0.8116883116883117,0.393333731078779,0.35,47,6,1,2
0.7352941176470589,0.7142857142857143,0.8333333333333334,0.7692307692307693,0.8333333333333334,0.8116883116883117,0.393333731078779,0.35,47,7,1,2
0.7352941176470589,0.7142857142857143,0.8333333333333334,0.7692307692307693,0.8333333333333334,0.8116883116883117,0.393333731078779,0.35,47,8,1,2
0.7352941176470589,0.7142857142857143,0.8333333333333334,0.7692307692307693,0.8333333333333334,0.8116883116883117,0.393333731078779,0.35,47,9,1,2
0.7352941176470589,0.7142857142857143,0.8333333333333334,0.7692307692307693,0.8333333333333334,0.8116883116883117,0.393333731078779,0.35,47,10,1,2
0.7352941176470589,0.7142857142857143,0.8333333333333334,0.7692307692307693,0.8333333333333334,0.8116883116883117,0.393333731078779,0.35,47,11,1,2
0.7352941176470589,0.7142857142857143,0.8333333333333334,0.7692307692307693,0.8333333333333334,0.8116883116883117,0.393333731078779,0.35,47,12,1,2
0.7352941176470589,0.7142857142857143,0.8333333333333334,0.7692307692307693,0.8333333333333334,0.8116883116883117,0.393333731078779,0.35,47,13,1,2
0.7352941176470589,0.7142857142857143,0.8333333333333334,0.7692307692307693,0.8333333333333334,0.8116883116883117,0.393333731078779,0.35,47,14,1,2
0.7352941176470589,0.7142857142857143,0.8333333333333334,0.7692307692307693,0.8333333333333334,0.8116883116883117,0.393333731078779,0.35,47,15,1,2
0.7352941176470589,0.7142857142857143,0.8333333333333334,0.7692307692307693,0.8333333333333334,0.8116883116883117,0.393333731078779,0.35,48,5,1,2
0.7352941176470589,0.7142857142857143,0.8333333333333334,0.7692307692307693,0.8333333333333334,0.8116883116883117,0.393333731078779,0.35,48,6,1,2
0.7352941176470589,0.7142857142857143,0.8333333333333334,0.7692307692307693,0.8333333333333334,0.8116883116883117,0.393333731078779,0.35,48,7,1,2
0.7352941176470589,0.7142857142857143,0.8333333333333334,0.7692307692307693,0.8333333333333334,0.8116883116883117,0.393333731078779,0.35,48,8,1,2
0.7352941176470589,0.7142857142857143,0.8333333333333334,0.7692307692307693,0.8333333333333334,0.8116883116883117,0.393333731078779,0.35,48,9,1,2
0.7352941176470589,0.7142857142857143,0.8333333333333334,0.7692307692307693,0.8333333333333334,0.8116883116883117,0.393333731078779,0.35,48,10,1,2
0.7352941176470589,0.7142857142857143,0.8333333333333334,0.7692307692307693,0.8333333333333334,0.8116883116883117,0.393333731078779,0.35,48,11,1,2
0.7352941176470589,0.7142857142857143,0.8333333333333334,0.7692307692307693,0.8333333333333334,0.8116883116883117,0.393333731078779,0.35,48,12,1,2
0.7352941176470589,0.7142857142857143,0.8333333333333334,0.7692307692307693,0.8333333333333334,0.8116883116883117,0.393333731078779,0.35,48,13,1,2
0.7352941176470589,0.7142857142857143,0.8333333333333334,0.7692307692307693,0.8333333333333334,0.8116883116883117,0.393333731078779,0.35,48,14,1,2
0.7352941176470589,0.7142857142857143,0.8333333333333334,0.7692307692307693,0.8333333333333334,0.8116883116883117,0.393333731078779,0.35,48,15,1,2
0.7352941176470589,0.7142857142857143,0.8333333333333334,0.7692307692307693,0.8333333333333334,0.8116883116883117,0.393333731078779,0.35,49,5,1,2
0.7352941176470589,0.7142857142857143,0.8333333333333334,0.7692307692307693,0.8333333333333334,0.8116883116883117,0.393333731078779,0.35,49,6,1,2
0.7352941176470589,0.7142857142857143,0.8333333333333334,0.7692307692307693,0.8333333333333334,0.8116883116883117,0.393333731078779,0.35,49,7,1,2
0.7352941176470589,0.7142857142857143,0.8333333333333334,0.7692307692307693,0.8333333333333334,0.8116883116883117,0.393333731078779,0.35,49,8,1,2
0.7352941176470589,0.7142857142857143,0.8333333333333334,0.7692307692307693,0.8333333333333334,0.8116883116883117,0.393333731078779,0.35,49,9,1,2
0.7352941176470589,0.7142857142857143,0.8333333333333334,0.7692307692307693,0.8333333333333334,0.8116883116883117,0.393333731078779,0.35,49,10,1,2
0.7352941176470589,0.7142857142857143,0.8333333333333334,0.7692307692307693,0.8333333333333334,0.8116883116883117,0.393333731078779,0.35,49,11,1,2
0.7352941176470589,0.7142857142857143,0.8333333333333334,0.7692307692307693,0.8333333333333334,0.8116883116883117,0.393333731078779,0.35,49,12,1,2
0.7352941176470589,0.7142857142857143,0.8333333333333334,0.7692307692307693,0.8333333333333334,0.8116883116883117,0.393333731078779,0.35,49,13,1,2
0.7352941176470589,0.7142857142857143,0.8333333333333334,0.7692307692307693,0.8333333333333334,0.8116883116883117,0.393333731078779,0.35,49,14,1,2
0.7352941176470589,0.7142857142857143,0.8333333333333334,0.7692307692307693,0.8333333333333334,0.8116883116883117,0.393333731078779,0.35,49,15,1,2
0.7352941176470589,0.7142857142857143,0.8333333333333334,0.7692307692307693,0.8333333333333334,0.8116883116883117,0.393333731078779,0.35,50,5,1,2
0.7352941176470589,0.7142857142857143,0.8333333333333334,0.7692307692307693,0.8333333333333334,0.8116883116883117,0.393333731078779,0.35,50,6,1,2
0.7352941176470589,0.7142857142857143,0.8333333333333334,0.7692307692307693,0.8333333333333334,0.8116883116883117,0.393333731078779,0.35,50,7,1,2
0.7352941176470589,0.7142857142857143,0.8333333333333334,0.7692307692307693,0.8333333333333334,0.8116883116883117,0.393333731078779,0.35,50,8,1,2
0.7352941176470589,0.7142857142857143,0.8333333333333334,0.7692307692307693,0.8333333333333334,0.8116883116883117,0.393333731078779,0.35,50,9,1,2
0.7352941176470589,0.7142857142857143,0.8333333333333334,0.7692307692307693,0.8333333333333334,0.8116883116883117,0.393333731078779,0.35,50,10,1,2
0.7352941176470589,0.7142857142857143,0.8333333333333334,0.7692307692307693,0.8333333333333334,0.8116883116883117,0.393333731078779,0.35,50,11,1,2
0.7352941176470589,0.7142857142857143,0.8333333333333334,0.7692307692307693,0.8333333333333334,0.8116883116883117,0.393333731078779,0.35,50,12,1,2
0.7352941176470589,0.7142857142857143,0.8333333333333334,0.7692307692307693,0.8333333333333334,0.8116883116883117,0.393333731078779,0.35,50,13,1,2
0.7352941176470589,0.7142857142857143,0.8333333333333334,0.7692307692307693,0.8333333333333334,0.8116883116883117,0.393333731078779,0.35,50,14,1,2
0.7352941176470589,0.7142857142857143,0.8333333333333334,0.7692307692307693,0.8333333333333334,0.8116883116883117,0.393333731078779,0.35,50,15,1,2
0.7352941176470589,0.7142857142857143,0.8333333333333334,0.7692307692307693,0.8333333333333334,0.8268398268398269,0.3834944486836129,0.4,31,5,2,3
0.7352941176470589,0.7142857142857143,0.8333333333333334,0.7692307692307693,0.8333333333333334,0.8268398268398269,0.3834944486836129,0.4,31,6,2,3
0.7352941176470589,0.7142857142857143,0.8333333333333334,0.7692307692307693,0.8333333333333334,0.8268398268398269,0.3834944486836129,0.4,31,7,2,3
0.7352941176470589,0.7142857142857143,0.8333333333333334,0.7692307692307693,0.8333333333333334,0.8268398268398269,0.3834944486836129,0.4,31,8,2,3
0.7352941176470589,0.7142857142857143,0.8333333333333334,0.7692307692307693,0.8333333333333334,0.8268398268398269,0.3834944486836129,0.4,31,9,2,3
0.7352941176470589,0.7142857142857143,0.8333333333333334,0.7692307692307693,0.8333333333333334,0.8268398268398269,0.3834944486836129,0.4,31,10,2,3
0.7352941176470589,0.7142857142857143,0.8333333333333334,0.7692307692307693,0.8333333333333334,0.8268398268398269,0.3834944486836129,0.4,31,11,2,3
0.7352941176470589,0.7142857142857143,0.8333333333333334,0.7692307692307693,0.8333333333333334,0.8268398268398269,0.3834944486836129,0.4,31,12,2,3
0.7352941176470589,0.7142857142857143,0.8333333333333334,0.7692307692307693,0.8333333333333334,0.8268398268398269,0.3834944486836129,0.4,31,13,2,3
0.7352941176470589,0.7142857142857143,0.8333333333333334,0.7692307692307693,0.8333333333333334,0.8268398268398269,0.3834944486836129,0.4,31,14,2,3
0.7352941176470589,0.7142857142857143,0.8333333333333334,0.7692307692307693,0.8333333333333334,0.8268398268398269,0.3834944486836129,0.4,31,15,2,3
0.7352941176470589,0.7142857142857143,0.8333333333333334,0.7692307692307693,0.8333333333333334,0.8268398268398269,0.3834944486836129,0.4,32,5,2,3
0.7352941176470589,0.7142857142857143,0.8333333333333334,0.7692307692307693,0.8333333333333334,0.8268398268398269,0.3834944486836129,0.4,32,6,2,3
0.7352941176470589,0.7142857142857143,0.8333333333333334,0.7692307692307693,0.8333333333333334,0.8268398268398269,0.3834944486836129,0.4,32,7,2,3
0.7352941176470589,0.7142857142857143,0.8333333333333334,0.7692307692307693,0.8333333333333334,0.8268398268398269,0.3834944486836129,0.4,32,8,2,3
0.7352941176470589,0.7142857142857143,0.8333333333333334,0.7692307692307693,0.8333333333333334,0.8268398268398269,0.3834944486836129,0.4,32,9,2,3
0.7352941176470589,0.7142857142857143,0.8333333333333334,0.7692307692307693,0.8333333333333334,0.8268398268398269,0.3834944486836129,0.4,32,10,2,3
0.7352941176470589,0.7142857142857143,0.8333333333333334,0.7692307692307693,0.8333333333333334,0.8268398268398269,0.3834944486836129,0.4,32,11,2,3
0.7352941176470589,0.7142857142857143,0.8333333333333334,0.7692307692307693,0.8333333333333334,0.8268398268398269,0.3834944486836129,0.4,32,12,2,3
0.7352941176470589,0.7142857142857143,0.8333333333333334,0.7692307692307693,0.8333333333333334,0.8268398268398269,0.3834944486836129,0.4,32,13,2,3
0.7352941176470589,0.7142857142857143,0.8333333333333334,0.7692307692307693,0.8333333333333334,0.8268398268398269,0.3834944486836129,0.4,32,14,2,3
0.7352941176470589,0.7142857142857143,0.8333333333333334,0.7692307692307693,0.8333333333333334,0.8268398268398269,0.3834944486836129,0.4,32,15,2,3
0.7352941176470589,0.7142857142857143,0.8333333333333334,0.7692307692307693,0.8333333333333334,0.8268398268398269,0.3834944486836129,0.4,33,5,2,3
0.7352941176470589,0.7142857142857143,0.8333333333333334,0.7692307692307693,0.8333333333333334,0.8268398268398269,0.3834944486836129,0.4,33,6,2,3
0.7352941176470589,0.7142857142857143,0.8333333333333334,0.7692307692307693,0.8333333333333334,0.8268398268398269,0.3834944486836129,0.4,33,7,2,3
0.7352941176470589,0.7142857142857143,0.8333333333333334,0.7692307692307693,0.8333333333333334,0.8268398268398269,0.3834944486836129,0.4,33,8,2,3
0.7352941176470589,0.7142857142857143,0.8333333333333334,0.7692307692307693,0.8333333333333334,0.8268398268398269,0.3834944486836129,0.4,33,9,2,3
0.7352941176470589,0.7142857142857143,0.8333333333333334,0.7692307692307693,0.8333333333333334,0.8268398268398269,0.3834944486836129,0.4,33,10,2,3
0.7352941176470589,0.7142857142857143,0.8333333333333334,0.7692307692307693,0.8333333333333334,0.8268398268398269,0.3834944486836129,0.4,33,11,2,3
0.7352941176470589,0.7142857142857143,0.8333333333333334,0.7692307692307693,0.8333333333333334,0.8268398268398269,0.3834944486836129,0.4,33,12,2,3
0.7352941176470589,0.7142857142857143,0.8333333333333334,0.7692307692307693,0.8333333333333334,0.8268398268398269,0.3834944486836129,0.4,33,13,2,3
0.7352941176470589,0.7142857142857143,0.8333333333333334,0.7692307692307693,0.8333333333333334,0.8268398268398269,0.3834944486836129,0.4,33,14,2,3
0.7352941176470589,0.7142857142857143,0.8333333333333334,0.7692307692307693,0.8333333333333334,0.8268398268398269,0.3834944486836129,0.4,33,15,2,3
0.7352941176470589,0.7142857142857143,0.8333333333333334,0.7692307692307693,0.8333333333333334,0.8268398268398269,0.3834944486836129,0.4,34,5,2,3
0.7352941176470589,0.7142857142857143,0.8333333333333334,0.7692307692307693,0.8333333333333334,0.8268398268398269,0.3834944486836129,0.4,34,6,2,3
0.7352941176470589,0.7142857142857143,0.8333333333333334,0.7692307692307693,0.8333333333333334,0.8268398268398269,0.3834944486836129,0.4,34,7,2,3
0.7352941176470589,0.7142857142857143,0.8333333333333334,0.7692307692307693,0.8333333333333334,0.8268398268398269,0.3834944486836129,0.4,34,8,2,3
0.7352941176470589,0.7142857142857143,0.8333333333333334,0.7692307692307693,0.8333333333333334,0.8268398268398269,0.3834944486836129,0.4,34,9,2,3
0.7352941176470589,0.7142857142857143,0.8333333333333334,0.7692307692307693,0.8333333333333334,0.8268398268398269,0.3834944486836129,0.4,34,10,2,3
0.7352941176470589,0.7142857142857143,0.8333333333333334,0.7692307692307693,0.8333333333333334,0.8268398268398269,0.3834944486836129,0.4,34,11,2,3
0.7352941176470589,0.7142857142857143,0.8333333333333334,0.7692307692307693,0.8333333333333334,0.8268398268398269,0.3834944486836129,0.4,34,12,2,3
0.7352941176470589,0.7142857142857143,0.8333333333333334,0.7692307692307693,0.8333333333333334,0.8268398268398269,0.3834944486836129,0.4,34,13,2,3
0.7352941176470589,0.7142857142857143,0.8333333333333334,0.7692307692307693,0.8333333333333334,0.8268398268398269,0.3834944486836129,0.4,34,14,2,3
0.7352941176470589,0.7142857142857143,0.8333333333333334,0.7692307692307693,0.8333333333333334,0.8268398268398269,0.3834944486836129,0.4,34,15,2,3
0.7352941176470589,0.7142857142857143,0.8333333333333334,0.7692307692307693,0.8333333333333334,0.8268398268398269,0.3834944486836129,0.4,35,5,2,3
0.7352941176470589,0.7142857142857143,0.8333333333333334,0.7692307692307693,0.8333333333333334,0.8268398268398269,0.3834944486836129,0.4,35,6,2,3
0.7352941176470589,0.7142857142857143,0.8333333333333334,0.7692307692307693,0.8333333333333334,0.8268398268398269,0.3834944486836129,0.4,35,7,2,3
0.7352941176470589,0.7142857142857143,0.8333333333333334,0.7692307692307693,0.8333333333333334,0.8268398268398269,0.3834944486836129,0.4,35,8,2,3
0.7352941176470589,0.7142857142857143,0.8333333333333334,0.7692307692307693,0.8333333333333334,0.8268398268398269,0.3834944486836129,0.4,35,9,2,3
0.7352941176470589,0.7142857142857143,0.8333333333333334,0.7692307692307693,0.8333333333333334,0.8268398268398269,0.3834944486836129,0.4,35,10,2,3
0.7352941176470589,0.7142857142857143,0.8333333333333334,0.7692307692307693,0.8333333333333334,0.8268398268398269,0.3834944486836129,0.4,35,11,2,3
0.7352941176470589,0.7142857142857143,0.8333333333333334,0.7692307692307693,0.8333333333333334,0.8268398268398269,0.3834944486836129,0.4,35,12,2,3
0.7352941176470589,0.7142857142857143,0.8333333333333334,0.7692307692307693,0.8333333333333334,0.8268398268398269,0.3834944486836129,0.4,35,13,2,3
0.7352941176470589,0.7142857142857143,0.8333333333333334,0.7692307692307693,0.8333333333333334,0.8268398268398269,0.3834944486836129,0.4,35,14,2,3
0.7352941176470589,0.7142857142857143,0.8333333333333334,0.7692307692307693,0.8333333333333334,0.8268398268398269,0.3834944486836129,0.4,35,15,2,3
0.7352941176470589,0.7142857142857143,0.8333333333333334,0.7692307692307693,0.8333333333333334,0.8268398268398269,0.3834944486836129,0.4,36,5,2,3
0.7352941176470589,0.7142857142857143,0.8333333333333334,0.7692307692307693,0.8333333333333334,0.8268398268398269,0.3834944486836129,0.4,36,6,2,3
0.7352941176470589,0.7142857142857143,0.8333333333333334,0.7692307692307693,0.8333333333333334,0.8268398268398269,0.3834944486836129,0.4,36,7,2,3
0.7352941176470589,0.7142857142857143,0.8333333333333334,0.7692307692307693,0.8333333333333334,0.8268398268398269,0.3834944486836129,0.4,36,8,2,3
0.7352941176470589,0.7142857142857143,0.8333333333333334,0.7692307692307693,0.8333333333333334,0.8268398268398269,0.3834944486836129,0.4,36,9,2,3
0.7352941176470589,0.7142857142857143,0.8333333333333334,0.7692307692307693,0.8333333333333334,0.8268398268398269,0.3834944486836129,0.4,36,10,2,3
0.7352941176470589,0.7142857142857143,0.8333333333333334,0.7692307692307693,0.8333333333333334,0.8268398268398269,0.3834944486836129,0.4,36,11,2,3
0.7352941176470589,0.7142857142857143,0.8333333333333334,0.7692307692307693,0.8333333333333334,0.8268398268398269,0.3834944486836129,0.4,36,12,2,3
0.7352941176470589,0.7142857142857143,0.8333333333333334,0.7692307692307693,0.8333333333333334,0.8268398268398269,0.3834944486836129,0.4,36,13,2,3
0.7352941176470589,0.7142857142857143,0.8333333333333334,0.7692307692307693,0.8333333333333334,0.8268398268398269,0.3834944486836129,0.4,36,14,2,3
0.7352941176470589,0.7142857142857143,0.8333333333333334,0.7692307692307693,0.8333333333333334,0.8268398268398269,0.3834944486836129,0.4,36,15,2,3
0.7352941176470589,0.7142857142857143,0.8333333333333334,0.7692307692307693,0.8333333333333334,0.8268398268398269,0.3834944486836129,0.4,37,5,2,3
0.7352941176470589,0.7142857142857143,0.8333333333333334,0.7692307692307693,0.8333333333333334,0.8268398268398269,0.3834944486836129,0.4,37,6,2,3
0.7352941176470589,0.7142857142857143,0.8333333333333334,0.7692307692307693,0.8333333333333334,0.8268398268398269,0.3834944486836129,0.4,37,7,2,3
0.7352941176470589,0.7142857142857143,0.8333333333333334,0.7692307692307693,0.8333333333333334,0.8268398268398269,0.3834944486836129,0.4,37,8,2,3
0.7352941176470589,0.7142857142857143,0.8333333333333334,0.7692307692307693,0.8333333333333334,0.8268398268398269,0.3834944486836129,0.4,37,9,2,3
0.7352941176470589,0.7142857142857143,0.8333333333333334,0.7692307692307693,0.8333333333333334,0.8268398268398269,0.3834944486836129,0.4,37,10,2,3
0.7352941176470589,0.7142857142857143,0.8333333333333334,0.7692307692307693,0.8333333333333334,0.8268398268398269,0.3834944486836129,0.4,37,11,2,3
0.7352941176470589,0.7142857142857143,0.8333333333333334,0.7692307692307693,0.8333333333333334,0.8268398268398269,0.3834944486836129,0.4,37,12,2,3
0.7352941176470589,0.7142857142857143,0.8333333333333334,0.7692307692307693,0.8333333333333334,0.8268398268398269,0.3834944486836129,0.4,37,13,2,3
0.7352941176470589,0.7142857142857143,0.8333333333333334,0.7692307692307693,0.8333333333333334,0.8268398268398269,0.3834944486836129,0.4,37,14,2,3
0.7352941176470589,0.7142857142857143,0.8333333333333334,0.7692307692307693,0.8333333333333334,0.8268398268398269,0.3834944486836129,0.4,37,15,2,3
0.7352941176470589,0.7142857142857143,0.8333333333333334,0.7692307692307693,0.8333333333333334,0.8268398268398269,0.3834944486836129,0.4,38,5,2,3
0.7352941176470589,0.7142857142857143,0.8333333333333334,0.7692307692307693,0.8333333333333334,0.8268398268398269,0.3834944486836129,0.4,38,6,2,3
0.7352941176470589,0.7142857142857143,0.8333333333333334,0.7692307692307693,0.8333333333333334,0.8268398268398269,0.3834944486836129,0.4,38,7,2,3
0.7352941176470589,0.7142857142857143,0.8333333333333334,0.7692307692307693,0.8333333333333334,0.8268398268398269,0.3834944486836129,0.4,38,8,2,3
0.7352941176470589,0.7142857142857143,0.8333333333333334,0.7692307692307693,0.8333333333333334,0.8268398268398269,0.3834944486836129,0.4,38,9,2,3
0.7352941176470589,0.7142857142857143,0.8333333333333334,0.7692307692307693,0.8333333333333334,0.8268398268398269,0.3834944486836129,0.4,38,10,2,3
0.7352941176470589,0.7142857142857143,0.8333333333333334,0.7692307692307693,0.8333333333333334,0.8268398268398269,0.3834944486836129,0.4,38,11,2,3
0.7352941176470589,0.7142857142857143,0.8333333333333334,0.7692307692307693,0.8333333333333334,0.8268398268398269,0.3834944486836129,0.4,38,12,2,3
0.7352941176470589,0.7142857142857143,0.8333333333333334,0.7692307692307693,0.8333333333333334,0.8268398268398269,0.3834944486836129,0.4,38,13,2,3
0.7352941176470589,0.7142857142857143,0.8333333333333334,0.7692307692307693,0.8333333333333334,0.8268398268398269,0.3834944486836129,0.4,38,14,2,3
0.7352941176470589,0.7142857142857143,0.8333333333333334,0.7692307692307693,0.8333333333333334,0.8268398268398269,0.3834944486836129,0.4,38,15,2,3
0.7352941176470589,0.7142857142857143,0.8333333333333334,0.7692307692307693,0.8333333333333334,0.8268398268398269,0.3834944486836129,0.4,39,5,2,3
0.7352941176470589,0.7142857142857143,0.8333333333333334,0.7692307692307693,0.8333333333333334,0.8268398268398269,0.3834944486836129,0.4,39,6,2,3
0.7352941176470589,0.7142857142857143,0.8333333333333334,0.7692307692307693,0.8333333333333334,0.8268398268398269,0.3834944486836129,0.4,39,7,2,3
0.7352941176470589,0.7142857142857143,0.8333333333333334,0.7692307692307693,0.8333333333333334,0.8268398268398269,0.3834944486836129,0.4,39,8,2,3
0.7352941176470589,0.7142857142857143,0.8333333333333334,0.7692307692307693,0.8333333333333334,0.8268398268398269,0.3834944486836129,0.4,39,9,2,3
0.7352941176470589,0.7142857142857143,0.8333333333333334,0.7692307692307693,0.8333333333333334,0.8268398268398269,0.3834944486836129,0.4,39,10,2,3
0.7352941176470589,0.7142857142857143,0.8333333333333334,0.7692307692307693,0.8333333333333334,0.8268398268398269,0.3834944486836129,0.4,39,11,2,3
0.7352941176470589,0.7142857142857143,0.8333333333333334,0.7692307692307693,0.8333333333333334,0.8268398268398269,0.3834944486836129,0.4,39,12,2,3
0.7352941176470589,0.7142857142857143,0.8333333333333334,0.7692307692307693,0.8333333333333334,0.8268398268398269,0.3834944486836129,0.4,39,13,2,3
0.7352941176470589,0.7142857142857143,0.8333333333333334,0.7692307692307693,0.8333333333333334,0.8268398268398269,0.3834944486836129,0.4,39,14,2,3
0.7352941176470589,0.7142857142857143,0.8333333333333334,0.7692307692307693,0.8333333333333334,0.8268398268398269,0.3834944486836129,0.4,39,15,2,3
0.7352941176470589,0.7142857142857143,0.8333333333333334,0.7692307692307693,0.8333333333333334,0.8268398268398269,0.3834944486836129,0.4,40,5,2,3
0.7352941176470589,0.7142857142857143,0.8333333333333334,0.7692307692307693,0.8333333333333334,0.8268398268398269,0.3834944486836129,0.4,40,6,2,3
0.7352941176470589,0.7142857142857143,0.8333333333333334,0.7692307692307693,0.8333333333333334,0.8268398268398269,0.3834944486836129,0.4,40,7,2,3
0.7352941176470589,0.7142857142857143,0.8333333333333334,0.7692307692307693,0.8333333333333334,0.8268398268398269,0.3834944486836129,0.4,40,8,2,3
0.7352941176470589,0.7142857142857143,0.8333333333333334,0.7692307692307693,0.8333333333333334,0.8268398268398269,0.3834944486836129,0.4,40,9,2,3
0.7352941176470589,0.7142857142857143,0.8333333333333334,0.7692307692307693,0.8333333333333334,0.8268398268398269,0.3834944486836129,0.4,40,10,2,3
0.7352941176470589,0.7142857142857143,0.8333333333333334,0.7692307692307693,0.8333333333333334,0.8268398268398269,0.3834944486836129,0.4,40,11,2,3
0.7352941176470589,0.7142857142857143,0.8333333333333334,0.7692307692307693,0.8333333333333334,0.8268398268398269,0.3834944486836129,0.4,40,12,2,3
0.7352941176470589,0.7142857142857143,0.8333333333333334,0.7692307692307693,0.8333333333333334,0.8268398268398269,0.3834944486836129,0.4,40,13,2,3
0.7352941176470589,0.7142857142857143,0.8333333333333334,0.7692307692307693,0.8333333333333334,0.8268398268398269,0.3834944486836129,0.4,40,14,2,3
0.7352941176470589,0.7142857142857143,0.8333333333333334,0.7692307692307693,0.8333333333333334,0.8268398268398269,0.3834944486836129,0.4,40,15,2,3
0.7352941176470589,0.7142857142857143,0.8333333333333334,0.7692307692307693,0.8333333333333334,0.8268398268398269,0.3834944486836129,0.4,41,5,2,3
0.7352941176470589,0.7142857142857143,0.8333333333333334,0.7692307692307693,0.8333333333333334,0.8268398268398269,0.3834944486836129,0.4,41,6,2,3
0.7352941176470589,0.7142857142857143,0.8333333333333334,0.7692307692307693,0.8333333333333334,0.8268398268398269,0.3834944486836129,0.4,41,7,2,3
0.7352941176470589,0.7142857142857143,0.8333333333333334,0.7692307692307693,0.8333333333333334,0.8268398268398269,0.3834944486836129,0.4,41,8,2,3
0.7352941176470589,0.7142857142857143,0.8333333333333334,0.7692307692307693,0.8333333333333334,0.8268398268398269,0.3834944486836129,0.4,41,9,2,3
0.7352941176470589,0.7142857142857143,0.8333333333333334,0.7692307692307693,0.8333333333333334,0.8268398268398269,0.3834944486836129,0.4,41,10,2,3
0.7352941176470589,0.7142857142857143,0.8333333333333334,0.7692307692307693,0.8333333333333334,0.8268398268398269,0.3834944486836129,0.4,41,11,2,3
0.7352941176470589,0.7142857142857143,0.8333333333333334,0.7692307692307693,0.8333333333333334,0.8268398268398269,0.3834944486836129,0.4,41,12,2,3
0.7352941176470589,0.7142857142857143,0.8333333333333334,0.7692307692307693,0.8333333333333334,0.8268398268398269,0.3834944486836129,0.4,41,13,2,3
0.7352941176470589,0.7142857142857143,0.8333333333333334,0.7692307692307693,0.8333333333333334,0.8268398268398269,0.3834944486836129,0.4,41,14,2,3
0.7352941176470589,0.7142857142857143,0.8333333333333334,0.7692307692307693,0.8333333333333334,0.8268398268398269,0.3834944486836129,0.4,41,15,2,3
0.7352941176470589,0.7142857142857143,0.8333333333333334,0.7692307692307693,0.8333333333333334,0.8268398268398269,0.3834944486836129,0.4,42,5,2,3
0.7352941176470589,0.7142857142857143,0.8333333333333334,0.7692307692307693,0.8333333333333334,0.8268398268398269,0.3834944486836129,0.4,42,6,2,3
0.7352941176470589,0.7142857142857143,0.8333333333333334,0.7692307692307693,0.8333333333333334,0.8268398268398269,0.3834944486836129,0.4,42,7,2,3
0.7352941176470589,0.7142857142857143,0.8333333333333334,0.7692307692307693,0.8333333333333334,0.8268398268398269,0.3834944486836129,0.4,42,8,2,3
0.7352941176470589,0.7142857142857143,0.8333333333333334,0.7692307692307693,0.8333333333333334,0.8268398268398269,0.3834944486836129,0.4,42,9,2,3
0.7352941176470589,0.7142857142857143,0.8333333333333334,0.7692307692307693,0.8333333333333334,0.8268398268398269,0.3834944486836129,0.4,42,10,2,3
0.7352941176470589,0.7142857142857143,0.8333333333333334,0.7692307692307693,0.8333333333333334,0.8268398268398269,0.3834944486836129,0.4,42,11,2,3
0.7352941176470589,0.7142857142857143,0.8333333333333334,0.7692307692307693,0.8333333333333334,0.8268398268398269,0.3834944486836129,0.4,42,12,2,3
0.7352941176470589,0.7142857142857143,0.8333333333333334,0.7692307692307693,0.8333333333333334,0.8268398268398269,0.3834944486836129,0.4,42,13,2,3
0.7352941176470589,0.7142857142857143,0.8333333333333334,0.7692307692307693,0.8333333333333334,0.8268398268398269,0.3834944486836129,0.4,42,14,2,3
0.7352941176470589,0.7142857142857143,0.8333333333333334,0.7692307692307693,0.8333333333333334,0.8268398268398269,0.3834944486836129,0.4,42,15,2,3
0.7352941176470589,0.7142857142857143,0.8333333333333334,0.7692307692307693,0.8333333333333334,0.8268398268398269,0.3834944486836129,0.4,43,5,2,3
0.7352941176470589,0.7142857142857143,0.8333333333333334,0.7692307692307693,0.8333333333333334,0.8268398268398269,0.3834944486836129,0.4,43,6,2,3
0.7352941176470589,0.7142857142857143,0.8333333333333334,0.7692307692307693,0.8333333333333334,0.8268398268398269,0.3834944486836129,0.4,43,7,2,3
0.7352941176470589,0.7142857142857143,0.8333333333333334,0.7692307692307693,0.8333333333333334,0.8268398268398269,0.3834944486836129,0.4,43,8,2,3
0.7352941176470589,0.7142857142857143,0.8333333333333334,0.7692307692307693,0.8333333333333334,0.8268398268398269,0.3834944486836129,0.4,43,9,2,3
0.7352941176470589,0.7142857142857143,0.8333333333333334,0.7692307692307693,0.8333333333333334,0.8268398268398269,0.3834944486836129,0.4,43,10,2,3
0.7352941176470589,0.7142857142857143,0.8333333333333334,0.7692307692307693,0.8333333333333334,0.8268398268398269,0.3834944486836129,0.4,43,11,2,3
0.7352941176470589,0.7142857142857143,0.8333333333333334,0.7692307692307693,0.8333333333333334,0.8268398268398269,0.3834944486836129,0.4,43,12,2,3
0.7352941176470589,0.7142857142857143,0.8333333333333334,0.7692307692307693,0.8333333333333334,0.8268398268398269,0.3834944486836129,0.4,43,13,2,3
0.7352941176470589,0.7142857142857143,0.8333333333333334,0.7692307692307693,0.8333333333333334,0.8268398268398269,0.3834944486836129,0.4,43,14,2,3
0.7352941176470589,0.7142857142857143,0.8333333333333334,0.7692307692307693,0.8333333333333334,0.8268398268398269,0.3834944486836129,0.4,43,15,2,3
0.7352941176470589,0.7142857142857143,0.8333333333333334,0.7692307692307693,0.8333333333333334,0.8268398268398269,0.3834944486836129,0.4,44,5,2,3
0.7352941176470589,0.7142857142857143,0.8333333333333334,0.7692307692307693,0.8333333333333334,0.8268398268398269,0.3834944486836129,0.4,44,6,2,3
0.7352941176470589,0.7142857142857143,0.8333333333333334,0.7692307692307693,0.8333333333333334,0.8268398268398269,0.3834944486836129,0.4,44,7,2,3
0.7352941176470589,0.7142857142857143,0.8333333333333334,0.7692307692307693,0.8333333333333334,0.8268398268398269,0.3834944486836129,0.4,44,8,2,3
0.7352941176470589,0.7142857142857143,0.8333333333333334,0.7692307692307693,0.8333333333333334,0.8268398268398269,0.3834944486836129,0.4,44,9,2,3
0.7352941176470589,0.7142857142857143,0.8333333333333334,0.7692307692307693,0.8333333333333334,0.8268398268398269,0.3834944486836129,0.4,44,10,2,3
0.7352941176470589,0.7142857142857143,0.8333333333333334,0.7692307692307693,0.8333333333333334,0.8268398268398269,0.3834944486836129,0.4,44,11,2,3
0.7352941176470589,0.7142857142857143,0.8333333333333334,0.7692307692307693,0.8333333333333334,0.8268398268398269,0.3834944486836129,0.4,44,12,2,3
0.7352941176470589,0.7142857142857143,0.8333333333333334,0.7692307692307693,0.8333333333333334,0.8268398268398269,0.3834944486836129,0.4,44,13,2,3
0.7352941176470589,0.7142857142857143,0.8333333333333334,0.7692307692307693,0.8333333333333334,0.8268398268398269,0.3834944486836129,0.4,44,14,2,3
0.7352941176470589,0.7142857142857143,0.8333333333333334,0.7692307692307693,0.8333333333333334,0.8268398268398269,0.3834944486836129,0.4,44,15,2,3
0.7352941176470589,0.7142857142857143,0.8333333333333334,0.7692307692307693,0.8333333333333334,0.8116883116883117,0.393333731078779,0.4,45,5,1,2
0.7352941176470589,0.7142857142857143,0.8333333333333334,0.7692307692307693,0.8333333333333334,0.8116883116883117,0.393333731078779,0.4,45,6,1,2
0.7352941176470589,0.7142857142857143,0.8333333333333334,0.7692307692307693,0.8333333333333334,0.8116883116883117,0.393333731078779,0.4,45,7,1,2
0.7352941176470589,0.7142857142857143,0.8333333333333334,0.7692307692307693,0.8333333333333334,0.8116883116883117,0.393333731078779,0.4,45,8,1,2
0.7352941176470589,0.7142857142857143,0.8333333333333334,0.7692307692307693,0.8333333333333334,0.8116883116883117,0.393333731078779,0.4,45,9,1,2
0.7352941176470589,0.7142857142857143,0.8333333333333334,0.7692307692307693,0.8333333333333334,0.8116883116883117,0.393333731078779,0.4,45,10,1,2
0.7352941176470589,0.7142857142857143,0.8333333333333334,0.7692307692307693,0.8333333333333334,0.8116883116883117,0.393333731078779,0.4,45,11,1,2
0.7352941176470589,0.7142857142857143,0.8333333333333334,0.7692307692307693,0.8333333333333334,0.8116883116883117,0.393333731078779,0.4,45,12,1,2
0.7352941176470589,0.7142857142857143,0.8333333333333334,0.7692307692307693,0.8333333333333334,0.8116883116883117,0.393333731078779,0.4,45,13,1,2
0.7352941176470589,0.7142857142857143,0.8333333333333334,0.7692307692307693,0.8333333333333334,0.8116883116883117,0.393333731078779,0.4,45,14,1,2
0.7352941176470589,0.7142857142857143,0.8333333333333334,0.7692307692307693,0.8333333333333334,0.8116883116883117,0.393333731078779,0.4,45,15,1,2
0.7352941176470589,0.7142857142857143,0.8333333333333334,0.7692307692307693,0.8333333333333334,0.8116883116883117,0.393333731078779,0.4,46,5,1,2
0.7352941176470589,0.7142857142857143,0.8333333333333334,0.7692307692307693,0.8333333333333334,0.8116883116883117,0.393333731078779,0.4,46,6,1,2
0.7352941176470589,0.7142857142857143,0.8333333333333334,0.7692307692307693,0.8333333333333334,0.8116883116883117,0.393333731078779,0.4,46,7,1,2
0.7352941176470589,0.7142857142857143,0.8333333333333334,0.7692307692307693,0.8333333333333334,0.8116883116883117,0.393333731078779,0.4,46,8,1,2
0.7352941176470589,0.7142857142857143,0.8333333333333334,0.7692307692307693,0.8333333333333334,0.8116883116883117,0.393333731078779,0.4,46,9,1,2
0.7352941176470589,0.7142857142857143,0.8333333333333334,0.7692307692307693,0.8333333333333334,0.8116883116883117,0.393333731078779,0.4,46,10,1,2
0.7352941176470589,0.7142857142857143,0.8333333333333334,0.7692307692307693,0.8333333333333334,0.8116883116883117,0.393333731078779,0.4,46,11,1,2
0.7352941176470589,0.7142857142857143,0.8333333333333334,0.7692307692307693,0.8333333333333334,0.8116883116883117,0.393333731078779,0.4,46,12,1,2
0.7352941176470589,0.7142857142857143,0.8333333333333334,0.7692307692307693,0.8333333333333334,0.8116883116883117,0.393333731078779,0.4,46,13,1,2
0.7352941176470589,0.7142857142857143,0.8333333333333334,0.7692307692307693,0.8333333333333334,0.8116883116883117,0.393333731078779,0.4,46,14,1,2
0.7352941176470589,0.7142857142857143,0.8333333333333334,0.7692307692307693,0.8333333333333334,0.8116883116883117,0.393333731078779,0.4,46,15,1,2
0.7352941176470589,0.7142857142857143,0.8333333333333334,0.7692307692307693,0.8333333333333334,0.8116883116883117,0.393333731078779,0.4,47,5,1,2
0.7352941176470589,0.7142857142857143,0.8333333333333334,0.7692307692307693,0.8333333333333334,0.8116883116883117,0.393333731078779,0.4,47,6,1,2
0.7352941176470589,0.7142857142857143,0.8333333333333334,0.7692307692307693,0.8333333333333334,0.8116883116883117,0.393333731078779,0.4,47,7,1,2
0.7352941176470589,0.7142857142857143,0.8333333333333334,0.7692307692307693,0.8333333333333334,0.8116883116883117,0.393333731078779,0.4,47,8,1,2
0.7352941176470589,0.7142857142857143,0.8333333333333334,0.7692307692307693,0.8333333333333334,0.8116883116883117,0.393333731078779,0.4,47,9,1,2
0.7352941176470589,0.7142857142857143,0.8333333333333334,0.7692307692307693,0.8333333333333334,0.8116883116883117,0.393333731078779,0.4,47,10,1,2
0.7352941176470589,0.7142857142857143,0.8333333333333334,0.7692307692307693,0.8333333333333334,0.8116883116883117,0.393333731078779,0.4,47,11,1,2
0.7352941176470589,0.7142857142857143,0.8333333333333334,0.7692307692307693,0.8333333333333334,0.8116883116883117,0.393333731078779,0.4,47,12,1,2
0.7352941176470589,0.7142857142857143,0.8333333333333334,0.7692307692307693,0.8333333333333334,0.8116883116883117,0.393333731078779,0.4,47,13,1,2
0.7352941176470589,0.7142857142857143,0.8333333333333334,0.7692307692307693,0.8333333333333334,0.8116883116883117,0.393333731078779,0.4,47,14,1,2
0.7352941176470589,0.7142857142857143,0.8333333333333334,0.7692307692307693,0.8333333333333334,0.8116883116883117,0.393333731078779,0.4,47,15,1,2
0.7352941176470589,0.7142857142857143,0.8333333333333334,0.7692307692307693,0.8333333333333334,0.8116883116883117,0.393333731078779,0.4,48,5,1,2
0.7352941176470589,0.7142857142857143,0.8333333333333334,0.7692307692307693,0.8333333333333334,0.8116883116883117,0.393333731078779,0.4,48,6,1,2
0.7352941176470589,0.7142857142857143,0.8333333333333334,0.7692307692307693,0.8333333333333334,0.8116883116883117,0.393333731078779,0.4,48,7,1,2
0.7352941176470589,0.7142857142857143,0.8333333333333334,0.7692307692307693,0.8333333333333334,0.8116883116883117,0.393333731078779,0.4,48,8,1,2
0.7352941176470589,0.7142857142857143,0.8333333333333334,0.7692307692307693,0.8333333333333334,0.8116883116883117,0.393333731078779,0.4,48,9,1,2
0.7352941176470589,0.7142857142857143,0.8333333333333334,0.7692307692307693,0.8333333333333334,0.8116883116883117,0.393333731078779,0.4,48,10,1,2
0.7352941176470589,0.7142857142857143,0.8333333333333334,0.7692307692307693,0.8333333333333334,0.8116883116883117,0.393333731078779,0.4,48,11,1,2
0.7352941176470589,0.7142857142857143,0.8333333333333334,0.7692307692307693,0.8333333333333334,0.8116883116883117,0.393333731078779,0.4,48,12,1,2
0.7352941176470589,0.7142857142857143,0.8333333333333334,0.7692307692307693,0.8333333333333334,0.8116883116883117,0.393333731078779,0.4,48,13,1,2
0.7352941176470589,0.7142857142857143,0.8333333333333334,0.7692307692307693,0.8333333333333334,0.8116883116883117,0.393333731078779,0.4,48,14,1,2
0.7352941176470589,0.7142857142857143,0.8333333333333334,0.7692307692307693,0.8333333333333334,0.8116883116883117,0.393333731078779,0.4,48,15,1,2
0.7352941176470589,0.7142857142857143,0.8333333333333334,0.7692307692307693,0.8333333333333334,0.8116883116883117,0.393333731078779,0.4,49,5,1,2
0.7352941176470589,0.7142857142857143,0.8333333333333334,0.7692307692307693,0.8333333333333334,0.8116883116883117,0.393333731078779,0.4,49,6,1,2
0.7352941176470589,0.7142857142857143,0.8333333333333334,0.7692307692307693,0.8333333333333334,0.8116883116883117,0.393333731078779,0.4,49,7,1,2
0.7352941176470589,0.7142857142857143,0.8333333333333334,0.7692307692307693,0.8333333333333334,0.8116883116883117,0.393333731078779,0.4,49,8,1,2
0.7352941176470589,0.7142857142857143,0.8333333333333334,0.7692307692307693,0.8333333333333334,0.8116883116883117,0.393333731078779,0.4,49,9,1,2
0.7352941176470589,0.7142857142857143,0.8333333333333334,0.7692307692307693,0.8333333333333334,0.8116883116883117,0.393333731078779,0.4,49,10,1,2
0.7352941176470589,0.7142857142857143,0.8333333333333334,0.7692307692307693,0.8333333333333334,0.8116883116883117,0.393333731078779,0.4,49,11,1,2
0.7352941176470589,0.7142857142857143,0.8333333333333334,0.7692307692307693,0.8333333333333334,0.8116883116883117,0.393333731078779,0.4,49,12,1,2
0.7352941176470589,0.7142857142857143,0.8333333333333334,0.7692307692307693,0.8333333333333334,0.8116883116883117,0.393333731078779,0.4,49,13,1,2
0.7352941176470589,0.7142857142857143,0.8333333333333334,0.7692307692307693,0.8333333333333334,0.8116883116883117,0.393333731078779,0.4,49,14,1,2
0.7352941176470589,0.7142857142857143,0.8333333333333334,0.7692307692307693,0.8333333333333334,0.8116883116883117,0.393333731078779,0.4,49,15,1,2
0.7352941176470589,0.7142857142857143,0.8333333333333334,0.7692307692307693,0.8333333333333334,0.8116883116883117,0.393333731078779,0.4,50,5,1,2
0.7352941176470589,0.7142857142857143,0.8333333333333334,0.7692307692307693,0.8333333333333334,0.8116883116883117,0.393333731078779,0.4,50,6,1,2
0.7352941176470589,0.7142857142857143,0.8333333333333334,0.7692307692307693,0.8333333333333334,0.8116883116883117,0.393333731078779,0.4,50,7,1,2
0.7352941176470589,0.7142857142857143,0.8333333333333334,0.7692307692307693,0.8333333333333334,0.8116883116883117,0.393333731078779,0.4,50,8,1,2
0.7352941176470589,0.7142857142857143,0.8333333333333334,0.7692307692307693,0.8333333333333334,0.8116883116883117,0.393333731078779,0.4,50,9,1,2
0.7352941176470589,0.7142857142857143,0.8333333333333334,0.7692307692307693,0.8333333333333334,0.8116883116883117,0.393333731078779,0.4,50,10,1,2
0.7352941176470589,0.7142857142857143,0.8333333333333334,0.7692307692307693,0.8333333333333334,0.8116883116883117,0.393333731078779,0.4,50,11,1,2
0.7352941176470589,0.7142857142857143,0.8333333333333334,0.7692307692307693,0.8333333333333334,0.8116883116883117,0.393333731078779,0.4,50,12,1,2
0.7352941176470589,0.7142857142857143,0.8333333333333334,0.7692307692307693,0.8333333333333334,0.8116883116883117,0.393333731078779,0.4,50,13,1,2
0.7352941176470589,0.7142857142857143,0.8333333333333334,0.7692307692307693,0.8333333333333334,0.8116883116883117,0.393333731078779,0.4,50,14,1,2
0.7352941176470589,0.7142857142857143,0.8333333333333334,0.7692307692307693,0.8333333333333334,0.8116883116883117,0.393333731078779,0.4,50,15,1,2
0.7352941176470589,0.7142857142857143,0.8333333333333334,0.7692307692307693,0.8333333333333334,0.8268398268398269,0.3834944486836129,0.45,31,5,2,3
0.7352941176470589,0.7142857142857143,0.8333333333333334,0.7692307692307693,0.8333333333333334,0.8268398268398269,0.3834944486836129,0.45,31,6,2,3
0.7352941176470589,0.7142857142857143,0.8333333333333334,0.7692307692307693,0.8333333333333334,0.8268398268398269,0.3834944486836129,0.45,31,7,2,3
0.7352941176470589,0.7142857142857143,0.8333333333333334,0.7692307692307693,0.8333333333333334,0.8268398268398269,0.3834944486836129,0.45,31,8,2,3
0.7352941176470589,0.7142857142857143,0.8333333333333334,0.7692307692307693,0.8333333333333334,0.8268398268398269,0.3834944486836129,0.45,31,9,2,3
0.7352941176470589,0.7142857142857143,0.8333333333333334,0.7692307692307693,0.8333333333333334,0.8268398268398269,0.3834944486836129,0.45,31,10,2,3
0.7352941176470589,0.7142857142857143,0.8333333333333334,0.7692307692307693,0.8333333333333334,0.8268398268398269,0.3834944486836129,0.45,31,11,2,3
0.7352941176470589,0.7142857142857143,0.8333333333333334,0.7692307692307693,0.8333333333333334,0.8268398268398269,0.3834944486836129,0.45,31,12,2,3
0.7352941176470589,0.7142857142857143,0.8333333333333334,0.7692307692307693,0.8333333333333334,0.8268398268398269,0.3834944486836129,0.45,31,13,2,3
0.7352941176470589,0.7142857142857143,0.8333333333333334,0.7692307692307693,0.8333333333333334,0.8268398268398269,0.3834944486836129,0.45,31,14,2,3
0.7352941176470589,0.7142857142857143,0.8333333333333334,0.7692307692307693,0.8333333333333334,0.8268398268398269,0.3834944486836129,0.45,31,15,2,3
0.7352941176470589,0.7142857142857143,0.8333333333333334,0.7692307692307693,0.8333333333333334,0.8268398268398269,0.3834944486836129,0.45,32,5,2,3
0.7352941176470589,0.7142857142857143,0.8333333333333334,0.7692307692307693,0.8333333333333334,0.8268398268398269,0.3834944486836129,0.45,32,6,2,3
0.7352941176470589,0.7142857142857143,0.8333333333333334,0.7692307692307693,0.8333333333333334,0.8268398268398269,0.3834944486836129,0.45,32,7,2,3
0.7352941176470589,0.7142857142857143,0.8333333333333334,0.7692307692307693,0.8333333333333334,0.8268398268398269,0.3834944486836129,0.45,32,8,2,3
0.7352941176470589,0.7142857142857143,0.8333333333333334,0.7692307692307693,0.8333333333333334,0.8268398268398269,0.3834944486836129,0.45,32,9,2,3
0.7352941176470589,0.7142857142857143,0.8333333333333334,0.7692307692307693,0.8333333333333334,0.8268398268398269,0.3834944486836129,0.45,32,10,2,3
0.7352941176470589,0.7142857142857143,0.8333333333333334,0.7692307692307693,0.8333333333333334,0.8268398268398269,0.3834944486836129,0.45,32,11,2,3
0.7352941176470589,0.7142857142857143,0.8333333333333334,0.7692307692307693,0.8333333333333334,0.8268398268398269,0.3834944486836129,0.45,32,12,2,3
0.7352941176470589,0.7142857142857143,0.8333333333333334,0.7692307692307693,0.8333333333333334,0.8268398268398269,0.3834944486836129,0.45,32,13,2,3
0.7352941176470589,0.7142857142857143,0.8333333333333334,0.7692307692307693,0.8333333333333334,0.8268398268398269,0.3834944486836129,0.45,32,14,2,3
0.7352941176470589,0.7142857142857143,0.8333333333333334,0.7692307692307693,0.8333333333333334,0.8268398268398269,0.3834944486836129,0.45,32,15,2,3
0.7352941176470589,0.7142857142857143,0.8333333333333334,0.7692307692307693,0.8333333333333334,0.8268398268398269,0.3834944486836129,0.45,33,5,2,3
0.7352941176470589,0.7142857142857143,0.8333333333333334,0.7692307692307693,0.8333333333333334,0.8268398268398269,0.3834944486836129,0.45,33,6,2,3
0.7352941176470589,0.7142857142857143,0.8333333333333334,0.7692307692307693,0.8333333333333334,0.8268398268398269,0.3834944486836129,0.45,33,7,2,3
0.7352941176470589,0.7142857142857143,0.8333333333333334,0.7692307692307693,0.8333333333333334,0.8268398268398269,0.3834944486836129,0.45,33,8,2,3
0.7352941176470589,0.7142857142857143,0.8333333333333334,0.7692307692307693,0.8333333333333334,0.8268398268398269,0.3834944486836129,0.45,33,9,2,3
0.7352941176470589,0.7142857142857143,0.8333333333333334,0.7692307692307693,0.8333333333333334,0.8268398268398269,0.3834944486836129,0.45,33,10,2,3
0.7352941176470589,0.7142857142857143,0.8333333333333334,0.7692307692307693,0.8333333333333334,0.8268398268398269,0.3834944486836129,0.45,33,11,2,3
0.7352941176470589,0.7142857142857143,0.8333333333333334,0.7692307692307693,0.8333333333333334,0.8268398268398269,0.3834944486836129,0.45,33,12,2,3
0.7352941176470589,0.7142857142857143,0.8333333333333334,0.7692307692307693,0.8333333333333334,0.8268398268398269,0.3834944486836129,0.45,33,13,2,3
0.7352941176470589,0.7142857142857143,0.8333333333333334,0.7692307692307693,0.8333333333333334,0.8268398268398269,0.3834944486836129,0.45,33,14,2,3
0.7352941176470589,0.7142857142857143,0.8333333333333334,0.7692307692307693,0.8333333333333334,0.8268398268398269,0.3834944486836129,0.45,33,15,2,3
0.7352941176470589,0.7142857142857143,0.8333333333333334,0.7692307692307693,0.8333333333333334,0.8268398268398269,0.3834944486836129,0.45,34,5,2,3
0.7352941176470589,0.7142857142857143,0.8333333333333334,0.7692307692307693,0.8333333333333334,0.8268398268398269,0.3834944486836129,0.45,34,6,2,3
0.7352941176470589,0.7142857142857143,0.8333333333333334,0.7692307692307693,0.8333333333333334,0.8268398268398269,0.3834944486836129,0.45,34,7,2,3
0.7352941176470589,0.7142857142857143,0.8333333333333334,0.7692307692307693,0.8333333333333334,0.8268398268398269,0.3834944486836129,0.45,34,8,2,3
0.7352941176470589,0.7142857142857143,0.8333333333333334,0.7692307692307693,0.8333333333333334,0.8268398268398269,0.3834944486836129,0.45,34,9,2,3
0.7352941176470589,0.7142857142857143,0.8333333333333334,0.7692307692307693,0.8333333333333334,0.8268398268398269,0.3834944486836129,0.45,34,10,2,3
0.7352941176470589,0.7142857142857143,0.8333333333333334,0.7692307692307693,0.8333333333333334,0.8268398268398269,0.3834944486836129,0.45,34,11,2,3
0.7352941176470589,0.7142857142857143,0.8333333333333334,0.7692307692307693,0.8333333333333334,0.8268398268398269,0.3834944486836129,0.45,34,12,2,3
0.7352941176470589,0.7142857142857143,0.8333333333333334,0.7692307692307693,0.8333333333333334,0.8268398268398269,0.3834944486836129,0.45,34,13,2,3
0.7352941176470589,0.7142857142857143,0.8333333333333334,0.7692307692307693,0.8333333333333334,0.8268398268398269,0.3834944486836129,0.45,34,14,2,3
0.7352941176470589,0.7142857142857143,0.8333333333333334,0.7692307692307693,0.8333333333333334,0.8268398268398269,0.3834944486836129,0.45,34,15,2,3
0.7352941176470589,0.7142857142857143,0.8333333333333334,0.7692307692307693,0.8333333333333334,0.8268398268398269,0.3834944486836129,0.45,35,5,2,3
0.7352941176470589,0.7142857142857143,0.8333333333333334,0.7692307692307693,0.8333333333333334,0.8268398268398269,0.3834944486836129,0.45,35,6,2,3
0.7352941176470589,0.7142857142857143,0.8333333333333334,0.7692307692307693,0.8333333333333334,0.8268398268398269,0.3834944486836129,0.45,35,7,2,3
0.7352941176470589,0.7142857142857143,0.8333333333333334,0.7692307692307693,0.8333333333333334,0.8268398268398269,0.3834944486836129,0.45,35,8,2,3
0.7352941176470589,0.7142857142857143,0.8333333333333334,0.7692307692307693,0.8333333333333334,0.8268398268398269,0.3834944486836129,0.45,35,9,2,3
0.7352941176470589,0.7142857142857143,0.8333333333333334,0.7692307692307693,0.8333333333333334,0.8268398268398269,0.3834944486836129,0.45,35,10,2,3
0.7352941176470589,0.7142857142857143,0.8333333333333334,0.7692307692307693,0.8333333333333334,0.8268398268398269,0.3834944486836129,0.45,35,11,2,3
0.7352941176470589,0.7142857142857143,0.8333333333333334,0.7692307692307693,0.8333333333333334,0.8268398268398269,0.3834944486836129,0.45,35,12,2,3
0.7352941176470589,0.7142857142857143,0.8333333333333334,0.7692307692307693,0.8333333333333334,0.8268398268398269,0.3834944486836129,0.45,35,13,2,3
0.7352941176470589,0.7142857142857143,0.8333333333333334,0.7692307692307693,0.8333333333333334,0.8268398268398269,0.3834944486836129,0.45,35,14,2,3
0.7352941176470589,0.7142857142857143,0.8333333333333334,0.7692307692307693,0.8333333333333334,0.8268398268398269,0.3834944486836129,0.45,35,15,2,3
0.7352941176470589,0.7142857142857143,0.8333333333333334,0.7692307692307693,0.8333333333333334,0.8268398268398269,0.3834944486836129,0.45,36,5,2,3
0.7352941176470589,0.7142857142857143,0.8333333333333334,0.7692307692307693,0.8333333333333334,0.8268398268398269,0.3834944486836129,0.45,36,6,2,3
0.7352941176470589,0.7142857142857143,0.8333333333333334,0.7692307692307693,0.8333333333333334,0.8268398268398269,0.3834944486836129,0.45,36,7,2,3
0.7352941176470589,0.7142857142857143,0.8333333333333334,0.7692307692307693,0.8333333333333334,0.8268398268398269,0.3834944486836129,0.45,36,8,2,3
0.7352941176470589,0.7142857142857143,0.8333333333333334,0.7692307692307693,0.8333333333333334,0.8268398268398269,0.3834944486836129,0.45,36,9,2,3
0.7352941176470589,0.7142857142857143,0.8333333333333334,0.7692307692307693,0.8333333333333334,0.8268398268398269,0.3834944486836129,0.45,36,10,2,3
0.7352941176470589,0.7142857142857143,0.8333333333333334,0.7692307692307693,0.8333333333333334,0.8268398268398269,0.3834944486836129,0.45,36,11,2,3
0.7352941176470589,0.7142857142857143,0.8333333333333334,0.7692307692307693,0.8333333333333334,0.8268398268398269,0.3834944486836129,0.45,36,12,2,3
0.7352941176470589,0.7142857142857143,0.8333333333333334,0.7692307692307693,0.8333333333333334,0.8268398268398269,0.3834944486836129,0.45,36,13,2,3
0.7352941176470589,0.7142857142857143,0.8333333333333334,0.7692307692307693,0.8333333333333334,0.8268398268398269,0.3834944486836129,0.45,36,14,2,3
0.7352941176470589,0.7142857142857143,0.8333333333333334,0.7692307692307693,0.8333333333333334,0.8268398268398269,0.3834944486836129,0.45,36,15,2,3
0.7352941176470589,0.7142857142857143,0.8333333333333334,0.7692307692307693,0.8333333333333334,0.8268398268398269,0.3834944486836129,0.45,37,5,2,3
0.7352941176470589,0.7142857142857143,0.8333333333333334,0.7692307692307693,0.8333333333333334,0.8268398268398269,0.3834944486836129,0.45,37,6,2,3
0.7352941176470589,0.7142857142857143,0.8333333333333334,0.7692307692307693,0.8333333333333334,0.8268398268398269,0.3834944486836129,0.45,37,7,2,3
0.7352941176470589,0.7142857142857143,0.8333333333333334,0.7692307692307693,0.8333333333333334,0.8268398268398269,0.3834944486836129,0.45,37,8,2,3
0.7352941176470589,0.7142857142857143,0.8333333333333334,0.7692307692307693,0.8333333333333334,0.8268398268398269,0.3834944486836129,0.45,37,9,2,3
0.7352941176470589,0.7142857142857143,0.8333333333333334,0.7692307692307693,0.8333333333333334,0.8268398268398269,0.3834944486836129,0.45,37,10,2,3
0.7352941176470589,0.7142857142857143,0.8333333333333334,0.7692307692307693,0.8333333333333334,0.8268398268398269,0.3834944486836129,0.45,37,11,2,3
0.7352941176470589,0.7142857142857143,0.8333333333333334,0.7692307692307693,0.8333333333333334,0.8268398268398269,0.3834944486836129,0.45,37,12,2,3
0.7352941176470589,0.7142857142857143,0.8333333333333334,0.7692307692307693,0.8333333333333334,0.8268398268398269,0.3834944486836129,0.45,37,13,2,3
0.7352941176470589,0.7142857142857143,0.8333333333333334,0.7692307692307693,0.8333333333333334,0.8268398268398269,0.3834944486836129,0.45,37,14,2,3
0.7352941176470589,0.7142857142857143,0.8333333333333334,0.7692307692307693,0.8333333333333334,0.8268398268398269,0.3834944486836129,0.45,37,15,2,3
0.7352941176470589,0.7142857142857143,0.8333333333333334,0.7692307692307693,0.8333333333333334,0.8268398268398269,0.3834944486836129,0.45,38,5,2,3
0.7352941176470589,0.7142857142857143,0.8333333333333334,0.7692307692307693,0.8333333333333334,0.8268398268398269,0.3834944486836129,0.45,38,6,2,3
0.7352941176470589,0.7142857142857143,0.8333333333333334,0.7692307692307693,0.8333333333333334,0.8268398268398269,0.3834944486836129,0.45,38,7,2,3
0.7352941176470589,0.7142857142857143,0.8333333333333334,0.7692307692307693,0.8333333333333334,0.8268398268398269,0.3834944486836129,0.45,38,8,2,3
0.7352941176470589,0.7142857142857143,0.8333333333333334,0.7692307692307693,0.8333333333333334,0.8268398268398269,0.3834944486836129,0.45,38,9,2,3
0.7352941176470589,0.7142857142857143,0.8333333333333334,0.7692307692307693,0.8333333333333334,0.8268398268398269,0.3834944486836129,0.45,38,10,2,3
0.7352941176470589,0.7142857142857143,0.8333333333333334,0.7692307692307693,0.8333333333333334,0.8268398268398269,0.3834944486836129,0.45,38,11,2,3
0.7352941176470589,0.7142857142857143,0.8333333333333334,0.7692307692307693,0.8333333333333334,0.8268398268398269,0.3834944486836129,0.45,38,12,2,3
0.7352941176470589,0.7142857142857143,0.8333333333333334,0.7692307692307693,0.8333333333333334,0.8268398268398269,0.3834944486836129,0.45,38,13,2,3
0.7352941176470589,0.7142857142857143,0.8333333333333334,0.7692307692307693,0.8333333333333334,0.8268398268398269,0.3834944486836129,0.45,38,14,2,3
0.7352941176470589,0.7142857142857143,0.8333333333333334,0.7692307692307693,0.8333333333333334,0.8268398268398269,0.3834944486836129,0.45,38,15,2,3
0.7352941176470589,0.7142857142857143,0.8333333333333334,0.7692307692307693,0.8333333333333334,0.8268398268398269,0.3834944486836129,0.45,39,5,2,3
0.7352941176470589,0.7142857142857143,0.8333333333333334,0.7692307692307693,0.8333333333333334,0.8268398268398269,0.3834944486836129,0.45,39,6,2,3
0.7352941176470589,0.7142857142857143,0.8333333333333334,0.7692307692307693,0.8333333333333334,0.8268398268398269,0.3834944486836129,0.45,39,7,2,3
0.7352941176470589,0.7142857142857143,0.8333333333333334,0.7692307692307693,0.8333333333333334,0.8268398268398269,0.3834944486836129,0.45,39,8,2,3
0.7352941176470589,0.7142857142857143,0.8333333333333334,0.7692307692307693,0.8333333333333334,0.8268398268398269,0.3834944486836129,0.45,39,9,2,3
0.7352941176470589,0.7142857142857143,0.8333333333333334,0.7692307692307693,0.8333333333333334,0.8268398268398269,0.3834944486836129,0.45,39,10,2,3
0.7352941176470589,0.7142857142857143,0.8333333333333334,0.7692307692307693,0.8333333333333334,0.8268398268398269,0.3834944486836129,0.45,39,11,2,3
0.7352941176470589,0.7142857142857143,0.8333333333333334,0.7692307692307693,0.8333333333333334,0.8268398268398269,0.3834944486836129,0.45,39,12,2,3
0.7352941176470589,0.7142857142857143,0.8333333333333334,0.7692307692307693,0.8333333333333334,0.8268398268398269,0.3834944486836129,0.45,39,13,2,3
0.7352941176470589,0.7142857142857143,0.8333333333333334,0.7692307692307693,0.8333333333333334,0.8268398268398269,0.3834944486836129,0.45,39,14,2,3
0.7352941176470589,0.7142857142857143,0.8333333333333334,0.7692307692307693,0.8333333333333334,0.8268398268398269,0.3834944486836129,0.45,39,15,2,3
0.7352941176470589,0.7142857142857143,0.8333333333333334,0.7692307692307693,0.8333333333333334,0.8268398268398269,0.3834944486836129,0.45,40,5,2,3
0.7352941176470589,0.7142857142857143,0.8333333333333334,0.7692307692307693,0.8333333333333334,0.8268398268398269,0.3834944486836129,0.45,40,6,2,3
0.7352941176470589,0.7142857142857143,0.8333333333333334,0.7692307692307693,0.8333333333333334,0.8268398268398269,0.3834944486836129,0.45,40,7,2,3
0.7352941176470589,0.7142857142857143,0.8333333333333334,0.7692307692307693,0.8333333333333334,0.8268398268398269,0.3834944486836129,0.45,40,8,2,3
0.7352941176470589,0.7142857142857143,0.8333333333333334,0.7692307692307693,0.8333333333333334,0.8268398268398269,0.3834944486836129,0.45,40,9,2,3
0.7352941176470589,0.7142857142857143,0.8333333333333334,0.7692307692307693,0.8333333333333334,0.8268398268398269,0.3834944486836129,0.45,40,10,2,3
0.7352941176470589,0.7142857142857143,0.8333333333333334,0.7692307692307693,0.8333333333333334,0.8268398268398269,0.3834944486836129,0.45,40,11,2,3
0.7352941176470589,0.7142857142857143,0.8333333333333334,0.7692307692307693,0.8333333333333334,0.8268398268398269,0.3834944486836129,0.45,40,12,2,3
0.7352941176470589,0.7142857142857143,0.8333333333333334,0.7692307692307693,0.8333333333333334,0.8268398268398269,0.3834944486836129,0.45,40,13,2,3
0.7352941176470589,0.7142857142857143,0.8333333333333334,0.7692307692307693,0.8333333333333334,0.8268398268398269,0.3834944486836129,0.45,40,14,2,3
0.7352941176470589,0.7142857142857143,0.8333333333333334,0.7692307692307693,0.8333333333333334,0.8268398268398269,0.3834944486836129,0.45,40,15,2,3
0.7352941176470589,0.7142857142857143,0.8333333333333334,0.7692307692307693,0.8333333333333334,0.8268398268398269,0.3834944486836129,0.45,41,5,2,3
0.7352941176470589,0.7142857142857143,0.8333333333333334,0.7692307692307693,0.8333333333333334,0.8268398268398269,0.3834944486836129,0.45,41,6,2,3
0.7352941176470589,0.7142857142857143,0.8333333333333334,0.7692307692307693,0.8333333333333334,0.8268398268398269,0.3834944486836129,0.45,41,7,2,3
0.7352941176470589,0.7142857142857143,0.8333333333333334,0.7692307692307693,0.8333333333333334,0.8268398268398269,0.3834944486836129,0.45,41,8,2,3
0.7352941176470589,0.7142857142857143,0.8333333333333334,0.7692307692307693,0.8333333333333334,0.8268398268398269,0.3834944486836129,0.45,41,9,2,3
0.7352941176470589,0.7142857142857143,0.8333333333333334,0.7692307692307693,0.8333333333333334,0.8268398268398269,0.3834944486836129,0.45,41,10,2,3
0.7352941176470589,0.7142857142857143,0.8333333333333334,0.7692307692307693,0.8333333333333334,0.8268398268398269,0.3834944486836129,0.45,41,11,2,3
0.7352941176470589,0.7142857142857143,0.8333333333333334,0.7692307692307693,0.8333333333333334,0.8268398268398269,0.3834944486836129,0.45,41,12,2,3
0.7352941176470589,0.7142857142857143,0.8333333333333334,0.7692307692307693,0.8333333333333334,0.8268398268398269,0.3834944486836129,0.45,41,13,2,3
0.7352941176470589,0.7142857142857143,0.8333333333333334,0.7692307692307693,0.8333333333333334,0.8268398268398269,0.3834944486836129,0.45,41,14,2,3
0.7352941176470589,0.7142857142857143,0.8333333333333334,0.7692307692307693,0.8333333333333334,0.8268398268398269,0.3834944486836129,0.45,41,15,2,3
0.7352941176470589,0.7142857142857143,0.8333333333333334,0.7692307692307693,0.8333333333333334,0.8268398268398269,0.3834944486836129,0.45,42,5,2,3
0.7352941176470589,0.7142857142857143,0.8333333333333334,0.7692307692307693,0.8333333333333334,0.8268398268398269,0.3834944486836129,0.45,42,6,2,3
0.7352941176470589,0.7142857142857143,0.8333333333333334,0.7692307692307693,0.8333333333333334,0.8268398268398269,0.3834944486836129,0.45,42,7,2,3
0.7352941176470589,0.7142857142857143,0.8333333333333334,0.7692307692307693,0.8333333333333334,0.8268398268398269,0.3834944486836129,0.45,42,8,2,3
0.7352941176470589,0.7142857142857143,0.8333333333333334,0.7692307692307693,0.8333333333333334,0.8268398268398269,0.3834944486836129,0.45,42,9,2,3
0.7352941176470589,0.7142857142857143,0.8333333333333334,0.7692307692307693,0.8333333333333334,0.8268398268398269,0.3834944486836129,0.45,42,10,2,3
0.7352941176470589,0.7142857142857143,0.8333333333333334,0.7692307692307693,0.8333333333333334,0.8268398268398269,0.3834944486836129,0.45,42,11,2,3
0.7352941176470589,0.7142857142857143,0.8333333333333334,0.7692307692307693,0.8333333333333334,0.8268398268398269,0.3834944486836129,0.45,42,12,2,3
0.7352941176470589,0.7142857142857143,0.8333333333333334,0.7692307692307693,0.8333333333333334,0.8268398268398269,0.3834944486836129,0.45,42,13,2,3
0.7352941176470589,0.7142857142857143,0.8333333333333334,0.7692307692307693,0.8333333333333334,0.8268398268398269,0.3834944486836129,0.45,42,14,2,3
0.7352941176470589,0.7142857142857143,0.8333333333333334,0.7692307692307693,0.8333333333333334,0.8268398268398269,0.3834944486836129,0.45,42,15,2,3
0.7352941176470589,0.7142857142857143,0.8333333333333334,0.7692307692307693,0.8333333333333334,0.8268398268398269,0.3834944486836129,0.45,43,5,2,3
0.7352941176470589,0.7142857142857143,0.8333333333333334,0.7692307692307693,0.8333333333333334,0.8268398268398269,0.3834944486836129,0.45,43,6,2,3
0.7352941176470589,0.7142857142857143,0.8333333333333334,0.7692307692307693,0.8333333333333334,0.8268398268398269,0.3834944486836129,0.45,43,7,2,3
0.7352941176470589,0.7142857142857143,0.8333333333333334,0.7692307692307693,0.8333333333333334,0.8268398268398269,0.3834944486836129,0.45,43,8,2,3
0.7352941176470589,0.7142857142857143,0.8333333333333334,0.7692307692307693,0.8333333333333334,0.8268398268398269,0.3834944486836129,0.45,43,9,2,3
0.7352941176470589,0.7142857142857143,0.8333333333333334,0.7692307692307693,0.8333333333333334,0.8268398268398269,0.3834944486836129,0.45,43,10,2,3
0.7352941176470589,0.7142857142857143,0.8333333333333334,0.7692307692307693,0.8333333333333334,0.8268398268398269,0.3834944486836129,0.45,43,11,2,3
0.7352941176470589,0.7142857142857143,0.8333333333333334,0.7692307692307693,0.8333333333333334,0.8268398268398269,0.3834944486836129,0.45,43,12,2,3
0.7352941176470589,0.7142857142857143,0.8333333333333334,0.7692307692307693,0.8333333333333334,0.8268398268398269,0.3834944486836129,0.45,43,13,2,3
0.7352941176470589,0.7142857142857143,0.8333333333333334,0.7692307692307693,0.8333333333333334,0.8268398268398269,0.3834944486836129,0.45,43,14,2,3
0.7352941176470589,0.7142857142857143,0.8333333333333334,0.7692307692307693,0.8333333333333334,0.8268398268398269,0.3834944486836129,0.45,43,15,2,3
0.7352941176470589,0.7142857142857143,0.8333333333333334,0.7692307692307693,0.8333333333333334,0.8268398268398269,0.3834944486836129,0.45,44,5,2,3
0.7352941176470589,0.7142857142857143,0.8333333333333334,0.7692307692307693,0.8333333333333334,0.8268398268398269,0.3834944486836129,0.45,44,6,2,3
0.7352941176470589,0.7142857142857143,0.8333333333333334,0.7692307692307693,0.8333333333333334,0.8268398268398269,0.3834944486836129,0.45,44,7,2,3
0.7352941176470589,0.7142857142857143,0.8333333333333334,0.7692307692307693,0.8333333333333334,0.8268398268398269,0.3834944486836129,0.45,44,8,2,3
0.7352941176470589,0.7142857142857143,0.8333333333333334,0.7692307692307693,0.8333333333333334,0.8268398268398269,0.3834944486836129,0.45,44,9,2,3
0.7352941176470589,0.7142857142857143,0.8333333333333334,0.7692307692307693,0.8333333333333334,0.8268398268398269,0.3834944486836129,0.45,44,10,2,3
0.7352941176470589,0.7142857142857143,0.8333333333333334,0.7692307692307693,0.8333333333333334,0.8268398268398269,0.3834944486836129,0.45,44,11,2,3
0.7352941176470589,0.7142857142857143,0.8333333333333334,0.7692307692307693,0.8333333333333334,0.8268398268398269,0.3834944486836129,0.45,44,12,2,3
0.7352941176470589,0.7142857142857143,0.8333333333333334,0.7692307692307693,0.8333333333333334,0.8268398268398269,0.3834944486836129,0.45,44,13,2,3
0.7352941176470589,0.7142857142857143,0.8333333333333334,0.7692307692307693,0.8333333333333334,0.8268398268398269,0.3834944486836129,0.45,44,14,2,3
0.7352941176470589,0.7142857142857143,0.8333333333333334,0.7692307692307693,0.8333333333333334,0.8268398268398269,0.3834944486836129,0.45,44,15,2,3
0.7352941176470589,0.7142857142857143,0.8333333333333334,0.7692307692307693,0.8333333333333334,0.8116883116883117,0.393333731078779,0.45,45,5,1,2
0.7352941176470589,0.7142857142857143,0.8333333333333334,0.7692307692307693,0.8333333333333334,0.8116883116883117,0.393333731078779,0.45,45,6,1,2
0.7352941176470589,0.7142857142857143,0.8333333333333334,0.7692307692307693,0.8333333333333334,0.8116883116883117,0.393333731078779,0.45,45,7,1,2
0.7352941176470589,0.7142857142857143,0.8333333333333334,0.7692307692307693,0.8333333333333334,0.8116883116883117,0.393333731078779,0.45,45,8,1,2
0.7352941176470589,0.7142857142857143,0.8333333333333334,0.7692307692307693,0.8333333333333334,0.8116883116883117,0.393333731078779,0.45,45,9,1,2
0.7352941176470589,0.7142857142857143,0.8333333333333334,0.7692307692307693,0.8333333333333334,0.8116883116883117,0.393333731078779,0.45,45,10,1,2
0.7352941176470589,0.7142857142857143,0.8333333333333334,0.7692307692307693,0.8333333333333334,0.8116883116883117,0.393333731078779,0.45,45,11,1,2
0.7352941176470589,0.7142857142857143,0.8333333333333334,0.7692307692307693,0.8333333333333334,0.8116883116883117,0.393333731078779,0.45,45,12,1,2
0.7352941176470589,0.7142857142857143,0.8333333333333334,0.7692307692307693,0.8333333333333334,0.8116883116883117,0.393333731078779,0.45,45,13,1,2
0.7352941176470589,0.7142857142857143,0.8333333333333334,0.7692307692307693,0.8333333333333334,0.8116883116883117,0.393333731078779,0.45,45,14,1,2
0.7352941176470589,0.7142857142857143,0.8333333333333334,0.7692307692307693,0.8333333333333334,0.8116883116883117,0.393333731078779,0.45,45,15,1,2
0.7352941176470589,0.7142857142857143,0.8333333333333334,0.7692307692307693,0.8333333333333334,0.8116883116883117,0.393333731078779,0.45,46,5,1,2
0.7352941176470589,0.7142857142857143,0.8333333333333334,0.7692307692307693,0.8333333333333334,0.8116883116883117,0.393333731078779,0.45,46,6,1,2
0.7352941176470589,0.7142857142857143,0.8333333333333334,0.7692307692307693,0.8333333333333334,0.8116883116883117,0.393333731078779,0.45,46,7,1,2
0.7352941176470589,0.7142857142857143,0.8333333333333334,0.7692307692307693,0.8333333333333334,0.8116883116883117,0.393333731078779,0.45,46,8,1,2
0.7352941176470589,0.7142857142857143,0.8333333333333334,0.7692307692307693,0.8333333333333334,0.8116883116883117,0.393333731078779,0.45,46,9,1,2
0.7352941176470589,0.7142857142857143,0.8333333333333334,0.7692307692307693,0.8333333333333334,0.8116883116883117,0.393333731078779,0.45,46,10,1,2
0.7352941176470589,0.7142857142857143,0.8333333333333334,0.7692307692307693,0.8333333333333334,0.8116883116883117,0.393333731078779,0.45,46,11,1,2
0.7352941176470589,0.7142857142857143,0.8333333333333334,0.7692307692307693,0.8333333333333334,0.8116883116883117,0.393333731078779,0.45,46,12,1,2
0.7352941176470589,0.7142857142857143,0.8333333333333334,0.7692307692307693,0.8333333333333334,0.8116883116883117,0.393333731078779,0.45,46,13,1,2
0.7352941176470589,0.7142857142857143,0.8333333333333334,0.7692307692307693,0.8333333333333334,0.8116883116883117,0.393333731078779,0.45,46,14,1,2
0.7352941176470589,0.7142857142857143,0.8333333333333334,0.7692307692307693,0.8333333333333334,0.8116883116883117,0.393333731078779,0.45,46,15,1,2
0.7352941176470589,0.7142857142857143,0.8333333333333334,0.7692307692307693,0.8333333333333334,0.8116883116883117,0.393333731078779,0.45,47,5,1,2
0.7352941176470589,0.7142857142857143,0.8333333333333334,0.7692307692307693,0.8333333333333334,0.8116883116883117,0.393333731078779,0.45,47,6,1,2
0.7352941176470589,0.7142857142857143,0.8333333333333334,0.7692307692307693,0.8333333333333334,0.8116883116883117,0.393333731078779,0.45,47,7,1,2
0.7352941176470589,0.7142857142857143,0.8333333333333334,0.7692307692307693,0.8333333333333334,0.8116883116883117,0.393333731078779,0.45,47,8,1,2
0.7352941176470589,0.7142857142857143,0.8333333333333334,0.7692307692307693,0.8333333333333334,0.8116883116883117,0.393333731078779,0.45,47,9,1,2
0.7352941176470589,0.7142857142857143,0.8333333333333334,0.7692307692307693,0.8333333333333334,0.8116883116883117,0.393333731078779,0.45,47,10,1,2
0.7352941176470589,0.7142857142857143,0.8333333333333334,0.7692307692307693,0.8333333333333334,0.8116883116883117,0.393333731078779,0.45,47,11,1,2
0.7352941176470589,0.7142857142857143,0.8333333333333334,0.7692307692307693,0.8333333333333334,0.8116883116883117,0.393333731078779,0.45,47,12,1,2
0.7352941176470589,0.7142857142857143,0.8333333333333334,0.7692307692307693,0.8333333333333334,0.8116883116883117,0.393333731078779,0.45,47,13,1,2
0.7352941176470589,0.7142857142857143,0.8333333333333334,0.7692307692307693,0.8333333333333334,0.8116883116883117,0.393333731078779,0.45,47,14,1,2
0.7352941176470589,0.7142857142857143,0.8333333333333334,0.7692307692307693,0.8333333333333334,0.8116883116883117,0.393333731078779,0.45,47,15,1,2
0.7352941176470589,0.7142857142857143,0.8333333333333334,0.7692307692307693,0.8333333333333334,0.8116883116883117,0.393333731078779,0.45,48,5,1,2
0.7352941176470589,0.7142857142857143,0.8333333333333334,0.7692307692307693,0.8333333333333334,0.8116883116883117,0.393333731078779,0.45,48,6,1,2
0.7352941176470589,0.7142857142857143,0.8333333333333334,0.7692307692307693,0.8333333333333334,0.8116883116883117,0.393333731078779,0.45,48,7,1,2
0.7352941176470589,0.7142857142857143,0.8333333333333334,0.7692307692307693,0.8333333333333334,0.8116883116883117,0.393333731078779,0.45,48,8,1,2
0.7352941176470589,0.7142857142857143,0.8333333333333334,0.7692307692307693,0.8333333333333334,0.8116883116883117,0.393333731078779,0.45,48,9,1,2
0.7352941176470589,0.7142857142857143,0.8333333333333334,0.7692307692307693,0.8333333333333334,0.8116883116883117,0.393333731078779,0.45,48,10,1,2
0.7352941176470589,0.7142857142857143,0.8333333333333334,0.7692307692307693,0.8333333333333334,0.8116883116883117,0.393333731078779,0.45,48,11,1,2
0.7352941176470589,0.7142857142857143,0.8333333333333334,0.7692307692307693,0.8333333333333334,0.8116883116883117,0.393333731078779,0.45,48,12,1,2
0.7352941176470589,0.7142857142857143,0.8333333333333334,0.7692307692307693,0.8333333333333334,0.8116883116883117,0.393333731078779,0.45,48,13,1,2
0.7352941176470589,0.7142857142857143,0.8333333333333334,0.7692307692307693,0.8333333333333334,0.8116883116883117,0.393333731078779,0.45,48,14,1,2
0.7352941176470589,0.7142857142857143,0.8333333333333334,0.7692307692307693,0.8333333333333334,0.8116883116883117,0.393333731078779,0.45,48,15,1,2
0.7352941176470589,0.7142857142857143,0.8333333333333334,0.7692307692307693,0.8333333333333334,0.8116883116883117,0.393333731078779,0.45,49,5,1,2
0.7352941176470589,0.7142857142857143,0.8333333333333334,0.7692307692307693,0.8333333333333334,0.8116883116883117,0.393333731078779,0.45,49,6,1,2
0.7352941176470589,0.7142857142857143,0.8333333333333334,0.7692307692307693,0.8333333333333334,0.8116883116883117,0.393333731078779,0.45,49,7,1,2
0.7352941176470589,0.7142857142857143,0.8333333333333334,0.7692307692307693,0.8333333333333334,0.8116883116883117,0.393333731078779,0.45,49,8,1,2
0.7352941176470589,0.7142857142857143,0.8333333333333334,0.7692307692307693,0.8333333333333334,0.8116883116883117,0.393333731078779,0.45,49,9,1,2
0.7352941176470589,0.7142857142857143,0.8333333333333334,0.7692307692307693,0.8333333333333334,0.8116883116883117,0.393333731078779,0.45,49,10,1,2
0.7352941176470589,0.7142857142857143,0.8333333333333334,0.7692307692307693,0.8333333333333334,0.8116883116883117,0.393333731078779,0.45,49,11,1,2
0.7352941176470589,0.7142857142857143,0.8333333333333334,0.7692307692307693,0.8333333333333334,0.8116883116883117,0.393333731078779,0.45,49,12,1,2
0.7352941176470589,0.7142857142857143,0.8333333333333334,0.7692307692307693,0.8333333333333334,0.8116883116883117,0.393333731078779,0.45,49,13,1,2
0.7352941176470589,0.7142857142857143,0.8333333333333334,0.7692307692307693,0.8333333333333334,0.8116883116883117,0.393333731078779,0.45,49,14,1,2
0.7352941176470589,0.7142857142857143,0.8333333333333334,0.7692307692307693,0.8333333333333334,0.8116883116883117,0.393333731078779,0.45,49,15,1,2
0.7352941176470589,0.7142857142857143,0.8333333333333334,0.7692307692307693,0.8333333333333334,0.8116883116883117,0.393333731078779,0.45,50,5,1,2
0.7352941176470589,0.7142857142857143,0.8333333333333334,0.7692307692307693,0.8333333333333334,0.8116883116883117,0.393333731078779,0.45,50,6,1,2
0.7352941176470589,0.7142857142857143,0.8333333333333334,0.7692307692307693,0.8333333333333334,0.8116883116883117,0.393333731078779,0.45,50,7,1,2
0.7352941176470589,0.7142857142857143,0.8333333333333334,0.7692307692307693,0.8333333333333334,0.8116883116883117,0.393333731078779,0.45,50,8,1,2
0.7352941176470589,0.7142857142857143,0.8333333333333334,0.7692307692307693,0.8333333333333334,0.8116883116883117,0.393333731078779,0.45,50,9,1,2
0.7352941176470589,0.7142857142857143,0.8333333333333334,0.7692307692307693,0.8333333333333334,0.8116883116883117,0.393333731078779,0.45,50,10,1,2
0.7352941176470589,0.7142857142857143,0.8333333333333334,0.7692307692307693,0.8333333333333334,0.8116883116883117,0.393333731078779,0.45,50,11,1,2
0.7352941176470589,0.7142857142857143,0.8333333333333334,0.7692307692307693,0.8333333333333334,0.8116883116883117,0.393333731078779,0.45,50,12,1,2
0.7352941176470589,0.7142857142857143,0.8333333333333334,0.7692307692307693,0.8333333333333334,0.8116883116883117,0.393333731078779,0.45,50,13,1,2
0.7352941176470589,0.7142857142857143,0.8333333333333334,0.7692307692307693,0.8333333333333334,0.8116883116883117,0.393333731078779,0.45,50,14,1,2
0.7352941176470589,0.7142857142857143,0.8333333333333334,0.7692307692307693,0.8333333333333334,0.8116883116883117,0.393333731078779,0.45,50,15,1,2
0.7352941176470589,0.7142857142857143,0.8333333333333334,0.7692307692307693,0.8333333333333334,0.8268398268398269,0.3834944486836129,0.5,31,5,2,3
0.7352941176470589,0.7142857142857143,0.8333333333333334,0.7692307692307693,0.8333333333333334,0.8268398268398269,0.3834944486836129,0.5,31,6,2,3
0.7352941176470589,0.7142857142857143,0.8333333333333334,0.7692307692307693,0.8333333333333334,0.8268398268398269,0.3834944486836129,0.5,31,7,2,3
0.7352941176470589,0.7142857142857143,0.8333333333333334,0.7692307692307693,0.8333333333333334,0.8268398268398269,0.3834944486836129,0.5,31,8,2,3
0.7352941176470589,0.7142857142857143,0.8333333333333334,0.7692307692307693,0.8333333333333334,0.8268398268398269,0.3834944486836129,0.5,31,9,2,3
0.7352941176470589,0.7142857142857143,0.8333333333333334,0.7692307692307693,0.8333333333333334,0.8268398268398269,0.3834944486836129,0.5,31,10,2,3
0.7352941176470589,0.7142857142857143,0.8333333333333334,0.7692307692307693,0.8333333333333334,0.8268398268398269,0.3834944486836129,0.5,31,11,2,3
0.7352941176470589,0.7142857142857143,0.8333333333333334,0.7692307692307693,0.8333333333333334,0.8268398268398269,0.3834944486836129,0.5,31,12,2,3
0.7352941176470589,0.7142857142857143,0.8333333333333334,0.7692307692307693,0.8333333333333334,0.8268398268398269,0.3834944486836129,0.5,31,13,2,3
0.7352941176470589,0.7142857142857143,0.8333333333333334,0.7692307692307693,0.8333333333333334,0.8268398268398269,0.3834944486836129,0.5,31,14,2,3
0.7352941176470589,0.7142857142857143,0.8333333333333334,0.7692307692307693,0.8333333333333334,0.8268398268398269,0.3834944486836129,0.5,31,15,2,3
0.7352941176470589,0.7142857142857143,0.8333333333333334,0.7692307692307693,0.8333333333333334,0.8268398268398269,0.3834944486836129,0.5,32,5,2,3
0.7352941176470589,0.7142857142857143,0.8333333333333334,0.7692307692307693,0.8333333333333334,0.8268398268398269,0.3834944486836129,0.5,32,6,2,3
0.7352941176470589,0.7142857142857143,0.8333333333333334,0.7692307692307693,0.8333333333333334,0.8268398268398269,0.3834944486836129,0.5,32,7,2,3
0.7352941176470589,0.7142857142857143,0.8333333333333334,0.7692307692307693,0.8333333333333334,0.8268398268398269,0.3834944486836129,0.5,32,8,2,3
0.7352941176470589,0.7142857142857143,0.8333333333333334,0.7692307692307693,0.8333333333333334,0.8268398268398269,0.3834944486836129,0.5,32,9,2,3
0.7352941176470589,0.7142857142857143,0.8333333333333334,0.7692307692307693,0.8333333333333334,0.8268398268398269,0.3834944486836129,0.5,32,10,2,3
0.7352941176470589,0.7142857142857143,0.8333333333333334,0.7692307692307693,0.8333333333333334,0.8268398268398269,0.3834944486836129,0.5,32,11,2,3
0.7352941176470589,0.7142857142857143,0.8333333333333334,0.7692307692307693,0.8333333333333334,0.8268398268398269,0.3834944486836129,0.5,32,12,2,3
0.7352941176470589,0.7142857142857143,0.8333333333333334,0.7692307692307693,0.8333333333333334,0.8268398268398269,0.3834944486836129,0.5,32,13,2,3
0.7352941176470589,0.7142857142857143,0.8333333333333334,0.7692307692307693,0.8333333333333334,0.8268398268398269,0.3834944486836129,0.5,32,14,2,3
0.7352941176470589,0.7142857142857143,0.8333333333333334,0.7692307692307693,0.8333333333333334,0.8268398268398269,0.3834944486836129,0.5,32,15,2,3
0.7352941176470589,0.7142857142857143,0.8333333333333334,0.7692307692307693,0.8333333333333334,0.8268398268398269,0.3834944486836129,0.5,33,5,2,3
0.7352941176470589,0.7142857142857143,0.8333333333333334,0.7692307692307693,0.8333333333333334,0.8268398268398269,0.3834944486836129,0.5,33,6,2,3
0.7352941176470589,0.7142857142857143,0.8333333333333334,0.7692307692307693,0.8333333333333334,0.8268398268398269,0.3834944486836129,0.5,33,7,2,3
0.7352941176470589,0.7142857142857143,0.8333333333333334,0.7692307692307693,0.8333333333333334,0.8268398268398269,0.3834944486836129,0.5,33,8,2,3
0.7352941176470589,0.7142857142857143,0.8333333333333334,0.7692307692307693,0.8333333333333334,0.8268398268398269,0.3834944486836129,0.5,33,9,2,3
0.7352941176470589,0.7142857142857143,0.8333333333333334,0.7692307692307693,0.8333333333333334,0.8268398268398269,0.3834944486836129,0.5,33,10,2,3
0.7352941176470589,0.7142857142857143,0.8333333333333334,0.7692307692307693,0.8333333333333334,0.8268398268398269,0.3834944486836129,0.5,33,11,2,3
0.7352941176470589,0.7142857142857143,0.8333333333333334,0.7692307692307693,0.8333333333333334,0.8268398268398269,0.3834944486836129,0.5,33,12,2,3
0.7352941176470589,0.7142857142857143,0.8333333333333334,0.7692307692307693,0.8333333333333334,0.8268398268398269,0.3834944486836129,0.5,33,13,2,3
0.7352941176470589,0.7142857142857143,0.8333333333333334,0.7692307692307693,0.8333333333333334,0.8268398268398269,0.3834944486836129,0.5,33,14,2,3
0.7352941176470589,0.7142857142857143,0.8333333333333334,0.7692307692307693,0.8333333333333334,0.8268398268398269,0.3834944486836129,0.5,33,15,2,3
0.7352941176470589,0.7142857142857143,0.8333333333333334,0.7692307692307693,0.8333333333333334,0.8268398268398269,0.3834944486836129,0.5,34,5,2,3
0.7352941176470589,0.7142857142857143,0.8333333333333334,0.7692307692307693,0.8333333333333334,0.8268398268398269,0.3834944486836129,0.5,34,6,2,3
0.7352941176470589,0.7142857142857143,0.8333333333333334,0.7692307692307693,0.8333333333333334,0.8268398268398269,0.3834944486836129,0.5,34,7,2,3
0.7352941176470589,0.7142857142857143,0.8333333333333334,0.7692307692307693,0.8333333333333334,0.8268398268398269,0.3834944486836129,0.5,34,8,2,3
0.7352941176470589,0.7142857142857143,0.8333333333333334,0.7692307692307693,0.8333333333333334,0.8268398268398269,0.3834944486836129,0.5,34,9,2,3
0.7352941176470589,0.7142857142857143,0.8333333333333334,0.7692307692307693,0.8333333333333334,0.8268398268398269,0.3834944486836129,0.5,34,10,2,3
0.7352941176470589,0.7142857142857143,0.8333333333333334,0.7692307692307693,0.8333333333333334,0.8268398268398269,0.3834944486836129,0.5,34,11,2,3
0.7352941176470589,0.7142857142857143,0.8333333333333334,0.7692307692307693,0.8333333333333334,0.8268398268398269,0.3834944486836129,0.5,34,12,2,3
0.7352941176470589,0.7142857142857143,0.8333333333333334,0.7692307692307693,0.8333333333333334,0.8268398268398269,0.3834944486836129,0.5,34,13,2,3
0.7352941176470589,0.7142857142857143,0.8333333333333334,0.7692307692307693,0.8333333333333334,0.8268398268398269,0.3834944486836129,0.5,34,14,2,3
0.7352941176470589,0.7142857142857143,0.8333333333333334,0.7692307692307693,0.8333333333333334,0.8268398268398269,0.3834944486836129,0.5,34,15,2,3
0.7352941176470589,0.7142857142857143,0.8333333333333334,0.7692307692307693,0.8333333333333334,0.8268398268398269,0.3834944486836129,0.5,35,5,2,3
0.7352941176470589,0.7142857142857143,0.8333333333333334,0.7692307692307693,0.8333333333333334,0.8268398268398269,0.3834944486836129,0.5,35,6,2,3
0.7352941176470589,0.7142857142857143,0.8333333333333334,0.7692307692307693,0.8333333333333334,0.8268398268398269,0.3834944486836129,0.5,35,7,2,3
0.7352941176470589,0.7142857142857143,0.8333333333333334,0.7692307692307693,0.8333333333333334,0.8268398268398269,0.3834944486836129,0.5,35,8,2,3
0.7352941176470589,0.7142857142857143,0.8333333333333334,0.7692307692307693,0.8333333333333334,0.8268398268398269,0.3834944486836129,0.5,35,9,2,3
0.7352941176470589,0.7142857142857143,0.8333333333333334,0.7692307692307693,0.8333333333333334,0.8268398268398269,0.3834944486836129,0.5,35,10,2,3
0.7352941176470589,0.7142857142857143,0.8333333333333334,0.7692307692307693,0.8333333333333334,0.8268398268398269,0.3834944486836129,0.5,35,11,2,3
0.7352941176470589,0.7142857142857143,0.8333333333333334,0.7692307692307693,0.8333333333333334,0.8268398268398269,0.3834944486836129,0.5,35,12,2,3
0.7352941176470589,0.7142857142857143,0.8333333333333334,0.7692307692307693,0.8333333333333334,0.8268398268398269,0.3834944486836129,0.5,35,13,2,3
0.7352941176470589,0.7142857142857143,0.8333333333333334,0.7692307692307693,0.8333333333333334,0.8268398268398269,0.3834944486836129,0.5,35,14,2,3
0.7352941176470589,0.7142857142857143,0.8333333333333334,0.7692307692307693,0.8333333333333334,0.8268398268398269,0.3834944486836129,0.5,35,15,2,3
0.7352941176470589,0.7142857142857143,0.8333333333333334,0.7692307692307693,0.8333333333333334,0.8268398268398269,0.3834944486836129,0.5,36,5,2,3
0.7352941176470589,0.7142857142857143,0.8333333333333334,0.7692307692307693,0.8333333333333334,0.8268398268398269,0.3834944486836129,0.5,36,6,2,3
0.7352941176470589,0.7142857142857143,0.8333333333333334,0.7692307692307693,0.8333333333333334,0.8268398268398269,0.3834944486836129,0.5,36,7,2,3
0.7352941176470589,0.7142857142857143,0.8333333333333334,0.7692307692307693,0.8333333333333334,0.8268398268398269,0.3834944486836129,0.5,36,8,2,3
0.7352941176470589,0.7142857142857143,0.8333333333333334,0.7692307692307693,0.8333333333333334,0.8268398268398269,0.3834944486836129,0.5,36,9,2,3
0.7352941176470589,0.7142857142857143,0.8333333333333334,0.7692307692307693,0.8333333333333334,0.8268398268398269,0.3834944486836129,0.5,36,10,2,3
0.7352941176470589,0.7142857142857143,0.8333333333333334,0.7692307692307693,0.8333333333333334,0.8268398268398269,0.3834944486836129,0.5,36,11,2,3
0.7352941176470589,0.7142857142857143,0.8333333333333334,0.7692307692307693,0.8333333333333334,0.8268398268398269,0.3834944486836129,0.5,36,12,2,3
0.7352941176470589,0.7142857142857143,0.8333333333333334,0.7692307692307693,0.8333333333333334,0.8268398268398269,0.3834944486836129,0.5,36,13,2,3
0.7352941176470589,0.7142857142857143,0.8333333333333334,0.7692307692307693,0.8333333333333334,0.8268398268398269,0.3834944486836129,0.5,36,14,2,3
0.7352941176470589,0.7142857142857143,0.8333333333333334,0.7692307692307693,0.8333333333333334,0.8268398268398269,0.3834944486836129,0.5,36,15,2,3
0.7352941176470589,0.7142857142857143,0.8333333333333334,0.7692307692307693,0.8333333333333334,0.8268398268398269,0.3834944486836129,0.5,37,5,2,3
0.7352941176470589,0.7142857142857143,0.8333333333333334,0.7692307692307693,0.8333333333333334,0.8268398268398269,0.3834944486836129,0.5,37,6,2,3
0.7352941176470589,0.7142857142857143,0.8333333333333334,0.7692307692307693,0.8333333333333334,0.8268398268398269,0.3834944486836129,0.5,37,7,2,3
0.7352941176470589,0.7142857142857143,0.8333333333333334,0.7692307692307693,0.8333333333333334,0.8268398268398269,0.3834944486836129,0.5,37,8,2,3
0.7352941176470589,0.7142857142857143,0.8333333333333334,0.7692307692307693,0.8333333333333334,0.8268398268398269,0.3834944486836129,0.5,37,9,2,3
0.7352941176470589,0.7142857142857143,0.8333333333333334,0.7692307692307693,0.8333333333333334,0.8268398268398269,0.3834944486836129,0.5,37,10,2,3
0.7352941176470589,0.7142857142857143,0.8333333333333334,0.7692307692307693,0.8333333333333334,0.8268398268398269,0.3834944486836129,0.5,37,11,2,3
0.7352941176470589,0.7142857142857143,0.8333333333333334,0.7692307692307693,0.8333333333333334,0.8268398268398269,0.3834944486836129,0.5,37,12,2,3
0.7352941176470589,0.7142857142857143,0.8333333333333334,0.7692307692307693,0.8333333333333334,0.8268398268398269,0.3834944486836129,0.5,37,13,2,3
0.7352941176470589,0.7142857142857143,0.8333333333333334,0.7692307692307693,0.8333333333333334,0.8268398268398269,0.3834944486836129,0.5,37,14,2,3
0.7352941176470589,0.7142857142857143,0.8333333333333334,0.7692307692307693,0.8333333333333334,0.8268398268398269,0.3834944486836129,0.5,37,15,2,3
0.7352941176470589,0.7142857142857143,0.8333333333333334,0.7692307692307693,0.8333333333333334,0.8268398268398269,0.3834944486836129,0.5,38,5,2,3
0.7352941176470589,0.7142857142857143,0.8333333333333334,0.7692307692307693,0.8333333333333334,0.8268398268398269,0.3834944486836129,0.5,38,6,2,3
0.7352941176470589,0.7142857142857143,0.8333333333333334,0.7692307692307693,0.8333333333333334,0.8268398268398269,0.3834944486836129,0.5,38,7,2,3
0.7352941176470589,0.7142857142857143,0.8333333333333334,0.7692307692307693,0.8333333333333334,0.8268398268398269,0.3834944486836129,0.5,38,8,2,3
0.7352941176470589,0.7142857142857143,0.8333333333333334,0.7692307692307693,0.8333333333333334,0.8268398268398269,0.3834944486836129,0.5,38,9,2,3
0.7352941176470589,0.7142857142857143,0.8333333333333334,0.7692307692307693,0.8333333333333334,0.8268398268398269,0.3834944486836129,0.5,38,10,2,3
0.7352941176470589,0.7142857142857143,0.8333333333333334,0.7692307692307693,0.8333333333333334,0.8268398268398269,0.3834944486836129,0.5,38,11,2,3
0.7352941176470589,0.7142857142857143,0.8333333333333334,0.7692307692307693,0.8333333333333334,0.8268398268398269,0.3834944486836129,0.5,38,12,2,3
0.7352941176470589,0.7142857142857143,0.8333333333333334,0.7692307692307693,0.8333333333333334,0.8268398268398269,0.3834944486836129,0.5,38,13,2,3
0.7352941176470589,0.7142857142857143,0.8333333333333334,0.7692307692307693,0.8333333333333334,0.8268398268398269,0.3834944486836129,0.5,38,14,2,3
0.7352941176470589,0.7142857142857143,0.8333333333333334,0.7692307692307693,0.8333333333333334,0.8268398268398269,0.3834944486836129,0.5,38,15,2,3
0.7352941176470589,0.7142857142857143,0.8333333333333334,0.7692307692307693,0.8333333333333334,0.8268398268398269,0.3834944486836129,0.5,39,5,2,3
0.7352941176470589,0.7142857142857143,0.8333333333333334,0.7692307692307693,0.8333333333333334,0.8268398268398269,0.3834944486836129,0.5,39,6,2,3
0.7352941176470589,0.7142857142857143,0.8333333333333334,0.7692307692307693,0.8333333333333334,0.8268398268398269,0.3834944486836129,0.5,39,7,2,3
0.7352941176470589,0.7142857142857143,0.8333333333333334,0.7692307692307693,0.8333333333333334,0.8268398268398269,0.3834944486836129,0.5,39,8,2,3
0.7352941176470589,0.7142857142857143,0.8333333333333334,0.7692307692307693,0.8333333333333334,0.8268398268398269,0.3834944486836129,0.5,39,9,2,3
0.7352941176470589,0.7142857142857143,0.8333333333333334,0.7692307692307693,0.8333333333333334,0.8268398268398269,0.3834944486836129,0.5,39,10,2,3
0.7352941176470589,0.7142857142857143,0.8333333333333334,0.7692307692307693,0.8333333333333334,0.8268398268398269,0.3834944486836129,0.5,39,11,2,3
0.7352941176470589,0.7142857142857143,0.8333333333333334,0.7692307692307693,0.8333333333333334,0.8268398268398269,0.3834944486836129,0.5,39,12,2,3
0.7352941176470589,0.7142857142857143,0.8333333333333334,0.7692307692307693,0.8333333333333334,0.8268398268398269,0.3834944486836129,0.5,39,13,2,3
0.7352941176470589,0.7142857142857143,0.8333333333333334,0.7692307692307693,0.8333333333333334,0.8268398268398269,0.3834944486836129,0.5,39,14,2,3
0.7352941176470589,0.7142857142857143,0.8333333333333334,0.7692307692307693,0.8333333333333334,0.8268398268398269,0.3834944486836129,0.5,39,15,2,3
0.7352941176470589,0.7142857142857143,0.8333333333333334,0.7692307692307693,0.8333333333333334,0.8268398268398269,0.3834944486836129,0.5,40,5,2,3
0.7352941176470589,0.7142857142857143,0.8333333333333334,0.7692307692307693,0.8333333333333334,0.8268398268398269,0.3834944486836129,0.5,40,6,2,3
0.7352941176470589,0.7142857142857143,0.8333333333333334,0.7692307692307693,0.8333333333333334,0.8268398268398269,0.3834944486836129,0.5,40,7,2,3
0.7352941176470589,0.7142857142857143,0.8333333333333334,0.7692307692307693,0.8333333333333334,0.8268398268398269,0.3834944486836129,0.5,40,8,2,3
0.7352941176470589,0.7142857142857143,0.8333333333333334,0.7692307692307693,0.8333333333333334,0.8268398268398269,0.3834944486836129,0.5,40,9,2,3
0.7352941176470589,0.7142857142857143,0.8333333333333334,0.7692307692307693,0.8333333333333334,0.8268398268398269,0.3834944486836129,0.5,40,10,2,3
0.7352941176470589,0.7142857142857143,0.8333333333333334,0.7692307692307693,0.8333333333333334,0.8268398268398269,0.3834944486836129,0.5,40,11,2,3
0.7352941176470589,0.7142857142857143,0.8333333333333334,0.7692307692307693,0.8333333333333334,0.8268398268398269,0.3834944486836129,0.5,40,12,2,3
0.7352941176470589,0.7142857142857143,0.8333333333333334,0.7692307692307693,0.8333333333333334,0.8268398268398269,0.3834944486836129,0.5,40,13,2,3
0.7352941176470589,0.7142857142857143,0.8333333333333334,0.7692307692307693,0.8333333333333334,0.8268398268398269,0.3834944486836129,0.5,40,14,2,3
0.7352941176470589,0.7142857142857143,0.8333333333333334,0.7692307692307693,0.8333333333333334,0.8268398268398269,0.3834944486836129,0.5,40,15,2,3
0.7352941176470589,0.7142857142857143,0.8333333333333334,0.7692307692307693,0.8333333333333334,0.8268398268398269,0.3834944486836129,0.5,41,5,2,3
0.7352941176470589,0.7142857142857143,0.8333333333333334,0.7692307692307693,0.8333333333333334,0.8268398268398269,0.3834944486836129,0.5,41,6,2,3
0.7352941176470589,0.7142857142857143,0.8333333333333334,0.7692307692307693,0.8333333333333334,0.8268398268398269,0.3834944486836129,0.5,41,7,2,3
0.7352941176470589,0.7142857142857143,0.8333333333333334,0.7692307692307693,0.8333333333333334,0.8268398268398269,0.3834944486836129,0.5,41,8,2,3
0.7352941176470589,0.7142857142857143,0.8333333333333334,0.7692307692307693,0.8333333333333334,0.8268398268398269,0.3834944486836129,0.5,41,9,2,3
0.7352941176470589,0.7142857142857143,0.8333333333333334,0.7692307692307693,0.8333333333333334,0.8268398268398269,0.3834944486836129,0.5,41,10,2,3
0.7352941176470589,0.7142857142857143,0.8333333333333334,0.7692307692307693,0.8333333333333334,0.8268398268398269,0.3834944486836129,0.5,41,11,2,3
0.7352941176470589,0.7142857142857143,0.8333333333333334,0.7692307692307693,0.8333333333333334,0.8268398268398269,0.3834944486836129,0.5,41,12,2,3
0.7352941176470589,0.7142857142857143,0.8333333333333334,0.7692307692307693,0.8333333333333334,0.8268398268398269,0.3834944486836129,0.5,41,13,2,3
0.7352941176470589,0.7142857142857143,0.8333333333333334,0.7692307692307693,0.8333333333333334,0.8268398268398269,0.3834944486836129,0.5,41,14,2,3
0.7352941176470589,0.7142857142857143,0.8333333333333334,0.7692307692307693,0.8333333333333334,0.8268398268398269,0.3834944486836129,0.5,41,15,2,3
0.7352941176470589,0.7142857142857143,0.8333333333333334,0.7692307692307693,0.8333333333333334,0.8268398268398269,0.3834944486836129,0.5,42,5,2,3
0.7352941176470589,0.7142857142857143,0.8333333333333334,0.7692307692307693,0.8333333333333334,0.8268398268398269,0.3834944486836129,0.5,42,6,2,3
0.7352941176470589,0.7142857142857143,0.8333333333333334,0.7692307692307693,0.8333333333333334,0.8268398268398269,0.3834944486836129,0.5,42,7,2,3
0.7352941176470589,0.7142857142857143,0.8333333333333334,0.7692307692307693,0.8333333333333334,0.8268398268398269,0.3834944486836129,0.5,42,8,2,3
0.7352941176470589,0.7142857142857143,0.8333333333333334,0.7692307692307693,0.8333333333333334,0.8268398268398269,0.3834944486836129,0.5,42,9,2,3
0.7352941176470589,0.7142857142857143,0.8333333333333334,0.7692307692307693,0.8333333333333334,0.8268398268398269,0.3834944486836129,0.5,42,10,2,3
0.7352941176470589,0.7142857142857143,0.8333333333333334,0.7692307692307693,0.8333333333333334,0.8268398268398269,0.3834944486836129,0.5,42,11,2,3
0.7352941176470589,0.7142857142857143,0.8333333333333334,0.7692307692307693,0.8333333333333334,0.8268398268398269,0.3834944486836129,0.5,42,12,2,3
0.7352941176470589,0.7142857142857143,0.8333333333333334,0.7692307692307693,0.8333333333333334,0.8268398268398269,0.3834944486836129,0.5,42,13,2,3
0.7352941176470589,0.7142857142857143,0.8333333333333334,0.7692307692307693,0.8333333333333334,0.8268398268398269,0.3834944486836129,0.5,42,14,2,3
0.7352941176470589,0.7142857142857143,0.8333333333333334,0.7692307692307693,0.8333333333333334,0.8268398268398269,0.3834944486836129,0.5,42,15,2,3
0.7352941176470589,0.7142857142857143,0.8333333333333334,0.7692307692307693,0.8333333333333334,0.8268398268398269,0.3834944486836129,0.5,43,5,2,3
0.7352941176470589,0.7142857142857143,0.8333333333333334,0.7692307692307693,0.8333333333333334,0.8268398268398269,0.3834944486836129,0.5,43,6,2,3
0.7352941176470589,0.7142857142857143,0.8333333333333334,0.7692307692307693,0.8333333333333334,0.8268398268398269,0.3834944486836129,0.5,43,7,2,3
0.7352941176470589,0.7142857142857143,0.8333333333333334,0.7692307692307693,0.8333333333333334,0.8268398268398269,0.3834944486836129,0.5,43,8,2,3
0.7352941176470589,0.7142857142857143,0.8333333333333334,0.7692307692307693,0.8333333333333334,0.8268398268398269,0.3834944486836129,0.5,43,9,2,3
0.7352941176470589,0.7142857142857143,0.8333333333333334,0.7692307692307693,0.8333333333333334,0.8268398268398269,0.3834944486836129,0.5,43,10,2,3
0.7352941176470589,0.7142857142857143,0.8333333333333334,0.7692307692307693,0.8333333333333334,0.8268398268398269,0.3834944486836129,0.5,43,11,2,3
0.7352941176470589,0.7142857142857143,0.8333333333333334,0.7692307692307693,0.8333333333333334,0.8268398268398269,0.3834944486836129,0.5,43,12,2,3
0.7352941176470589,0.7142857142857143,0.8333333333333334,0.7692307692307693,0.8333333333333334,0.8268398268398269,0.3834944486836129,0.5,43,13,2,3
0.7352941176470589,0.7142857142857143,0.8333333333333334,0.7692307692307693,0.8333333333333334,0.8268398268398269,0.3834944486836129,0.5,43,14,2,3
0.7352941176470589,0.7142857142857143,0.8333333333333334,0.7692307692307693,0.8333333333333334,0.8268398268398269,0.3834944486836129,0.5,43,15,2,3
0.7352941176470589,0.7142857142857143,0.8333333333333334,0.7692307692307693,0.8333333333333334,0.8268398268398269,0.3834944486836129,0.5,44,5,2,3
0.7352941176470589,0.7142857142857143,0.8333333333333334,0.7692307692307693,0.8333333333333334,0.8268398268398269,0.3834944486836129,0.5,44,6,2,3
0.7352941176470589,0.7142857142857143,0.8333333333333334,0.7692307692307693,0.8333333333333334,0.8268398268398269,0.3834944486836129,0.5,44,7,2,3
0.7352941176470589,0.7142857142857143,0.8333333333333334,0.7692307692307693,0.8333333333333334,0.8268398268398269,0.3834944486836129,0.5,44,8,2,3
0.7352941176470589,0.7142857142857143,0.8333333333333334,0.7692307692307693,0.8333333333333334,0.8268398268398269,0.3834944486836129,0.5,44,9,2,3
0.7352941176470589,0.7142857142857143,0.8333333333333334,0.7692307692307693,0.8333333333333334,0.8268398268398269,0.3834944486836129,0.5,44,10,2,3
0.7352941176470589,0.7142857142857143,0.8333333333333334,0.7692307692307693,0.8333333333333334,0.8268398268398269,0.3834944486836129,0.5,44,11,2,3
0.7352941176470589,0.7142857142857143,0.8333333333333334,0.7692307692307693,0.8333333333333334,0.8268398268398269,0.3834944486836129,0.5,44,12,2,3
0.7352941176470589,0.7142857142857143,0.8333333333333334,0.7692307692307693,0.8333333333333334,0.8268398268398269,0.3834944486836129,0.5,44,13,2,3
0.7352941176470589,0.7142857142857143,0.8333333333333334,0.7692307692307693,0.8333333333333334,0.8268398268398269,0.3834944486836129,0.5,44,14,2,3
0.7352941176470589,0.7142857142857143,0.8333333333333334,0.7692307692307693,0.8333333333333334,0.8268398268398269,0.3834944486836129,0.5,44,15,2,3
0.7352941176470589,0.7142857142857143,0.8333333333333334,0.7692307692307693,0.8333333333333334,0.8116883116883117,0.393333731078779,0.5,45,5,1,2
0.7352941176470589,0.7142857142857143,0.8333333333333334,0.7692307692307693,0.8333333333333334,0.8116883116883117,0.393333731078779,0.5,45,6,1,2
0.7352941176470589,0.7142857142857143,0.8333333333333334,0.7692307692307693,0.8333333333333334,0.8116883116883117,0.393333731078779,0.5,45,7,1,2
0.7352941176470589,0.7142857142857143,0.8333333333333334,0.7692307692307693,0.8333333333333334,0.8116883116883117,0.393333731078779,0.5,45,8,1,2
0.7352941176470589,0.7142857142857143,0.8333333333333334,0.7692307692307693,0.8333333333333334,0.8116883116883117,0.393333731078779,0.5,45,9,1,2
0.7352941176470589,0.7142857142857143,0.8333333333333334,0.7692307692307693,0.8333333333333334,0.8116883116883117,0.393333731078779,0.5,45,10,1,2
0.7352941176470589,0.7142857142857143,0.8333333333333334,0.7692307692307693,0.8333333333333334,0.8116883116883117,0.393333731078779,0.5,45,11,1,2
0.7352941176470589,0.7142857142857143,0.8333333333333334,0.7692307692307693,0.8333333333333334,0.8116883116883117,0.393333731078779,0.5,45,12,1,2
0.7352941176470589,0.7142857142857143,0.8333333333333334,0.7692307692307693,0.8333333333333334,0.8116883116883117,0.393333731078779,0.5,45,13,1,2
0.7352941176470589,0.7142857142857143,0.8333333333333334,0.7692307692307693,0.8333333333333334,0.8116883116883117,0.393333731078779,0.5,45,14,1,2
0.7352941176470589,0.7142857142857143,0.8333333333333334,0.7692307692307693,0.8333333333333334,0.8116883116883117,0.393333731078779,0.5,45,15,1,2
0.7352941176470589,0.7142857142857143,0.8333333333333334,0.7692307692307693,0.8333333333333334,0.8116883116883117,0.393333731078779,0.5,46,5,1,2
0.7352941176470589,0.7142857142857143,0.8333333333333334,0.7692307692307693,0.8333333333333334,0.8116883116883117,0.393333731078779,0.5,46,6,1,2
0.7352941176470589,0.7142857142857143,0.8333333333333334,0.7692307692307693,0.8333333333333334,0.8116883116883117,0.393333731078779,0.5,46,7,1,2
0.7352941176470589,0.7142857142857143,0.8333333333333334,0.7692307692307693,0.8333333333333334,0.8116883116883117,0.393333731078779,0.5,46,8,1,2
0.7352941176470589,0.7142857142857143,0.8333333333333334,0.7692307692307693,0.8333333333333334,0.8116883116883117,0.393333731078779,0.5,46,9,1,2
0.7352941176470589,0.7142857142857143,0.8333333333333334,0.7692307692307693,0.8333333333333334,0.8116883116883117,0.393333731078779,0.5,46,10,1,2
0.7352941176470589,0.7142857142857143,0.8333333333333334,0.7692307692307693,0.8333333333333334,0.8116883116883117,0.393333731078779,0.5,46,11,1,2
0.7352941176470589,0.7142857142857143,0.8333333333333334,0.7692307692307693,0.8333333333333334,0.8116883116883117,0.393333731078779,0.5,46,12,1,2
0.7352941176470589,0.7142857142857143,0.8333333333333334,0.7692307692307693,0.8333333333333334,0.8116883116883117,0.393333731078779,0.5,46,13,1,2
0.7352941176470589,0.7142857142857143,0.8333333333333334,0.7692307692307693,0.8333333333333334,0.8116883116883117,0.393333731078779,0.5,46,14,1,2
0.7352941176470589,0.7142857142857143,0.8333333333333334,0.7692307692307693,0.8333333333333334,0.8116883116883117,0.393333731078779,0.5,46,15,1,2
0.7352941176470589,0.7142857142857143,0.8333333333333334,0.7692307692307693,0.8333333333333334,0.8116883116883117,0.393333731078779,0.5,47,5,1,2
0.7352941176470589,0.7142857142857143,0.8333333333333334,0.7692307692307693,0.8333333333333334,0.8116883116883117,0.393333731078779,0.5,47,6,1,2
0.7352941176470589,0.7142857142857143,0.8333333333333334,0.7692307692307693,0.8333333333333334,0.8116883116883117,0.393333731078779,0.5,47,7,1,2
0.7352941176470589,0.7142857142857143,0.8333333333333334,0.7692307692307693,0.8333333333333334,0.8116883116883117,0.393333731078779,0.5,47,8,1,2
0.7352941176470589,0.7142857142857143,0.8333333333333334,0.7692307692307693,0.8333333333333334,0.8116883116883117,0.393333731078779,0.5,47,9,1,2
0.7352941176470589,0.7142857142857143,0.8333333333333334,0.7692307692307693,0.8333333333333334,0.8116883116883117,0.393333731078779,0.5,47,10,1,2
0.7352941176470589,0.7142857142857143,0.8333333333333334,0.7692307692307693,0.8333333333333334,0.8116883116883117,0.393333731078779,0.5,47,11,1,2
0.7352941176470589,0.7142857142857143,0.8333333333333334,0.7692307692307693,0.8333333333333334,0.8116883116883117,0.393333731078779,0.5,47,12,1,2
0.7352941176470589,0.7142857142857143,0.8333333333333334,0.7692307692307693,0.8333333333333334,0.8116883116883117,0.393333731078779,0.5,47,13,1,2
0.7352941176470589,0.7142857142857143,0.8333333333333334,0.7692307692307693,0.8333333333333334,0.8116883116883117,0.393333731078779,0.5,47,14,1,2
0.7352941176470589,0.7142857142857143,0.8333333333333334,0.7692307692307693,0.8333333333333334,0.8116883116883117,0.393333731078779,0.5,47,15,1,2
0.7352941176470589,0.7142857142857143,0.8333333333333334,0.7692307692307693,0.8333333333333334,0.8116883116883117,0.393333731078779,0.5,48,5,1,2
0.7352941176470589,0.7142857142857143,0.8333333333333334,0.7692307692307693,0.8333333333333334,0.8116883116883117,0.393333731078779,0.5,48,6,1,2
0.7352941176470589,0.7142857142857143,0.8333333333333334,0.7692307692307693,0.8333333333333334,0.8116883116883117,0.393333731078779,0.5,48,7,1,2
0.7352941176470589,0.7142857142857143,0.8333333333333334,0.7692307692307693,0.8333333333333334,0.8116883116883117,0.393333731078779,0.5,48,8,1,2
0.7352941176470589,0.7142857142857143,0.8333333333333334,0.7692307692307693,0.8333333333333334,0.8116883116883117,0.393333731078779,0.5,48,9,1,2
0.7352941176470589,0.7142857142857143,0.8333333333333334,0.7692307692307693,0.8333333333333334,0.8116883116883117,0.393333731078779,0.5,48,10,1,2
0.7352941176470589,0.7142857142857143,0.8333333333333334,0.7692307692307693,0.8333333333333334,0.8116883116883117,0.393333731078779,0.5,48,11,1,2
0.7352941176470589,0.7142857142857143,0.8333333333333334,0.7692307692307693,0.8333333333333334,0.8116883116883117,0.393333731078779,0.5,48,12,1,2
0.7352941176470589,0.7142857142857143,0.8333333333333334,0.7692307692307693,0.8333333333333334,0.8116883116883117,0.393333731078779,0.5,48,13,1,2
0.7352941176470589,0.7142857142857143,0.8333333333333334,0.7692307692307693,0.8333333333333334,0.8116883116883117,0.393333731078779,0.5,48,14,1,2
0.7352941176470589,0.7142857142857143,0.8333333333333334,0.7692307692307693,0.8333333333333334,0.8116883116883117,0.393333731078779,0.5,48,15,1,2
0.7352941176470589,0.7142857142857143,0.8333333333333334,0.7692307692307693,0.8333333333333334,0.8116883116883117,0.393333731078779,0.5,49,5,1,2
0.7352941176470589,0.7142857142857143,0.8333333333333334,0.7692307692307693,0.8333333333333334,0.8116883116883117,0.393333731078779,0.5,49,6,1,2
0.7352941176470589,0.7142857142857143,0.8333333333333334,0.7692307692307693,0.8333333333333334,0.8116883116883117,0.393333731078779,0.5,49,7,1,2
0.7352941176470589,0.7142857142857143,0.8333333333333334,0.7692307692307693,0.8333333333333334,0.8116883116883117,0.393333731078779,0.5,49,8,1,2
0.7352941176470589,0.7142857142857143,0.8333333333333334,0.7692307692307693,0.8333333333333334,0.8116883116883117,0.393333731078779,0.5,49,9,1,2
0.7352941176470589,0.7142857142857143,0.8333333333333334,0.7692307692307693,0.8333333333333334,0.8116883116883117,0.393333731078779,0.5,49,10,1,2
0.7352941176470589,0.7142857142857143,0.8333333333333334,0.7692307692307693,0.8333333333333334,0.8116883116883117,0.393333731078779,0.5,49,11,1,2
0.7352941176470589,0.7142857142857143,0.8333333333333334,0.7692307692307693,0.8333333333333334,0.8116883116883117,0.393333731078779,0.5,49,12,1,2
0.7352941176470589,0.7142857142857143,0.8333333333333334,0.7692307692307693,0.8333333333333334,0.8116883116883117,0.393333731078779,0.5,49,13,1,2
0.7352941176470589,0.7142857142857143,0.8333333333333334,0.7692307692307693,0.8333333333333334,0.8116883116883117,0.393333731078779,0.5,49,14,1,2
0.7352941176470589,0.7142857142857143,0.8333333333333334,0.7692307692307693,0.8333333333333334,0.8116883116883117,0.393333731078779,0.5,49,15,1,2
0.7352941176470589,0.7142857142857143,0.8333333333333334,0.7692307692307693,0.8333333333333334,0.8116883116883117,0.393333731078779,0.5,50,5,1,2
0.7352941176470589,0.7142857142857143,0.8333333333333334,0.7692307692307693,0.8333333333333334,0.8116883116883117,0.393333731078779,0.5,50,6,1,2
0.7352941176470589,0.7142857142857143,0.8333333333333334,0.7692307692307693,0.8333333333333334,0.8116883116883117,0.393333731078779,0.5,50,7,1,2
0.7352941176470589,0.7142857142857143,0.8333333333333334,0.7692307692307693,0.8333333333333334,0.8116883116883117,0.393333731078779,0.5,50,8,1,2
0.7352941176470589,0.7142857142857143,0.8333333333333334,0.7692307692307693,0.8333333333333334,0.8116883116883117,0.393333731078779,0.5,50,9,1,2
0.7352941176470589,0.7142857142857143,0.8333333333333334,0.7692307692307693,0.8333333333333334,0.8116883116883117,0.393333731078779,0.5,50,10,1,2
0.7352941176470589,0.7142857142857143,0.8333333333333334,0.7692307692307693,0.8333333333333334,0.8116883116883117,0.393333731078779,0.5,50,11,1,2
0.7352941176470589,0.7142857142857143,0.8333333333333334,0.7692307692307693,0.8333333333333334,0.8116883116883117,0.393333731078779,0.5,50,12,1,2
0.7352941176470589,0.7142857142857143,0.8333333333333334,0.7692307692307693,0.8333333333333334,0.8116883116883117,0.393333731078779,0.5,50,13,1,2
0.7352941176470589,0.7142857142857143,0.8333333333333334,0.7692307692307693,0.8333333333333334,0.8116883116883117,0.393333731078779,0.5,50,14,1,2
0.7352941176470589,0.7142857142857143,0.8333333333333334,0.7692307692307693,0.8333333333333334,0.8116883116883117,0.393333731078779,0.5,50,15,1,2
0.7281553398058253,0.7142857142857143,0.7894736842105263,0.75,0.8148148148148148,0.8600288600288601,0.38094217585593326,0.1,11,5,5,8
0.7281553398058253,0.7142857142857143,0.7894736842105263,0.75,0.8148148148148148,0.8600288600288601,0.38094217585593326,0.15,11,5,5,8
0.7281553398058253,0.7142857142857143,0.7894736842105263,0.75,0.8148148148148148,0.8600288600288601,0.38094217585593326,0.2,11,5,5,8
0.7281553398058253,0.7142857142857143,0.7894736842105263,0.75,0.8148148148148148,0.8600288600288601,0.38094217585593326,0.25,11,5,5,8
0.7281553398058253,0.7142857142857143,0.7894736842105263,0.75,0.8148148148148148,0.8600288600288601,0.38094217585593326,0.3,11,5,5,8
0.7281553398058253,0.7142857142857143,0.7894736842105263,0.75,0.8148148148148148,0.8600288600288601,0.38094217585593326,0.35,11,5,5,8
0.7281553398058253,0.7142857142857143,0.7894736842105263,0.75,0.8148148148148148,0.8578643578643579,0.36891628587606135,0.35,15,6,6,8
0.7281553398058253,0.7142857142857143,0.7894736842105263,0.75,0.8148148148148148,0.8477633477633478,0.38397974387800327,0.4,11,5,5,9
0.7281553398058253,0.7142857142857143,0.7894736842105263,0.75,0.8148148148148148,0.8578643578643579,0.36891628587606135,0.4,15,6,6,8
0.7281553398058253,0.7142857142857143,0.7894736842105263,0.75,0.8148148148148148,0.8145743145743145,0.39438549229468894,0.45,11,5,5,10
0.7281553398058253,0.7142857142857143,0.7894736842105263,0.75,0.8148148148148148,0.8578643578643579,0.36891628587606135,0.45,15,6,6,8
0.7281553398058253,0.7142857142857143,0.7894736842105263,0.75,0.8148148148148148,0.8600288600288601,0.38094217585593326,0.5,11,5,5,8
0.7281553398058253,0.7142857142857143,0.7894736842105263,0.75,0.8148148148148148,0.8578643578643579,0.36891628587606135,0.5,15,6,6,8
0.7272727272727273,0.7619047619047619,0.6153846153846154,0.6808510638297872,0.7222222222222222,0.8116883116883118,0.4285245316140103,0.15,10,13,13,17
0.7272727272727273,0.7619047619047619,0.6153846153846154,0.6808510638297872,0.7222222222222222,0.8116883116883118,0.4285245316140103,0.15,10,14,13,17
0.7272727272727273,0.7619047619047619,0.6153846153846154,0.6808510638297872,0.7222222222222222,0.8116883116883118,0.4285245316140103,0.15,10,15,13,17
0.7272727272727273,0.7619047619047619,0.6153846153846154,0.6808510638297872,0.7222222222222222,0.8116883116883118,0.4285245316140103,0.2,10,13,13,17
0.7272727272727273,0.7619047619047619,0.6153846153846154,0.6808510638297872,0.7222222222222222,0.8116883116883118,0.4285245316140103,0.2,10,14,13,17
0.7272727272727273,0.7619047619047619,0.6153846153846154,0.6808510638297872,0.7222222222222222,0.8116883116883118,0.4285245316140103,0.2,10,15,13,17
0.7272727272727273,0.7619047619047619,0.6153846153846154,0.6808510638297872,0.7222222222222222,0.7936507936507937,0.4352920558891281,0.25,10,13,13,18
0.7272727272727273,0.7619047619047619,0.6153846153846154,0.6808510638297872,0.7222222222222222,0.7936507936507937,0.4352920558891281,0.25,10,14,13,18
0.7272727272727273,0.7619047619047619,0.6153846153846154,0.6808510638297872,0.7222222222222222,0.7936507936507937,0.4352920558891281,0.25,10,15,13,18
0.7272727272727273,0.7619047619047619,0.6153846153846154,0.6808510638297872,0.7222222222222222,0.7936507936507937,0.4352920558891281,0.3,10,13,13,18
0.7272727272727273,0.7619047619047619,0.6153846153846154,0.6808510638297872,0.7222222222222222,0.7936507936507937,0.4352920558891281,0.3,10,14,13,18
0.7272727272727273,0.7619047619047619,0.6153846153846154,0.6808510638297872,0.7222222222222222,0.7936507936507937,0.4352920558891281,0.3,10,15,13,18
0.7272727272727273,0.7619047619047619,0.6153846153846154,0.6808510638297872,0.7222222222222222,0.8203463203463204,0.40302539683340854,0.3,17,7,7,9
0.7272727272727273,0.7619047619047619,0.6153846153846154,0.6808510638297872,0.7222222222222222,0.8203463203463204,0.40302539683340854,0.3,17,8,7,9
0.7272727272727273,0.7619047619047619,0.6153846153846154,0.6808510638297872,0.7222222222222222,0.8203463203463204,0.40302539683340854,0.3,17,9,7,9
0.7272727272727273,0.7619047619047619,0.6153846153846154,0.6808510638297872,0.7222222222222222,0.8203463203463204,0.40302539683340854,0.3,17,10,7,9
0.7272727272727273,0.7619047619047619,0.6153846153846154,0.6808510638297872,0.7222222222222222,0.8203463203463204,0.40302539683340854,0.3,17,11,7,9
0.7272727272727273,0.7619047619047619,0.6153846153846154,0.6808510638297872,0.7222222222222222,0.8203463203463204,0.40302539683340854,0.3,17,12,7,9
0.7272727272727273,0.7619047619047619,0.6153846153846154,0.6808510638297872,0.7222222222222222,0.8203463203463204,0.40302539683340854,0.3,17,13,7,9
0.7272727272727273,0.7619047619047619,0.6153846153846154,0.6808510638297872,0.7222222222222222,0.8203463203463204,0.40302539683340854,0.3,17,14,7,9
0.7272727272727273,0.7619047619047619,0.6153846153846154,0.6808510638297872,0.7222222222222222,0.8203463203463204,0.40302539683340854,0.3,17,15,7,9
0.7272727272727273,0.7619047619047619,0.6153846153846154,0.6808510638297872,0.7222222222222222,0.8203463203463204,0.40302539683340854,0.3,18,7,7,9
0.7272727272727273,0.7619047619047619,0.6153846153846154,0.6808510638297872,0.7222222222222222,0.8203463203463204,0.40302539683340854,0.3,18,8,7,9
0.7272727272727273,0.7619047619047619,0.6153846153846154,0.6808510638297872,0.7222222222222222,0.8203463203463204,0.40302539683340854,0.3,18,9,7,9
0.7272727272727273,0.7619047619047619,0.6153846153846154,0.6808510638297872,0.7222222222222222,0.8203463203463204,0.40302539683340854,0.3,18,10,7,9
0.7272727272727273,0.7619047619047619,0.6153846153846154,0.6808510638297872,0.7222222222222222,0.8203463203463204,0.40302539683340854,0.3,18,11,7,9
0.7272727272727273,0.7619047619047619,0.6153846153846154,0.6808510638297872,0.7222222222222222,0.8203463203463204,0.40302539683340854,0.3,18,12,7,9
0.7272727272727273,0.7619047619047619,0.6153846153846154,0.6808510638297872,0.7222222222222222,0.8203463203463204,0.40302539683340854,0.3,18,13,7,9
0.7272727272727273,0.7619047619047619,0.6153846153846154,0.6808510638297872,0.7222222222222222,0.8203463203463204,0.40302539683340854,0.3,18,14,7,9
0.7272727272727273,0.7619047619047619,0.6153846153846154,0.6808510638297872,0.7222222222222222,0.8203463203463204,0.40302539683340854,0.3,18,15,7,9
0.7272727272727273,0.7619047619047619,0.6153846153846154,0.6808510638297872,0.7222222222222222,0.8203463203463204,0.4001143513725621,0.3,19,7,7,9
0.7272727272727273,0.7619047619047619,0.6153846153846154,0.6808510638297872,0.7222222222222222,0.8203463203463204,0.4001143513725621,0.3,19,8,7,9
0.7272727272727273,0.7619047619047619,0.6153846153846154,0.6808510638297872,0.7222222222222222,0.8203463203463204,0.4001143513725621,0.3,19,9,7,9
0.7272727272727273,0.7619047619047619,0.6153846153846154,0.6808510638297872,0.7222222222222222,0.8203463203463204,0.4001143513725621,0.3,19,10,7,9
0.7272727272727273,0.7619047619047619,0.6153846153846154,0.6808510638297872,0.7222222222222222,0.8203463203463204,0.4001143513725621,0.3,19,11,7,9
0.7272727272727273,0.7619047619047619,0.6153846153846154,0.6808510638297872,0.7222222222222222,0.8203463203463204,0.4001143513725621,0.3,19,12,7,9
0.7272727272727273,0.7619047619047619,0.6153846153846154,0.6808510638297872,0.7222222222222222,0.8203463203463204,0.4001143513725621,0.3,19,13,7,9
0.7272727272727273,0.7619047619047619,0.6153846153846154,0.6808510638297872,0.7222222222222222,0.8203463203463204,0.4001143513725621,0.3,19,14,7,9
0.7272727272727273,0.7619047619047619,0.6153846153846154,0.6808510638297872,0.7222222222222222,0.8203463203463204,0.4001143513725621,0.3,19,15,7,9
0.7272727272727273,0.7619047619047619,0.6153846153846154,0.6808510638297872,0.7222222222222222,0.7936507936507937,0.4352920558891281,0.35,10,13,13,18
0.7272727272727273,0.7619047619047619,0.6153846153846154,0.6808510638297872,0.7222222222222222,0.7936507936507937,0.4352920558891281,0.35,10,14,13,18
0.7272727272727273,0.7619047619047619,0.6153846153846154,0.6808510638297872,0.7222222222222222,0.7936507936507937,0.4352920558891281,0.35,10,15,13,18
0.7272727272727273,0.7619047619047619,0.6153846153846154,0.6808510638297872,0.7222222222222222,0.8152958152958153,0.3971019523435844,0.35,15,7,7,11
0.7272727272727273,0.7619047619047619,0.6153846153846154,0.6808510638297872,0.7222222222222222,0.8152958152958153,0.3971019523435844,0.35,15,8,7,11
0.7272727272727273,0.7619047619047619,0.6153846153846154,0.6808510638297872,0.7222222222222222,0.8152958152958153,0.3971019523435844,0.35,15,9,7,11
0.7272727272727273,0.7619047619047619,0.6153846153846154,0.6808510638297872,0.7222222222222222,0.8152958152958153,0.3971019523435844,0.35,15,10,7,11
0.7272727272727273,0.7619047619047619,0.6153846153846154,0.6808510638297872,0.7222222222222222,0.8152958152958153,0.3971019523435844,0.35,15,11,7,11
0.7272727272727273,0.7619047619047619,0.6153846153846154,0.6808510638297872,0.7222222222222222,0.8152958152958153,0.3971019523435844,0.35,15,12,7,11
0.7272727272727273,0.7619047619047619,0.6153846153846154,0.6808510638297872,0.7222222222222222,0.8152958152958153,0.3971019523435844,0.35,15,13,7,11
0.7272727272727273,0.7619047619047619,0.6153846153846154,0.6808510638297872,0.7222222222222222,0.8152958152958153,0.3971019523435844,0.35,15,14,7,11
0.7272727272727273,0.7619047619047619,0.6153846153846154,0.6808510638297872,0.7222222222222222,0.8152958152958153,0.3971019523435844,0.35,15,15,7,11
0.7272727272727273,0.7619047619047619,0.6153846153846154,0.6808510638297872,0.7222222222222222,0.8203463203463204,0.40302539683340854,0.35,17,7,7,9
0.7272727272727273,0.7619047619047619,0.6153846153846154,0.6808510638297872,0.7222222222222222,0.8203463203463204,0.40302539683340854,0.35,17,8,7,9
0.7272727272727273,0.7619047619047619,0.6153846153846154,0.6808510638297872,0.7222222222222222,0.8203463203463204,0.40302539683340854,0.35,17,9,7,9
0.7272727272727273,0.7619047619047619,0.6153846153846154,0.6808510638297872,0.7222222222222222,0.8203463203463204,0.40302539683340854,0.35,17,10,7,9
0.7272727272727273,0.7619047619047619,0.6153846153846154,0.6808510638297872,0.7222222222222222,0.8203463203463204,0.40302539683340854,0.35,17,11,7,9
0.7272727272727273,0.7619047619047619,0.6153846153846154,0.6808510638297872,0.7222222222222222,0.8203463203463204,0.40302539683340854,0.35,17,12,7,9
0.7272727272727273,0.7619047619047619,0.6153846153846154,0.6808510638297872,0.7222222222222222,0.8203463203463204,0.40302539683340854,0.35,17,13,7,9
0.7272727272727273,0.7619047619047619,0.6153846153846154,0.6808510638297872,0.7222222222222222,0.8203463203463204,0.40302539683340854,0.35,17,14,7,9
0.7272727272727273,0.7619047619047619,0.6153846153846154,0.6808510638297872,0.7222222222222222,0.8203463203463204,0.40302539683340854,0.35,17,15,7,9
0.7272727272727273,0.7619047619047619,0.6153846153846154,0.6808510638297872,0.7222222222222222,0.8203463203463204,0.40302539683340854,0.35,18,7,7,9
0.7272727272727273,0.7619047619047619,0.6153846153846154,0.6808510638297872,0.7222222222222222,0.8203463203463204,0.40302539683340854,0.35,18,8,7,9
0.7272727272727273,0.7619047619047619,0.6153846153846154,0.6808510638297872,0.7222222222222222,0.8203463203463204,0.40302539683340854,0.35,18,9,7,9
0.7272727272727273,0.7619047619047619,0.6153846153846154,0.6808510638297872,0.7222222222222222,0.8203463203463204,0.40302539683340854,0.35,18,10,7,9
0.7272727272727273,0.7619047619047619,0.6153846153846154,0.6808510638297872,0.7222222222222222,0.8203463203463204,0.40302539683340854,0.35,18,11,7,9
0.7272727272727273,0.7619047619047619,0.6153846153846154,0.6808510638297872,0.7222222222222222,0.8203463203463204,0.40302539683340854,0.35,18,12,7,9
0.7272727272727273,0.7619047619047619,0.6153846153846154,0.6808510638297872,0.7222222222222222,0.8203463203463204,0.40302539683340854,0.35,18,13,7,9
0.7272727272727273,0.7619047619047619,0.6153846153846154,0.6808510638297872,0.7222222222222222,0.8203463203463204,0.40302539683340854,0.35,18,14,7,9
0.7272727272727273,0.7619047619047619,0.6153846153846154,0.6808510638297872,0.7222222222222222,0.8203463203463204,0.40302539683340854,0.35,18,15,7,9
0.7272727272727273,0.7619047619047619,0.6153846153846154,0.6808510638297872,0.7222222222222222,0.8203463203463204,0.4001143513725621,0.35,19,7,7,9
0.7272727272727273,0.7619047619047619,0.6153846153846154,0.6808510638297872,0.7222222222222222,0.8203463203463204,0.4001143513725621,0.35,19,8,7,9
0.7272727272727273,0.7619047619047619,0.6153846153846154,0.6808510638297872,0.7222222222222222,0.8203463203463204,0.4001143513725621,0.35,19,9,7,9
0.7272727272727273,0.7619047619047619,0.6153846153846154,0.6808510638297872,0.7222222222222222,0.8203463203463204,0.4001143513725621,0.35,19,10,7,9
0.7272727272727273,0.7619047619047619,0.6153846153846154,0.6808510638297872,0.7222222222222222,0.8203463203463204,0.4001143513725621,0.35,19,11,7,9
0.7272727272727273,0.7619047619047619,0.6153846153846154,0.6808510638297872,0.7222222222222222,0.8203463203463204,0.4001143513725621,0.35,19,12,7,9
0.7272727272727273,0.7619047619047619,0.6153846153846154,0.6808510638297872,0.7222222222222222,0.8203463203463204,0.4001143513725621,0.35,19,13,7,9
0.7272727272727273,0.7619047619047619,0.6153846153846154,0.6808510638297872,0.7222222222222222,0.8203463203463204,0.4001143513725621,0.35,19,14,7,9
0.7272727272727273,0.7619047619047619,0.6153846153846154,0.6808510638297872,0.7222222222222222,0.8203463203463204,0.4001143513725621,0.35,19,15,7,9
0.7272727272727273,0.7619047619047619,0.6153846153846154,0.6808510638297872,0.7222222222222222,0.7936507936507937,0.4352920558891281,0.4,10,13,13,18
0.7272727272727273,0.7619047619047619,0.6153846153846154,0.6808510638297872,0.7222222222222222,0.7936507936507937,0.4352920558891281,0.4,10,14,13,18
0.7272727272727273,0.7619047619047619,0.6153846153846154,0.6808510638297872,0.7222222222222222,0.7936507936507937,0.4352920558891281,0.4,10,15,13,18
0.7272727272727273,0.7619047619047619,0.6153846153846154,0.6808510638297872,0.7222222222222222,0.8152958152958153,0.3971019523435844,0.4,15,7,7,11
0.7272727272727273,0.7619047619047619,0.6153846153846154,0.6808510638297872,0.7222222222222222,0.8152958152958153,0.3971019523435844,0.4,15,8,7,11
0.7272727272727273,0.7619047619047619,0.6153846153846154,0.6808510638297872,0.7222222222222222,0.8152958152958153,0.3971019523435844,0.4,15,9,7,11
0.7272727272727273,0.7619047619047619,0.6153846153846154,0.6808510638297872,0.7222222222222222,0.8152958152958153,0.3971019523435844,0.4,15,10,7,11
0.7272727272727273,0.7619047619047619,0.6153846153846154,0.6808510638297872,0.7222222222222222,0.8152958152958153,0.3971019523435844,0.4,15,11,7,11
0.7272727272727273,0.7619047619047619,0.6153846153846154,0.6808510638297872,0.7222222222222222,0.8152958152958153,0.3971019523435844,0.4,15,12,7,11
0.7272727272727273,0.7619047619047619,0.6153846153846154,0.6808510638297872,0.7222222222222222,0.8152958152958153,0.3971019523435844,0.4,15,13,7,11
0.7272727272727273,0.7619047619047619,0.6153846153846154,0.6808510638297872,0.7222222222222222,0.8152958152958153,0.3971019523435844,0.4,15,14,7,11
0.7272727272727273,0.7619047619047619,0.6153846153846154,0.6808510638297872,0.7222222222222222,0.8152958152958153,0.3971019523435844,0.4,15,15,7,11
0.7272727272727273,0.7619047619047619,0.6153846153846154,0.6808510638297872,0.7222222222222222,0.8203463203463204,0.40302539683340854,0.4,17,7,7,9
0.7272727272727273,0.7619047619047619,0.6153846153846154,0.6808510638297872,0.7222222222222222,0.8203463203463204,0.40302539683340854,0.4,17,8,7,9
0.7272727272727273,0.7619047619047619,0.6153846153846154,0.6808510638297872,0.7222222222222222,0.8203463203463204,0.40302539683340854,0.4,17,9,7,9
0.7272727272727273,0.7619047619047619,0.6153846153846154,0.6808510638297872,0.7222222222222222,0.8203463203463204,0.40302539683340854,0.4,17,10,7,9
0.7272727272727273,0.7619047619047619,0.6153846153846154,0.6808510638297872,0.7222222222222222,0.8203463203463204,0.40302539683340854,0.4,17,11,7,9
0.7272727272727273,0.7619047619047619,0.6153846153846154,0.6808510638297872,0.7222222222222222,0.8203463203463204,0.40302539683340854,0.4,17,12,7,9
0.7272727272727273,0.7619047619047619,0.6153846153846154,0.6808510638297872,0.7222222222222222,0.8203463203463204,0.40302539683340854,0.4,17,13,7,9
0.7272727272727273,0.7619047619047619,0.6153846153846154,0.6808510638297872,0.7222222222222222,0.8203463203463204,0.40302539683340854,0.4,17,14,7,9
0.7272727272727273,0.7619047619047619,0.6153846153846154,0.6808510638297872,0.7222222222222222,0.8203463203463204,0.40302539683340854,0.4,17,15,7,9
0.7272727272727273,0.7619047619047619,0.6153846153846154,0.6808510638297872,0.7222222222222222,0.8203463203463204,0.40302539683340854,0.4,18,7,7,9
0.7272727272727273,0.7619047619047619,0.6153846153846154,0.6808510638297872,0.7222222222222222,0.8203463203463204,0.40302539683340854,0.4,18,8,7,9
0.7272727272727273,0.7619047619047619,0.6153846153846154,0.6808510638297872,0.7222222222222222,0.8203463203463204,0.40302539683340854,0.4,18,9,7,9
0.7272727272727273,0.7619047619047619,0.6153846153846154,0.6808510638297872,0.7222222222222222,0.8203463203463204,0.40302539683340854,0.4,18,10,7,9
0.7272727272727273,0.7619047619047619,0.6153846153846154,0.6808510638297872,0.7222222222222222,0.8203463203463204,0.40302539683340854,0.4,18,11,7,9
0.7272727272727273,0.7619047619047619,0.6153846153846154,0.6808510638297872,0.7222222222222222,0.8203463203463204,0.40302539683340854,0.4,18,12,7,9
0.7272727272727273,0.7619047619047619,0.6153846153846154,0.6808510638297872,0.7222222222222222,0.8203463203463204,0.40302539683340854,0.4,18,13,7,9
0.7272727272727273,0.7619047619047619,0.6153846153846154,0.6808510638297872,0.7222222222222222,0.8203463203463204,0.40302539683340854,0.4,18,14,7,9
0.7272727272727273,0.7619047619047619,0.6153846153846154,0.6808510638297872,0.7222222222222222,0.8203463203463204,0.40302539683340854,0.4,18,15,7,9
0.7272727272727273,0.7619047619047619,0.6153846153846154,0.6808510638297872,0.7222222222222222,0.8203463203463204,0.4001143513725621,0.4,19,7,7,9
0.7272727272727273,0.7619047619047619,0.6153846153846154,0.6808510638297872,0.7222222222222222,0.8203463203463204,0.4001143513725621,0.4,19,8,7,9
0.7272727272727273,0.7619047619047619,0.6153846153846154,0.6808510638297872,0.7222222222222222,0.8203463203463204,0.4001143513725621,0.4,19,9,7,9
0.7272727272727273,0.7619047619047619,0.6153846153846154,0.6808510638297872,0.7222222222222222,0.8203463203463204,0.4001143513725621,0.4,19,10,7,9
0.7272727272727273,0.7619047619047619,0.6153846153846154,0.6808510638297872,0.7222222222222222,0.8203463203463204,0.4001143513725621,0.4,19,11,7,9
0.7272727272727273,0.7619047619047619,0.6153846153846154,0.6808510638297872,0.7222222222222222,0.8203463203463204,0.4001143513725621,0.4,19,12,7,9
0.7272727272727273,0.7619047619047619,0.6153846153846154,0.6808510638297872,0.7222222222222222,0.8203463203463204,0.4001143513725621,0.4,19,13,7,9
0.7272727272727273,0.7619047619047619,0.6153846153846154,0.6808510638297872,0.7222222222222222,0.8203463203463204,0.4001143513725621,0.4,19,14,7,9
0.7272727272727273,0.7619047619047619,0.6153846153846154,0.6808510638297872,0.7222222222222222,0.8203463203463204,0.4001143513725621,0.4,19,15,7,9
0.7272727272727273,0.7619047619047619,0.6153846153846154,0.6808510638297872,0.7222222222222222,0.7958152958152959,0.43609951011096304,0.45,10,13,13,19
0.7272727272727273,0.7619047619047619,0.6153846153846154,0.6808510638297872,0.7222222222222222,0.7958152958152959,0.43609951011096304,0.45,10,14,13,19
0.7272727272727273,0.7619047619047619,0.6153846153846154,0.6808510638297872,0.7222222222222222,0.7958152958152959,0.43609951011096304,0.45,10,15,13,19
0.7272727272727273,0.7619047619047619,0.6153846153846154,0.6808510638297872,0.7222222222222222,0.8152958152958153,0.3971019523435844,0.45,15,7,7,11
0.7272727272727273,0.7619047619047619,0.6153846153846154,0.6808510638297872,0.7222222222222222,0.8152958152958153,0.3971019523435844,0.45,15,8,7,11
0.7272727272727273,0.7619047619047619,0.6153846153846154,0.6808510638297872,0.7222222222222222,0.8152958152958153,0.3971019523435844,0.45,15,9,7,11
0.7272727272727273,0.7619047619047619,0.6153846153846154,0.6808510638297872,0.7222222222222222,0.8152958152958153,0.3971019523435844,0.45,15,10,7,11
0.7272727272727273,0.7619047619047619,0.6153846153846154,0.6808510638297872,0.7222222222222222,0.8152958152958153,0.3971019523435844,0.45,15,11,7,11
0.7272727272727273,0.7619047619047619,0.6153846153846154,0.6808510638297872,0.7222222222222222,0.8152958152958153,0.3971019523435844,0.45,15,12,7,11
0.7272727272727273,0.7619047619047619,0.6153846153846154,0.6808510638297872,0.7222222222222222,0.8152958152958153,0.3971019523435844,0.45,15,13,7,11
0.7272727272727273,0.7619047619047619,0.6153846153846154,0.6808510638297872,0.7222222222222222,0.8152958152958153,0.3971019523435844,0.45,15,14,7,11
0.7272727272727273,0.7619047619047619,0.6153846153846154,0.6808510638297872,0.7222222222222222,0.8152958152958153,0.3971019523435844,0.45,15,15,7,11
0.7272727272727273,0.7619047619047619,0.6153846153846154,0.6808510638297872,0.7222222222222222,0.8203463203463204,0.40302539683340854,0.45,17,7,7,9
0.7272727272727273,0.7619047619047619,0.6153846153846154,0.6808510638297872,0.7222222222222222,0.8203463203463204,0.40302539683340854,0.45,17,8,7,9
0.7272727272727273,0.7619047619047619,0.6153846153846154,0.6808510638297872,0.7222222222222222,0.8203463203463204,0.40302539683340854,0.45,17,9,7,9
0.7272727272727273,0.7619047619047619,0.6153846153846154,0.6808510638297872,0.7222222222222222,0.8203463203463204,0.40302539683340854,0.45,17,10,7,9
0.7272727272727273,0.7619047619047619,0.6153846153846154,0.6808510638297872,0.7222222222222222,0.8203463203463204,0.40302539683340854,0.45,17,11,7,9
0.7272727272727273,0.7619047619047619,0.6153846153846154,0.6808510638297872,0.7222222222222222,0.8203463203463204,0.40302539683340854,0.45,17,12,7,9
0.7272727272727273,0.7619047619047619,0.6153846153846154,0.6808510638297872,0.7222222222222222,0.8203463203463204,0.40302539683340854,0.45,17,13,7,9
0.7272727272727273,0.7619047619047619,0.6153846153846154,0.6808510638297872,0.7222222222222222,0.8203463203463204,0.40302539683340854,0.45,17,14,7,9
0.7272727272727273,0.7619047619047619,0.6153846153846154,0.6808510638297872,0.7222222222222222,0.8203463203463204,0.40302539683340854,0.45,17,15,7,9
0.7272727272727273,0.7619047619047619,0.6153846153846154,0.6808510638297872,0.7222222222222222,0.8203463203463204,0.40302539683340854,0.45,18,7,7,9
0.7272727272727273,0.7619047619047619,0.6153846153846154,0.6808510638297872,0.7222222222222222,0.8203463203463204,0.40302539683340854,0.45,18,8,7,9
0.7272727272727273,0.7619047619047619,0.6153846153846154,0.6808510638297872,0.7222222222222222,0.8203463203463204,0.40302539683340854,0.45,18,9,7,9
0.7272727272727273,0.7619047619047619,0.6153846153846154,0.6808510638297872,0.7222222222222222,0.8203463203463204,0.40302539683340854,0.45,18,10,7,9
0.7272727272727273,0.7619047619047619,0.6153846153846154,0.6808510638297872,0.7222222222222222,0.8203463203463204,0.40302539683340854,0.45,18,11,7,9
0.7272727272727273,0.7619047619047619,0.6153846153846154,0.6808510638297872,0.7222222222222222,0.8203463203463204,0.40302539683340854,0.45,18,12,7,9
0.7272727272727273,0.7619047619047619,0.6153846153846154,0.6808510638297872,0.7222222222222222,0.8203463203463204,0.40302539683340854,0.45,18,13,7,9
0.7272727272727273,0.7619047619047619,0.6153846153846154,0.6808510638297872,0.7222222222222222,0.8203463203463204,0.40302539683340854,0.45,18,14,7,9
0.7272727272727273,0.7619047619047619,0.6153846153846154,0.6808510638297872,0.7222222222222222,0.8203463203463204,0.40302539683340854,0.45,18,15,7,9
0.7272727272727273,0.7619047619047619,0.6153846153846154,0.6808510638297872,0.7222222222222222,0.8203463203463204,0.4001143513725621,0.45,19,7,7,9
0.7272727272727273,0.7619047619047619,0.6153846153846154,0.6808510638297872,0.7222222222222222,0.8203463203463204,0.4001143513725621,0.45,19,8,7,9
0.7272727272727273,0.7619047619047619,0.6153846153846154,0.6808510638297872,0.7222222222222222,0.8203463203463204,0.4001143513725621,0.45,19,9,7,9
0.7272727272727273,0.7619047619047619,0.6153846153846154,0.6808510638297872,0.7222222222222222,0.8203463203463204,0.4001143513725621,0.45,19,10,7,9
0.7272727272727273,0.7619047619047619,0.6153846153846154,0.6808510638297872,0.7222222222222222,0.8203463203463204,0.4001143513725621,0.45,19,11,7,9
0.7272727272727273,0.7619047619047619,0.6153846153846154,0.6808510638297872,0.7222222222222222,0.8203463203463204,0.4001143513725621,0.45,19,12,7,9
0.7272727272727273,0.7619047619047619,0.6153846153846154,0.6808510638297872,0.7222222222222222,0.8203463203463204,0.4001143513725621,0.45,19,13,7,9
0.7272727272727273,0.7619047619047619,0.6153846153846154,0.6808510638297872,0.7222222222222222,0.8203463203463204,0.4001143513725621,0.45,19,14,7,9
0.7272727272727273,0.7619047619047619,0.6153846153846154,0.6808510638297872,0.7222222222222222,0.8203463203463204,0.4001143513725621,0.45,19,15,7,9
0.7272727272727273,0.7619047619047619,0.6153846153846154,0.6808510638297872,0.7222222222222222,0.8333333333333333,0.425285424437617,0.5,10,13,13,16
0.7272727272727273,0.7619047619047619,0.6153846153846154,0.6808510638297872,0.7222222222222222,0.8333333333333333,0.425285424437617,0.5,10,14,13,16
0.7272727272727273,0.7619047619047619,0.6153846153846154,0.6808510638297872,0.7222222222222222,0.8333333333333333,0.425285424437617,0.5,10,15,13,16
0.7272727272727273,0.7619047619047619,0.6153846153846154,0.6808510638297872,0.7222222222222222,0.8152958152958153,0.3971019523435844,0.5,15,7,7,11
0.7272727272727273,0.7619047619047619,0.6153846153846154,0.6808510638297872,0.7222222222222222,0.8152958152958153,0.3971019523435844,0.5,15,8,7,11
0.7272727272727273,0.7619047619047619,0.6153846153846154,0.6808510638297872,0.7222222222222222,0.8152958152958153,0.3971019523435844,0.5,15,9,7,11
0.7272727272727273,0.7619047619047619,0.6153846153846154,0.6808510638297872,0.7222222222222222,0.8152958152958153,0.3971019523435844,0.5,15,10,7,11
0.7272727272727273,0.7619047619047619,0.6153846153846154,0.6808510638297872,0.7222222222222222,0.8152958152958153,0.3971019523435844,0.5,15,11,7,11
0.7272727272727273,0.7619047619047619,0.6153846153846154,0.6808510638297872,0.7222222222222222,0.8152958152958153,0.3971019523435844,0.5,15,12,7,11
0.7272727272727273,0.7619047619047619,0.6153846153846154,0.6808510638297872,0.7222222222222222,0.8152958152958153,0.3971019523435844,0.5,15,13,7,11
0.7272727272727273,0.7619047619047619,0.6153846153846154,0.6808510638297872,0.7222222222222222,0.8152958152958153,0.3971019523435844,0.5,15,14,7,11
0.7272727272727273,0.7619047619047619,0.6153846153846154,0.6808510638297872,0.7222222222222222,0.8152958152958153,0.3971019523435844,0.5,15,15,7,11
0.7272727272727273,0.7619047619047619,0.6153846153846154,0.6808510638297872,0.7222222222222222,0.8203463203463204,0.40302539683340854,0.5,17,7,7,9
0.7272727272727273,0.7619047619047619,0.6153846153846154,0.6808510638297872,0.7222222222222222,0.8203463203463204,0.40302539683340854,0.5,17,8,7,9
0.7272727272727273,0.7619047619047619,0.6153846153846154,0.6808510638297872,0.7222222222222222,0.8203463203463204,0.40302539683340854,0.5,17,9,7,9
0.7272727272727273,0.7619047619047619,0.6153846153846154,0.6808510638297872,0.7222222222222222,0.8203463203463204,0.40302539683340854,0.5,17,10,7,9
0.7272727272727273,0.7619047619047619,0.6153846153846154,0.6808510638297872,0.7222222222222222,0.8203463203463204,0.40302539683340854,0.5,17,11,7,9
0.7272727272727273,0.7619047619047619,0.6153846153846154,0.6808510638297872,0.7222222222222222,0.8203463203463204,0.40302539683340854,0.5,17,12,7,9
0.7272727272727273,0.7619047619047619,0.6153846153846154,0.6808510638297872,0.7222222222222222,0.8203463203463204,0.40302539683340854,0.5,17,13,7,9
0.7272727272727273,0.7619047619047619,0.6153846153846154,0.6808510638297872,0.7222222222222222,0.8203463203463204,0.40302539683340854,0.5,17,14,7,9
0.7272727272727273,0.7619047619047619,0.6153846153846154,0.6808510638297872,0.7222222222222222,0.8203463203463204,0.40302539683340854,0.5,17,15,7,9
0.7272727272727273,0.7619047619047619,0.6153846153846154,0.6808510638297872,0.7222222222222222,0.8203463203463204,0.40302539683340854,0.5,18,7,7,9
0.7272727272727273,0.7619047619047619,0.6153846153846154,0.6808510638297872,0.7222222222222222,0.8203463203463204,0.40302539683340854,0.5,18,8,7,9
0.7272727272727273,0.7619047619047619,0.6153846153846154,0.6808510638297872,0.7222222222222222,0.8203463203463204,0.40302539683340854,0.5,18,9,7,9
0.7272727272727273,0.7619047619047619,0.6153846153846154,0.6808510638297872,0.7222222222222222,0.8203463203463204,0.40302539683340854,0.5,18,10,7,9
0.7272727272727273,0.7619047619047619,0.6153846153846154,0.6808510638297872,0.7222222222222222,0.8203463203463204,0.40302539683340854,0.5,18,11,7,9
0.7272727272727273,0.7619047619047619,0.6153846153846154,0.6808510638297872,0.7222222222222222,0.8203463203463204,0.40302539683340854,0.5,18,12,7,9
0.7272727272727273,0.7619047619047619,0.6153846153846154,0.6808510638297872,0.7222222222222222,0.8203463203463204,0.40302539683340854,0.5,18,13,7,9
0.7272727272727273,0.7619047619047619,0.6153846153846154,0.6808510638297872,0.7222222222222222,0.8203463203463204,0.40302539683340854,0.5,18,14,7,9
0.7272727272727273,0.7619047619047619,0.6153846153846154,0.6808510638297872,0.7222222222222222,0.8203463203463204,0.40302539683340854,0.5,18,15,7,9
0.7272727272727273,0.7619047619047619,0.6153846153846154,0.6808510638297872,0.7222222222222222,0.8203463203463204,0.4001143513725621,0.5,19,7,7,9
0.7272727272727273,0.7619047619047619,0.6153846153846154,0.6808510638297872,0.7222222222222222,0.8203463203463204,0.4001143513725621,0.5,19,8,7,9
0.7272727272727273,0.7619047619047619,0.6153846153846154,0.6808510638297872,0.7222222222222222,0.8203463203463204,0.4001143513725621,0.5,19,9,7,9
0.7272727272727273,0.7619047619047619,0.6153846153846154,0.6808510638297872,0.7222222222222222,0.8203463203463204,0.4001143513725621,0.5,19,10,7,9
0.7272727272727273,0.7619047619047619,0.6153846153846154,0.6808510638297872,0.7222222222222222,0.8203463203463204,0.4001143513725621,0.5,19,11,7,9
0.7272727272727273,0.7619047619047619,0.6153846153846154,0.6808510638297872,0.7222222222222222,0.8203463203463204,0.4001143513725621,0.5,19,12,7,9
0.7272727272727273,0.7619047619047619,0.6153846153846154,0.6808510638297872,0.7222222222222222,0.8203463203463204,0.4001143513725621,0.5,19,13,7,9
0.7272727272727273,0.7619047619047619,0.6153846153846154,0.6808510638297872,0.7222222222222222,0.8203463203463204,0.4001143513725621,0.5,19,14,7,9
0.7272727272727273,0.7619047619047619,0.6153846153846154,0.6808510638297872,0.7222222222222222,0.8203463203463204,0.4001143513725621,0.5,19,15,7,9
0.7211538461538461,0.7142857142857143,0.75,0.7317073170731707,0.7962962962962963,0.84992784992785,0.3908514368458698,0.15,12,6,6,9
0.7211538461538461,0.7142857142857143,0.75,0.7317073170731707,0.7962962962962963,0.84992784992785,0.3908514368458698,0.15,12,7,6,9
0.7211538461538461,0.7142857142857143,0.75,0.7317073170731707,0.7962962962962963,0.84992784992785,0.3908514368458698,0.15,12,8,6,9
0.7211538461538461,0.7142857142857143,0.75,0.7317073170731707,0.7962962962962963,0.84992784992785,0.3908514368458698,0.15,12,9,6,9
0.7211538461538461,0.7142857142857143,0.75,0.7317073170731707,0.7962962962962963,0.84992784992785,0.3908514368458698,0.15,12,10,6,9
0.7211538461538461,0.7142857142857143,0.75,0.7317073170731707,0.7962962962962963,0.84992784992785,0.3908514368458698,0.15,12,11,6,9
0.7211538461538461,0.7142857142857143,0.75,0.7317073170731707,0.7962962962962963,0.84992784992785,0.3908514368458698,0.15,12,12,6,9
0.7211538461538461,0.7142857142857143,0.75,0.7317073170731707,0.7962962962962963,0.84992784992785,0.3908514368458698,0.15,12,13,6,9
0.7211538461538461,0.7142857142857143,0.75,0.7317073170731707,0.7962962962962963,0.84992784992785,0.3908514368458698,0.15,12,14,6,9
0.7211538461538461,0.7142857142857143,0.75,0.7317073170731707,0.7962962962962963,0.84992784992785,0.3908514368458698,0.15,12,15,6,9
0.7211538461538461,0.7142857142857143,0.75,0.7317073170731707,0.7962962962962963,0.8593073593073594,0.37941844185912754,0.15,13,5,5,7
0.7211538461538461,0.7142857142857143,0.75,0.7317073170731707,0.7962962962962963,0.8593073593073594,0.37941844185912754,0.15,13,6,5,7
0.7211538461538461,0.7142857142857143,0.75,0.7317073170731707,0.7962962962962963,0.84992784992785,0.3908514368458698,0.2,12,6,6,9
0.7211538461538461,0.7142857142857143,0.75,0.7317073170731707,0.7962962962962963,0.84992784992785,0.3908514368458698,0.2,12,7,6,9
0.7211538461538461,0.7142857142857143,0.75,0.7317073170731707,0.7962962962962963,0.84992784992785,0.3908514368458698,0.2,12,8,6,9
0.7211538461538461,0.7142857142857143,0.75,0.7317073170731707,0.7962962962962963,0.84992784992785,0.3908514368458698,0.2,12,9,6,9
0.7211538461538461,0.7142857142857143,0.75,0.7317073170731707,0.7962962962962963,0.84992784992785,0.3908514368458698,0.2,12,10,6,9
0.7211538461538461,0.7142857142857143,0.75,0.7317073170731707,0.7962962962962963,0.84992784992785,0.3908514368458698,0.2,12,11,6,9
0.7211538461538461,0.7142857142857143,0.75,0.7317073170731707,0.7962962962962963,0.84992784992785,0.3908514368458698,0.2,12,12,6,9
0.7211538461538461,0.7142857142857143,0.75,0.7317073170731707,0.7962962962962963,0.84992784992785,0.3908514368458698,0.2,12,13,6,9
0.7211538461538461,0.7142857142857143,0.75,0.7317073170731707,0.7962962962962963,0.84992784992785,0.3908514368458698,0.2,12,14,6,9
0.7211538461538461,0.7142857142857143,0.75,0.7317073170731707,0.7962962962962963,0.84992784992785,0.3908514368458698,0.2,12,15,6,9
0.7211538461538461,0.7142857142857143,0.75,0.7317073170731707,0.7962962962962963,0.8593073593073594,0.37941844185912754,0.2,13,5,5,7
0.7211538461538461,0.7142857142857143,0.75,0.7317073170731707,0.7962962962962963,0.8593073593073594,0.37941844185912754,0.2,13,6,5,7
0.7211538461538461,0.7142857142857143,0.75,0.7317073170731707,0.7962962962962963,0.84992784992785,0.3908514368458698,0.25,12,6,6,9
0.7211538461538461,0.7142857142857143,0.75,0.7317073170731707,0.7962962962962963,0.84992784992785,0.3908514368458698,0.25,12,7,6,9
0.7211538461538461,0.7142857142857143,0.75,0.7317073170731707,0.7962962962962963,0.84992784992785,0.3908514368458698,0.25,12,8,6,9
0.7211538461538461,0.7142857142857143,0.75,0.7317073170731707,0.7962962962962963,0.84992784992785,0.3908514368458698,0.25,12,9,6,9
0.7211538461538461,0.7142857142857143,0.75,0.7317073170731707,0.7962962962962963,0.8593073593073594,0.37941844185912754,0.25,13,5,5,7
0.7211538461538461,0.7142857142857143,0.75,0.7317073170731707,0.7962962962962963,0.8593073593073594,0.37941844185912754,0.25,13,6,5,7
0.7211538461538461,0.7142857142857143,0.75,0.7317073170731707,0.7962962962962963,0.84992784992785,0.3908514368458698,0.3,12,6,6,9
0.7211538461538461,0.7142857142857143,0.75,0.7317073170731707,0.7962962962962963,0.8520923520923521,0.383418209980732,0.3,12,7,7,10
0.7211538461538461,0.7142857142857143,0.75,0.7317073170731707,0.7962962962962963,0.8520923520923521,0.383418209980732,0.3,12,8,7,10
0.7211538461538461,0.7142857142857143,0.75,0.7317073170731707,0.7962962962962963,0.8520923520923521,0.383418209980732,0.3,12,9,7,10
0.7211538461538461,0.7142857142857143,0.75,0.7317073170731707,0.7962962962962963,0.8593073593073594,0.37941844185912754,0.3,13,5,5,7
0.7211538461538461,0.7142857142857143,0.75,0.7317073170731707,0.7962962962962963,0.8593073593073594,0.37941844185912754,0.3,13,6,5,7
0.7211538461538461,0.7142857142857143,0.75,0.7317073170731707,0.7962962962962963,0.8593073593073594,0.3733625585330186,0.3,14,5,4,6
0.7211538461538461,0.7142857142857143,0.75,0.7317073170731707,0.7962962962962963,0.8593073593073594,0.3733625585330186,0.3,14,6,4,6
0.7211538461538461,0.7142857142857143,0.75,0.7317073170731707,0.7962962962962963,0.8593073593073594,0.3733625585330186,0.3,15,5,4,6
0.7211538461538461,0.7142857142857143,0.75,0.7317073170731707,0.7962962962962963,0.8593073593073594,0.3733625585330186,0.3,15,6,4,6
0.7211538461538461,0.7142857142857143,0.75,0.7317073170731707,0.7962962962962963,0.8593073593073594,0.3733625585330186,0.3,16,5,4,6
0.7211538461538461,0.7142857142857143,0.75,0.7317073170731707,0.7962962962962963,0.8593073593073594,0.3733625585330186,0.3,16,6,4,6
0.7211538461538461,0.7142857142857143,0.75,0.7317073170731707,0.7962962962962963,0.8593073593073594,0.3733625585330186,0.3,17,5,4,6
0.7211538461538461,0.7142857142857143,0.75,0.7317073170731707,0.7962962962962963,0.8593073593073594,0.3733625585330186,0.3,17,6,4,6
0.7211538461538461,0.7142857142857143,0.75,0.7317073170731707,0.7962962962962963,0.8593073593073594,0.3733625585330186,0.3,18,5,4,6
0.7211538461538461,0.7142857142857143,0.75,0.7317073170731707,0.7962962962962963,0.8593073593073594,0.3733625585330186,0.3,18,6,4,6
0.7211538461538461,0.7142857142857143,0.75,0.7317073170731707,0.7962962962962963,0.8593073593073594,0.3733625585330186,0.3,19,5,4,6
0.7211538461538461,0.7142857142857143,0.75,0.7317073170731707,0.7962962962962963,0.8593073593073594,0.3733625585330186,0.3,19,6,4,6
0.7211538461538461,0.7142857142857143,0.75,0.7317073170731707,0.7962962962962963,0.8593073593073594,0.3733625585330186,0.3,20,5,4,6
0.7211538461538461,0.7142857142857143,0.75,0.7317073170731707,0.7962962962962963,0.8593073593073594,0.3733625585330186,0.3,20,6,4,6
0.7211538461538461,0.7142857142857143,0.75,0.7317073170731707,0.7962962962962963,0.8593073593073594,0.3733625585330186,0.3,20,7,4,6
0.7211538461538461,0.7142857142857143,0.75,0.7317073170731707,0.7962962962962963,0.8593073593073594,0.3733625585330186,0.3,20,8,4,6
0.7211538461538461,0.7142857142857143,0.75,0.7317073170731707,0.7962962962962963,0.8593073593073594,0.3733625585330186,0.3,20,9,4,6
0.7211538461538461,0.7142857142857143,0.75,0.7317073170731707,0.7962962962962963,0.8593073593073594,0.3733625585330186,0.3,20,10,4,6
0.7211538461538461,0.7142857142857143,0.75,0.7317073170731707,0.7962962962962963,0.8593073593073594,0.3733625585330186,0.3,20,11,4,6
0.7211538461538461,0.7142857142857143,0.75,0.7317073170731707,0.7962962962962963,0.8593073593073594,0.3733625585330186,0.3,20,12,4,6
0.7211538461538461,0.7142857142857143,0.75,0.7317073170731707,0.7962962962962963,0.8593073593073594,0.3733625585330186,0.3,20,13,4,6
0.7211538461538461,0.7142857142857143,0.75,0.7317073170731707,0.7962962962962963,0.8593073593073594,0.3733625585330186,0.3,20,14,4,6
0.7211538461538461,0.7142857142857143,0.75,0.7317073170731707,0.7962962962962963,0.8593073593073594,0.3733625585330186,0.3,20,15,4,6
0.7211538461538461,0.7142857142857143,0.75,0.7317073170731707,0.7962962962962963,0.8593073593073594,0.3733625585330186,0.3,21,5,4,6
0.7211538461538461,0.7142857142857143,0.75,0.7317073170731707,0.7962962962962963,0.8593073593073594,0.3733625585330186,0.3,21,6,4,6
0.7211538461538461,0.7142857142857143,0.75,0.7317073170731707,0.7962962962962963,0.8593073593073594,0.3733625585330186,0.3,21,7,4,6
0.7211538461538461,0.7142857142857143,0.75,0.7317073170731707,0.7962962962962963,0.8593073593073594,0.3733625585330186,0.3,21,8,4,6
0.7211538461538461,0.7142857142857143,0.75,0.7317073170731707,0.7962962962962963,0.8593073593073594,0.3733625585330186,0.3,21,9,4,6
0.7211538461538461,0.7142857142857143,0.75,0.7317073170731707,0.7962962962962963,0.8593073593073594,0.3733625585330186,0.3,21,10,4,6
0.7211538461538461,0.7142857142857143,0.75,0.7317073170731707,0.7962962962962963,0.8593073593073594,0.3733625585330186,0.3,21,11,4,6
0.7211538461538461,0.7142857142857143,0.75,0.7317073170731707,0.7962962962962963,0.8593073593073594,0.3733625585330186,0.3,21,12,4,6
0.7211538461538461,0.7142857142857143,0.75,0.7317073170731707,0.7962962962962963,0.8593073593073594,0.3733625585330186,0.3,21,13,4,6
0.7211538461538461,0.7142857142857143,0.75,0.7317073170731707,0.7962962962962963,0.8593073593073594,0.3733625585330186,0.3,21,14,4,6
0.7211538461538461,0.7142857142857143,0.75,0.7317073170731707,0.7962962962962963,0.8593073593073594,0.3733625585330186,0.3,21,15,4,6
0.7211538461538461,0.7142857142857143,0.75,0.7317073170731707,0.7962962962962963,0.84992784992785,0.3908514368458698,0.35,12,6,6,9
0.7211538461538461,0.7142857142857143,0.75,0.7317073170731707,0.7962962962962963,0.8520923520923521,0.383418209980732,0.35,12,7,7,10
0.7211538461538461,0.7142857142857143,0.75,0.7317073170731707,0.7962962962962963,0.8520923520923521,0.383418209980732,0.35,12,8,7,10
0.7211538461538461,0.7142857142857143,0.75,0.7317073170731707,0.7962962962962963,0.8520923520923521,0.383418209980732,0.35,12,9,7,10
0.7211538461538461,0.7142857142857143,0.75,0.7317073170731707,0.7962962962962963,0.8593073593073594,0.37941844185912754,0.35,13,5,5,7
0.7211538461538461,0.7142857142857143,0.75,0.7317073170731707,0.7962962962962963,0.8593073593073594,0.37941844185912754,0.35,13,6,5,7
0.7211538461538461,0.7142857142857143,0.75,0.7317073170731707,0.7962962962962963,0.8593073593073594,0.3733625585330186,0.35,14,5,4,6
0.7211538461538461,0.7142857142857143,0.75,0.7317073170731707,0.7962962962962963,0.8593073593073594,0.3733625585330186,0.35,14,6,4,6
0.7211538461538461,0.7142857142857143,0.75,0.7317073170731707,0.7962962962962963,0.8593073593073594,0.3733625585330186,0.35,15,5,4,6
0.7211538461538461,0.7142857142857143,0.75,0.7317073170731707,0.7962962962962963,0.8593073593073594,0.3733625585330186,0.35,16,5,4,6
0.7211538461538461,0.7142857142857143,0.75,0.7317073170731707,0.7962962962962963,0.8593073593073594,0.3733625585330186,0.35,16,6,4,6
0.7211538461538461,0.7142857142857143,0.75,0.7317073170731707,0.7962962962962963,0.8593073593073594,0.3733625585330186,0.35,17,5,4,6
0.7211538461538461,0.7142857142857143,0.75,0.7317073170731707,0.7962962962962963,0.8593073593073594,0.3733625585330186,0.35,17,6,4,6
0.7211538461538461,0.7142857142857143,0.75,0.7317073170731707,0.7962962962962963,0.8593073593073594,0.3733625585330186,0.35,18,5,4,6
0.7211538461538461,0.7142857142857143,0.75,0.7317073170731707,0.7962962962962963,0.8593073593073594,0.3733625585330186,0.35,18,6,4,6
0.7211538461538461,0.7142857142857143,0.75,0.7317073170731707,0.7962962962962963,0.8593073593073594,0.3733625585330186,0.35,19,5,4,6
0.7211538461538461,0.7142857142857143,0.75,0.7317073170731707,0.7962962962962963,0.8593073593073594,0.3733625585330186,0.35,19,6,4,6
0.7211538461538461,0.7142857142857143,0.75,0.7317073170731707,0.7962962962962963,0.8593073593073594,0.3733625585330186,0.35,20,5,4,6
0.7211538461538461,0.7142857142857143,0.75,0.7317073170731707,0.7962962962962963,0.8593073593073594,0.3733625585330186,0.35,20,6,4,6
0.7211538461538461,0.7142857142857143,0.75,0.7317073170731707,0.7962962962962963,0.8593073593073594,0.3733625585330186,0.35,21,5,4,6
0.7211538461538461,0.7142857142857143,0.75,0.7317073170731707,0.7962962962962963,0.8593073593073594,0.3733625585330186,0.35,21,6,4,6
0.7211538461538461,0.7142857142857143,0.75,0.7317073170731707,0.7962962962962963,0.84992784992785,0.3908514368458698,0.4,12,6,6,9
0.7211538461538461,0.7142857142857143,0.75,0.7317073170731707,0.7962962962962963,0.8520923520923521,0.383418209980732,0.4,12,7,7,10
0.7211538461538461,0.7142857142857143,0.75,0.7317073170731707,0.7962962962962963,0.8520923520923521,0.383418209980732,0.4,12,8,7,10
0.7211538461538461,0.7142857142857143,0.75,0.7317073170731707,0.7962962962962963,0.8520923520923521,0.383418209980732,0.4,12,9,7,10
0.7211538461538461,0.7142857142857143,0.75,0.7317073170731707,0.7962962962962963,0.8513708513708514,0.3824681115930743,0.4,13,5,5,8
0.7211538461538461,0.7142857142857143,0.75,0.7317073170731707,0.7962962962962963,0.8513708513708514,0.3824681115930743,0.4,13,6,5,8
0.7211538461538461,0.7142857142857143,0.75,0.7317073170731707,0.7962962962962963,0.8513708513708514,0.3764612894801881,0.4,14,5,5,7
0.7211538461538461,0.7142857142857143,0.75,0.7317073170731707,0.7962962962962963,0.8513708513708514,0.3764612894801881,0.4,14,6,5,7
0.7211538461538461,0.7142857142857143,0.75,0.7317073170731707,0.7962962962962963,0.8593073593073594,0.3733625585330186,0.4,15,5,4,6
0.7211538461538461,0.7142857142857143,0.75,0.7317073170731707,0.7962962962962963,0.8593073593073594,0.3733625585330186,0.4,16,5,4,6
0.7211538461538461,0.7142857142857143,0.75,0.7317073170731707,0.7962962962962963,0.8593073593073594,0.3733625585330186,0.4,16,6,4,6
0.7211538461538461,0.7142857142857143,0.75,0.7317073170731707,0.7962962962962963,0.8593073593073594,0.3733625585330186,0.4,17,5,4,6
0.7211538461538461,0.7142857142857143,0.75,0.7317073170731707,0.7962962962962963,0.8593073593073594,0.3733625585330186,0.4,17,6,4,6
0.7211538461538461,0.7142857142857143,0.75,0.7317073170731707,0.7962962962962963,0.8593073593073594,0.3733625585330186,0.4,18,5,4,6
0.7211538461538461,0.7142857142857143,0.75,0.7317073170731707,0.7962962962962963,0.8593073593073594,0.3733625585330186,0.4,18,6,4,6
0.7211538461538461,0.7142857142857143,0.75,0.7317073170731707,0.7962962962962963,0.8593073593073594,0.3733625585330186,0.4,19,5,4,6
0.7211538461538461,0.7142857142857143,0.75,0.7317073170731707,0.7962962962962963,0.8593073593073594,0.3733625585330186,0.4,19,6,4,6
0.7211538461538461,0.7142857142857143,0.75,0.7317073170731707,0.7962962962962963,0.8593073593073594,0.3733625585330186,0.4,20,5,4,6
0.7211538461538461,0.7142857142857143,0.75,0.7317073170731707,0.7962962962962963,0.8593073593073594,0.3733625585330186,0.4,20,6,4,6
0.7211538461538461,0.7142857142857143,0.75,0.7317073170731707,0.7962962962962963,0.8593073593073594,0.3733625585330186,0.4,21,5,4,6
0.7211538461538461,0.7142857142857143,0.75,0.7317073170731707,0.7962962962962963,0.8593073593073594,0.3733625585330186,0.4,21,6,4,6
0.7211538461538461,0.7142857142857143,0.75,0.7317073170731707,0.7962962962962963,0.8167388167388167,0.401078942988021,0.45,12,6,6,10
0.7211538461538461,0.7142857142857143,0.75,0.7317073170731707,0.7962962962962963,0.8189033189033188,0.39383879515448433,0.45,12,7,7,11
0.7211538461538461,0.7142857142857143,0.75,0.7317073170731707,0.7962962962962963,0.8189033189033188,0.39383879515448433,0.45,12,8,7,11
0.7211538461538461,0.7142857142857143,0.75,0.7317073170731707,0.7962962962962963,0.8189033189033188,0.39383879515448433,0.45,12,9,7,11
0.7211538461538461,0.7142857142857143,0.75,0.7317073170731707,0.7962962962962963,0.8369408369408368,0.39291389541409644,0.45,13,5,5,9
0.7211538461538461,0.7142857142857143,0.75,0.7317073170731707,0.7962962962962963,0.8369408369408368,0.39291389541409644,0.45,13,6,5,9
0.7211538461538461,0.7142857142857143,0.75,0.7317073170731707,0.7962962962962963,0.8513708513708514,0.3764612894801881,0.45,14,5,5,7
0.7211538461538461,0.7142857142857143,0.75,0.7317073170731707,0.7962962962962963,0.8513708513708514,0.3764612894801881,0.45,14,6,5,7
0.7211538461538461,0.7142857142857143,0.75,0.7317073170731707,0.7962962962962963,0.8593073593073594,0.3733625585330186,0.45,15,5,4,6
0.7211538461538461,0.7142857142857143,0.75,0.7317073170731707,0.7962962962962963,0.8593073593073594,0.3733625585330186,0.45,16,5,4,6
0.7211538461538461,0.7142857142857143,0.75,0.7317073170731707,0.7962962962962963,0.8593073593073594,0.3733625585330186,0.45,16,6,4,6
0.7211538461538461,0.7142857142857143,0.75,0.7317073170731707,0.7962962962962963,0.8593073593073594,0.3733625585330186,0.45,17,5,4,6
0.7211538461538461,0.7142857142857143,0.75,0.7317073170731707,0.7962962962962963,0.8593073593073594,0.3733625585330186,0.45,17,6,4,6
0.7211538461538461,0.7142857142857143,0.75,0.7317073170731707,0.7962962962962963,0.8593073593073594,0.3733625585330186,0.45,18,5,4,6
0.7211538461538461,0.7142857142857143,0.75,0.7317073170731707,0.7962962962962963,0.8593073593073594,0.3733625585330186,0.45,18,6,4,6
0.7211538461538461,0.7142857142857143,0.75,0.7317073170731707,0.7962962962962963,0.8593073593073594,0.3733625585330186,0.45,19,5,4,6
0.7211538461538461,0.7142857142857143,0.75,0.7317073170731707,0.7962962962962963,0.8593073593073594,0.3733625585330186,0.45,19,6,4,6
0.7211538461538461,0.7142857142857143,0.75,0.7317073170731707,0.7962962962962963,0.8593073593073594,0.3733625585330186,0.45,20,5,4,6
0.7211538461538461,0.7142857142857143,0.75,0.7317073170731707,0.7962962962962963,0.8593073593073594,0.3733625585330186,0.45,20,6,4,6
0.7211538461538461,0.7142857142857143,0.75,0.7317073170731707,0.7962962962962963,0.8593073593073594,0.3733625585330186,0.45,21,5,4,6
0.7211538461538461,0.7142857142857143,0.75,0.7317073170731707,0.7962962962962963,0.8593073593073594,0.3733625585330186,0.45,21,6,4,6
0.7211538461538461,0.7142857142857143,0.75,0.7317073170731707,0.7962962962962963,0.84992784992785,0.3908514368458698,0.5,12,6,6,9
0.7211538461538461,0.7142857142857143,0.75,0.7317073170731707,0.7962962962962963,0.84992784992785,0.3908514368458698,0.5,12,7,6,9
0.7211538461538461,0.7142857142857143,0.75,0.7317073170731707,0.7962962962962963,0.84992784992785,0.3908514368458698,0.5,12,8,6,9
0.7211538461538461,0.7142857142857143,0.75,0.7317073170731707,0.7962962962962963,0.84992784992785,0.3908514368458698,0.5,12,9,6,9
0.7211538461538461,0.7142857142857143,0.75,0.7317073170731707,0.7962962962962963,0.8593073593073594,0.37941844185912754,0.5,13,5,5,7
0.7211538461538461,0.7142857142857143,0.75,0.7317073170731707,0.7962962962962963,0.8593073593073594,0.37941844185912754,0.5,13,6,5,7
0.7211538461538461,0.7142857142857143,0.75,0.7317073170731707,0.7962962962962963,0.8593073593073594,0.3733625585330186,0.5,14,5,4,6
0.7211538461538461,0.7142857142857143,0.75,0.7317073170731707,0.7962962962962963,0.8593073593073594,0.3733625585330186,0.5,14,6,4,6
0.7211538461538461,0.7142857142857143,0.75,0.7317073170731707,0.7962962962962963,0.8593073593073594,0.3733625585330186,0.5,15,5,4,6
0.7211538461538461,0.7142857142857143,0.75,0.7317073170731707,0.7962962962962963,0.8593073593073594,0.3733625585330186,0.5,16,5,4,6
0.7211538461538461,0.7142857142857143,0.75,0.7317073170731707,0.7962962962962963,0.8593073593073594,0.3733625585330186,0.5,16,6,4,6
0.7211538461538461,0.7142857142857143,0.75,0.7317073170731707,0.7962962962962963,0.8593073593073594,0.3733625585330186,0.5,17,5,4,6
0.7211538461538461,0.7142857142857143,0.75,0.7317073170731707,0.7962962962962963,0.8593073593073594,0.3733625585330186,0.5,17,6,4,6
0.7211538461538461,0.7142857142857143,0.75,0.7317073170731707,0.7962962962962963,0.8593073593073594,0.3733625585330186,0.5,18,5,4,6
0.7211538461538461,0.7142857142857143,0.75,0.7317073170731707,0.7962962962962963,0.8593073593073594,0.3733625585330186,0.5,18,6,4,6
0.7211538461538461,0.7142857142857143,0.75,0.7317073170731707,0.7962962962962963,0.8593073593073594,0.3733625585330186,0.5,19,5,4,6
0.7211538461538461,0.7142857142857143,0.75,0.7317073170731707,0.7962962962962963,0.8593073593073594,0.3733625585330186,0.5,19,6,4,6
0.7211538461538461,0.7142857142857143,0.75,0.7317073170731707,0.7962962962962963,0.8593073593073594,0.3733625585330186,0.5,20,5,4,6
0.7211538461538461,0.7142857142857143,0.75,0.7317073170731707,0.7962962962962963,0.8593073593073594,0.3733625585330186,0.5,20,6,4,6
0.7211538461538461,0.7142857142857143,0.75,0.7317073170731707,0.7962962962962963,0.8593073593073594,0.3733625585330186,0.5,21,5,4,6
0.7211538461538461,0.7142857142857143,0.75,0.7317073170731707,0.7962962962962963,0.8593073593073594,0.3733625585330186,0.5,21,6,4,6
0.7207207207207207,0.7619047619047619,0.5925925925925926,0.6666666666666666,0.7037037037037037,0.8152958152958153,0.40123600870911413,0.3,15,7,7,9
0.7207207207207207,0.7619047619047619,0.5925925925925926,0.6666666666666666,0.7037037037037037,0.8152958152958153,0.40123600870911413,0.3,15,8,7,9
0.7207207207207207,0.7619047619047619,0.5925925925925926,0.6666666666666666,0.7037037037037037,0.8152958152958153,0.40123600870911413,0.3,15,9,7,9
0.7207207207207207,0.7619047619047619,0.5925925925925926,0.6666666666666666,0.7037037037037037,0.8152958152958153,0.40123600870911413,0.3,15,10,7,9
0.7207207207207207,0.7619047619047619,0.5925925925925926,0.6666666666666666,0.7037037037037037,0.8152958152958153,0.40123600870911413,0.3,15,11,7,9
0.7207207207207207,0.7619047619047619,0.5925925925925926,0.6666666666666666,0.7037037037037037,0.8152958152958153,0.40123600870911413,0.3,15,12,7,9
0.7207207207207207,0.7619047619047619,0.5925925925925926,0.6666666666666666,0.7037037037037037,0.8152958152958153,0.40123600870911413,0.3,15,13,7,9
0.7207207207207207,0.7619047619047619,0.5925925925925926,0.6666666666666666,0.7037037037037037,0.8152958152958153,0.40123600870911413,0.3,15,14,7,9
0.7207207207207207,0.7619047619047619,0.5925925925925926,0.6666666666666666,0.7037037037037037,0.8152958152958153,0.40123600870911413,0.3,15,15,7,9
0.7207207207207207,0.7619047619047619,0.5925925925925926,0.6666666666666666,0.7037037037037037,0.8152958152958153,0.40123600870911413,0.3,16,7,7,9
0.7207207207207207,0.7619047619047619,0.5925925925925926,0.6666666666666666,0.7037037037037037,0.8152958152958153,0.40123600870911413,0.3,16,8,7,9
0.7207207207207207,0.7619047619047619,0.5925925925925926,0.6666666666666666,0.7037037037037037,0.8152958152958153,0.40123600870911413,0.3,16,9,7,9
0.7207207207207207,0.7619047619047619,0.5925925925925926,0.6666666666666666,0.7037037037037037,0.8152958152958153,0.40123600870911413,0.3,16,10,7,9
0.7207207207207207,0.7619047619047619,0.5925925925925926,0.6666666666666666,0.7037037037037037,0.8152958152958153,0.40123600870911413,0.3,16,11,7,9
0.7207207207207207,0.7619047619047619,0.5925925925925926,0.6666666666666666,0.7037037037037037,0.8152958152958153,0.40123600870911413,0.3,16,12,7,9
0.7207207207207207,0.7619047619047619,0.5925925925925926,0.6666666666666666,0.7037037037037037,0.8152958152958153,0.40123600870911413,0.3,16,13,7,9
0.7207207207207207,0.7619047619047619,0.5925925925925926,0.6666666666666666,0.7037037037037037,0.8152958152958153,0.40123600870911413,0.3,16,14,7,9
0.7207207207207207,0.7619047619047619,0.5925925925925926,0.6666666666666666,0.7037037037037037,0.8152958152958153,0.40123600870911413,0.3,16,15,7,9
0.7207207207207207,0.7619047619047619,0.5925925925925926,0.6666666666666666,0.7037037037037037,0.8152958152958153,0.40123600870911413,0.35,16,7,7,9
0.7207207207207207,0.7619047619047619,0.5925925925925926,0.6666666666666666,0.7037037037037037,0.8152958152958153,0.40123600870911413,0.35,16,8,7,9
0.7207207207207207,0.7619047619047619,0.5925925925925926,0.6666666666666666,0.7037037037037037,0.8152958152958153,0.40123600870911413,0.35,16,9,7,9
0.7207207207207207,0.7619047619047619,0.5925925925925926,0.6666666666666666,0.7037037037037037,0.8152958152958153,0.40123600870911413,0.35,16,10,7,9
0.7207207207207207,0.7619047619047619,0.5925925925925926,0.6666666666666666,0.7037037037037037,0.8152958152958153,0.40123600870911413,0.35,16,11,7,9
0.7207207207207207,0.7619047619047619,0.5925925925925926,0.6666666666666666,0.7037037037037037,0.8152958152958153,0.40123600870911413,0.35,16,12,7,9
0.7207207207207207,0.7619047619047619,0.5925925925925926,0.6666666666666666,0.7037037037037037,0.8152958152958153,0.40123600870911413,0.35,16,13,7,9
0.7207207207207207,0.7619047619047619,0.5925925925925926,0.6666666666666666,0.7037037037037037,0.8152958152958153,0.40123600870911413,0.35,16,14,7,9
0.7207207207207207,0.7619047619047619,0.5925925925925926,0.6666666666666666,0.7037037037037037,0.8152958152958153,0.40123600870911413,0.35,16,15,7,9
0.7207207207207207,0.7619047619047619,0.5925925925925926,0.6666666666666666,0.7037037037037037,0.8152958152958153,0.40123600870911413,0.4,16,7,7,9
0.7207207207207207,0.7619047619047619,0.5925925925925926,0.6666666666666666,0.7037037037037037,0.8152958152958153,0.40123600870911413,0.4,16,8,7,9
0.7207207207207207,0.7619047619047619,0.5925925925925926,0.6666666666666666,0.7037037037037037,0.8152958152958153,0.40123600870911413,0.4,16,9,7,9
0.7207207207207207,0.7619047619047619,0.5925925925925926,0.6666666666666666,0.7037037037037037,0.8152958152958153,0.40123600870911413,0.4,16,10,7,9
0.7207207207207207,0.7619047619047619,0.5925925925925926,0.6666666666666666,0.7037037037037037,0.8152958152958153,0.40123600870911413,0.4,16,11,7,9
0.7207207207207207,0.7619047619047619,0.5925925925925926,0.6666666666666666,0.7037037037037037,0.8152958152958153,0.40123600870911413,0.4,16,12,7,9
0.7207207207207207,0.7619047619047619,0.5925925925925926,0.6666666666666666,0.7037037037037037,0.8152958152958153,0.40123600870911413,0.4,16,13,7,9
0.7207207207207207,0.7619047619047619,0.5925925925925926,0.6666666666666666,0.7037037037037037,0.8152958152958153,0.40123600870911413,0.4,16,14,7,9
0.7207207207207207,0.7619047619047619,0.5925925925925926,0.6666666666666666,0.7037037037037037,0.8152958152958153,0.40123600870911413,0.4,16,15,7,9
0.7207207207207207,0.7619047619047619,0.5925925925925926,0.6666666666666666,0.7037037037037037,0.8152958152958153,0.40123600870911413,0.45,16,7,7,9
0.7207207207207207,0.7619047619047619,0.5925925925925926,0.6666666666666666,0.7037037037037037,0.8152958152958153,0.40123600870911413,0.45,16,8,7,9
0.7207207207207207,0.7619047619047619,0.5925925925925926,0.6666666666666666,0.7037037037037037,0.8152958152958153,0.40123600870911413,0.45,16,9,7,9
0.7207207207207207,0.7619047619047619,0.5925925925925926,0.6666666666666666,0.7037037037037037,0.8152958152958153,0.40123600870911413,0.45,16,10,7,9
0.7207207207207207,0.7619047619047619,0.5925925925925926,0.6666666666666666,0.7037037037037037,0.8152958152958153,0.40123600870911413,0.45,16,11,7,9
0.7207207207207207,0.7619047619047619,0.5925925925925926,0.6666666666666666,0.7037037037037037,0.8152958152958153,0.40123600870911413,0.45,16,12,7,9
0.7207207207207207,0.7619047619047619,0.5925925925925926,0.6666666666666666,0.7037037037037037,0.8152958152958153,0.40123600870911413,0.45,16,13,7,9
0.7207207207207207,0.7619047619047619,0.5925925925925926,0.6666666666666666,0.7037037037037037,0.8152958152958153,0.40123600870911413,0.45,16,14,7,9
0.7207207207207207,0.7619047619047619,0.5925925925925926,0.6666666666666666,0.7037037037037037,0.8152958152958153,0.40123600870911413,0.45,16,15,7,9
0.7207207207207207,0.7619047619047619,0.5925925925925926,0.6666666666666666,0.7037037037037037,0.8152958152958153,0.40123600870911413,0.5,16,7,7,9
0.7207207207207207,0.7619047619047619,0.5925925925925926,0.6666666666666666,0.7037037037037037,0.8152958152958153,0.40123600870911413,0.5,16,8,7,9
0.7207207207207207,0.7619047619047619,0.5925925925925926,0.6666666666666666,0.7037037037037037,0.8152958152958153,0.40123600870911413,0.5,16,9,7,9
0.7207207207207207,0.7619047619047619,0.5925925925925926,0.6666666666666666,0.7037037037037037,0.8152958152958153,0.40123600870911413,0.5,16,10,7,9
0.7207207207207207,0.7619047619047619,0.5925925925925926,0.6666666666666666,0.7037037037037037,0.8152958152958153,0.40123600870911413,0.5,16,11,7,9
0.7207207207207207,0.7619047619047619,0.5925925925925926,0.6666666666666666,0.7037037037037037,0.8152958152958153,0.40123600870911413,0.5,16,12,7,9
0.7207207207207207,0.7619047619047619,0.5925925925925926,0.6666666666666666,0.7037037037037037,0.8152958152958153,0.40123600870911413,0.5,16,13,7,9
0.7207207207207207,0.7619047619047619,0.5925925925925926,0.6666666666666666,0.7037037037037037,0.8152958152958153,0.40123600870911413,0.5,16,14,7,9
0.7207207207207207,0.7619047619047619,0.5925925925925926,0.6666666666666666,0.7037037037037037,0.8152958152958153,0.40123600870911413,0.5,16,15,7,9
0.7079646017699115,0.7619047619047619,0.5517241379310345,0.64,0.6666666666666666,0.8116883116883116,0.42703009926888047,0.2,10,12,12,16
0.7079646017699115,0.7619047619047619,0.5517241379310345,0.64,0.6666666666666666,0.797979797979798,0.43382093703135954,0.25,10,12,12,17
0.7079646017699115,0.7619047619047619,0.5517241379310345,0.64,0.6666666666666666,0.797979797979798,0.43382093703135954,0.3,10,12,12,17
0.7079646017699115,0.7619047619047619,0.5517241379310345,0.64,0.6666666666666666,0.797979797979798,0.43382093703135954,0.35,10,12,12,17
0.7079646017699115,0.7619047619047619,0.5517241379310345,0.64,0.6666666666666666,0.797979797979798,0.43382093703135954,0.4,10,12,12,17
0.7079646017699115,0.7619047619047619,0.5517241379310345,0.64,0.6666666666666666,0.8001443001443,0.43463112429461953,0.45,10,12,12,18
0.7079646017699115,0.7619047619047619,0.5517241379310345,0.64,0.6666666666666666,0.8290043290043289,0.4237795697360445,0.5,10,12,12,15
0.7075471698113207,0.7142857142857143,0.6818181818181818,0.6976744186046512,0.7592592592592593,0.7922077922077921,0.42760938013054106,0.25,12,10,10,15
0.7075471698113207,0.7142857142857143,0.6818181818181818,0.6976744186046512,0.7592592592592593,0.7922077922077921,0.42760938013054106,0.25,12,11,10,15
0.7075471698113207,0.7142857142857143,0.6818181818181818,0.6976744186046512,0.7592592592592593,0.7922077922077921,0.42760938013054106,0.25,12,12,10,15
0.7075471698113207,0.7142857142857143,0.6818181818181818,0.6976744186046512,0.7592592592592593,0.7922077922077921,0.42760938013054106,0.25,12,13,10,15
0.7075471698113207,0.7142857142857143,0.6818181818181818,0.6976744186046512,0.7592592592592593,0.7922077922077921,0.42760938013054106,0.25,12,14,10,15
0.7075471698113207,0.7142857142857143,0.6818181818181818,0.6976744186046512,0.7592592592592593,0.7922077922077921,0.42760938013054106,0.25,12,15,10,15
0.7075471698113207,0.7142857142857143,0.6818181818181818,0.6976744186046512,0.7592592592592593,0.7929292929292928,0.4208259260501582,0.3,12,10,10,16
0.7075471698113207,0.7142857142857143,0.6818181818181818,0.6976744186046512,0.7592592592592593,0.7929292929292928,0.4208259260501582,0.3,12,11,10,16
0.7075471698113207,0.7142857142857143,0.6818181818181818,0.6976744186046512,0.7592592592592593,0.7929292929292928,0.4208259260501582,0.3,12,12,10,16
0.7075471698113207,0.7142857142857143,0.6818181818181818,0.6976744186046512,0.7592592592592593,0.7929292929292928,0.4208259260501582,0.3,12,13,10,16
0.7075471698113207,0.7142857142857143,0.6818181818181818,0.6976744186046512,0.7592592592592593,0.7929292929292928,0.4208259260501582,0.3,12,14,10,16
0.7075471698113207,0.7142857142857143,0.6818181818181818,0.6976744186046512,0.7592592592592593,0.7929292929292928,0.4208259260501582,0.3,12,15,10,16
0.7075471698113207,0.7142857142857143,0.6818181818181818,0.6976744186046512,0.7592592592592593,0.7929292929292928,0.4208259260501582,0.35,12,10,10,16
0.7075471698113207,0.7142857142857143,0.6818181818181818,0.6976744186046512,0.7592592592592593,0.7929292929292928,0.4208259260501582,0.35,12,11,10,16
0.7075471698113207,0.7142857142857143,0.6818181818181818,0.6976744186046512,0.7592592592592593,0.7929292929292928,0.4208259260501582,0.35,12,12,10,16
0.7075471698113207,0.7142857142857143,0.6818181818181818,0.6976744186046512,0.7592592592592593,0.7929292929292928,0.4208259260501582,0.35,12,13,10,16
0.7075471698113207,0.7142857142857143,0.6818181818181818,0.6976744186046512,0.7592592592592593,0.7929292929292928,0.4208259260501582,0.35,12,14,10,16
0.7075471698113207,0.7142857142857143,0.6818181818181818,0.6976744186046512,0.7592592592592593,0.7929292929292928,0.4208259260501582,0.35,12,15,10,16
0.7075471698113207,0.7142857142857143,0.6818181818181818,0.6976744186046512,0.7592592592592593,0.7929292929292928,0.4208259260501582,0.4,12,10,10,16
0.7075471698113207,0.7142857142857143,0.6818181818181818,0.6976744186046512,0.7592592592592593,0.7929292929292928,0.4208259260501582,0.4,12,11,10,16
0.7075471698113207,0.7142857142857143,0.6818181818181818,0.6976744186046512,0.7592592592592593,0.7929292929292928,0.4208259260501582,0.4,12,12,10,16
0.7075471698113207,0.7142857142857143,0.6818181818181818,0.6976744186046512,0.7592592592592593,0.7929292929292928,0.4208259260501582,0.4,12,13,10,16
0.7075471698113207,0.7142857142857143,0.6818181818181818,0.6976744186046512,0.7592592592592593,0.7929292929292928,0.4208259260501582,0.4,12,14,10,16
0.7075471698113207,0.7142857142857143,0.6818181818181818,0.6976744186046512,0.7592592592592593,0.7929292929292928,0.4208259260501582,0.4,12,15,10,16
0.7075471698113207,0.7142857142857143,0.6818181818181818,0.6976744186046512,0.7592592592592593,0.7929292929292928,0.4208259260501582,0.45,12,10,10,16
0.7075471698113207,0.7142857142857143,0.6818181818181818,0.6976744186046512,0.7592592592592593,0.7929292929292928,0.4208259260501582,0.45,12,11,10,16
0.7075471698113207,0.7142857142857143,0.6818181818181818,0.6976744186046512,0.7592592592592593,0.7929292929292928,0.4208259260501582,0.45,12,12,10,16
0.7075471698113207,0.7142857142857143,0.6818181818181818,0.6976744186046512,0.7592592592592593,0.7929292929292928,0.4208259260501582,0.45,12,13,10,16
0.7075471698113207,0.7142857142857143,0.6818181818181818,0.6976744186046512,0.7592592592592593,0.7929292929292928,0.4208259260501582,0.45,12,14,10,16
0.7075471698113207,0.7142857142857143,0.6818181818181818,0.6976744186046512,0.7592592592592593,0.7929292929292928,0.4208259260501582,0.45,12,15,10,16
0.7075471698113207,0.7142857142857143,0.6818181818181818,0.6976744186046512,0.7592592592592593,0.7922077922077921,0.42760938013054106,0.5,12,10,10,15
0.7075471698113207,0.7142857142857143,0.6818181818181818,0.6976744186046512,0.7592592592592593,0.7922077922077921,0.42760938013054106,0.5,12,11,10,15
0.7075471698113207,0.7142857142857143,0.6818181818181818,0.6976744186046512,0.7592592592592593,0.7922077922077921,0.42760938013054106,0.5,12,12,10,15
0.7075471698113207,0.7142857142857143,0.6818181818181818,0.6976744186046512,0.7592592592592593,0.7922077922077921,0.42760938013054106,0.5,12,13,10,15
0.7075471698113207,0.7142857142857143,0.6818181818181818,0.6976744186046512,0.7592592592592593,0.7922077922077921,0.42760938013054106,0.5,12,14,10,15
0.7075471698113207,0.7142857142857143,0.6818181818181818,0.6976744186046512,0.7592592592592593,0.7922077922077921,0.42760938013054106,0.5,12,15,10,15
0.7009345794392523,0.7142857142857143,0.6521739130434783,0.6818181818181818,0.7407407407407407,0.8275613275613275,0.4133955852196912,0.3,11,6,6,12
0.7009345794392523,0.7142857142857143,0.6521739130434783,0.6818181818181818,0.7407407407407407,0.8282828282828282,0.40637493517622203,0.3,11,7,7,13
0.7009345794392523,0.7142857142857143,0.6521739130434783,0.6818181818181818,0.7407407407407407,0.8275613275613275,0.4133955852196912,0.35,11,6,6,12
0.7009345794392523,0.7142857142857143,0.6521739130434783,0.6818181818181818,0.7407407407407407,0.8282828282828282,0.40637493517622203,0.35,11,7,7,13
0.7009345794392523,0.7142857142857143,0.6521739130434783,0.6818181818181818,0.7407407407407407,0.8275613275613275,0.4133955852196912,0.4,11,6,6,12
0.7009345794392523,0.7142857142857143,0.6521739130434783,0.6818181818181818,0.7407407407407407,0.8282828282828282,0.40637493517622203,0.4,11,7,7,13
0.7009345794392523,0.7142857142857143,0.6521739130434783,0.6818181818181818,0.7407407407407407,0.8275613275613275,0.4133955852196912,0.45,11,6,6,12
0.7009345794392523,0.7142857142857143,0.6521739130434783,0.6818181818181818,0.7407407407407407,0.8282828282828282,0.40637493517622203,0.45,11,7,7,13
0.7009345794392523,0.7142857142857143,0.6521739130434783,0.6818181818181818,0.7407407407407407,0.8275613275613275,0.4133955852196912,0.5,11,6,6,12
0.7009345794392523,0.7142857142857143,0.6521739130434783,0.6818181818181818,0.7407407407407407,0.8275613275613275,0.4133955852196912,0.5,11,7,6,12
0.6944444444444444,0.7142857142857143,0.625,0.6666666666666666,0.7222222222222222,0.8203463203463204,0.39793122588031643,0.35,20,7,7,9
0.6944444444444444,0.7142857142857143,0.625,0.6666666666666666,0.7222222222222222,0.8203463203463204,0.39793122588031643,0.35,20,8,7,9
0.6944444444444444,0.7142857142857143,0.625,0.6666666666666666,0.7222222222222222,0.8203463203463204,0.39793122588031643,0.35,20,9,7,9
0.6944444444444444,0.7142857142857143,0.625,0.6666666666666666,0.7222222222222222,0.8203463203463204,0.39793122588031643,0.35,20,10,7,9
0.6944444444444444,0.7142857142857143,0.625,0.6666666666666666,0.7222222222222222,0.8203463203463204,0.39793122588031643,0.35,20,11,7,9
0.6944444444444444,0.7142857142857143,0.625,0.6666666666666666,0.7222222222222222,0.8203463203463204,0.39793122588031643,0.35,20,12,7,9
0.6944444444444444,0.7142857142857143,0.625,0.6666666666666666,0.7222222222222222,0.8203463203463204,0.39793122588031643,0.35,20,13,7,9
0.6944444444444444,0.7142857142857143,0.625,0.6666666666666666,0.7222222222222222,0.8203463203463204,0.39793122588031643,0.35,20,14,7,9
0.6944444444444444,0.7142857142857143,0.625,0.6666666666666666,0.7222222222222222,0.8203463203463204,0.39793122588031643,0.35,20,15,7,9
0.6944444444444444,0.7142857142857143,0.625,0.6666666666666666,0.7222222222222222,0.8203463203463204,0.39793122588031643,0.35,21,7,7,9
0.6944444444444444,0.7142857142857143,0.625,0.6666666666666666,0.7222222222222222,0.8203463203463204,0.39793122588031643,0.35,21,8,7,9
0.6944444444444444,0.7142857142857143,0.625,0.6666666666666666,0.7222222222222222,0.8203463203463204,0.39793122588031643,0.35,21,9,7,9
0.6944444444444444,0.7142857142857143,0.625,0.6666666666666666,0.7222222222222222,0.8203463203463204,0.39793122588031643,0.35,21,10,7,9
0.6944444444444444,0.7142857142857143,0.625,0.6666666666666666,0.7222222222222222,0.8203463203463204,0.39793122588031643,0.35,21,11,7,9
0.6944444444444444,0.7142857142857143,0.625,0.6666666666666666,0.7222222222222222,0.8203463203463204,0.39793122588031643,0.35,21,12,7,9
0.6944444444444444,0.7142857142857143,0.625,0.6666666666666666,0.7222222222222222,0.8203463203463204,0.39793122588031643,0.35,21,13,7,9
0.6944444444444444,0.7142857142857143,0.625,0.6666666666666666,0.7222222222222222,0.8203463203463204,0.39793122588031643,0.35,21,14,7,9
0.6944444444444444,0.7142857142857143,0.625,0.6666666666666666,0.7222222222222222,0.8203463203463204,0.39793122588031643,0.35,21,15,7,9
0.6944444444444444,0.7142857142857143,0.625,0.6666666666666666,0.7222222222222222,0.8203463203463204,0.39793122588031643,0.4,20,7,7,9
0.6944444444444444,0.7142857142857143,0.625,0.6666666666666666,0.7222222222222222,0.8203463203463204,0.39793122588031643,0.4,20,8,7,9
0.6944444444444444,0.7142857142857143,0.625,0.6666666666666666,0.7222222222222222,0.8203463203463204,0.39793122588031643,0.4,20,9,7,9
0.6944444444444444,0.7142857142857143,0.625,0.6666666666666666,0.7222222222222222,0.8203463203463204,0.39793122588031643,0.4,20,10,7,9
0.6944444444444444,0.7142857142857143,0.625,0.6666666666666666,0.7222222222222222,0.8203463203463204,0.39793122588031643,0.4,20,11,7,9
0.6944444444444444,0.7142857142857143,0.625,0.6666666666666666,0.7222222222222222,0.8203463203463204,0.39793122588031643,0.4,20,12,7,9
0.6944444444444444,0.7142857142857143,0.625,0.6666666666666666,0.7222222222222222,0.8203463203463204,0.39793122588031643,0.4,20,13,7,9
0.6944444444444444,0.7142857142857143,0.625,0.6666666666666666,0.7222222222222222,0.8203463203463204,0.39793122588031643,0.4,20,14,7,9
0.6944444444444444,0.7142857142857143,0.625,0.6666666666666666,0.7222222222222222,0.8203463203463204,0.39793122588031643,0.4,20,15,7,9
0.6944444444444444,0.7142857142857143,0.625,0.6666666666666666,0.7222222222222222,0.8203463203463204,0.39793122588031643,0.4,21,7,7,9
0.6944444444444444,0.7142857142857143,0.625,0.6666666666666666,0.7222222222222222,0.8203463203463204,0.39793122588031643,0.4,21,8,7,9
0.6944444444444444,0.7142857142857143,0.625,0.6666666666666666,0.7222222222222222,0.8203463203463204,0.39793122588031643,0.4,21,9,7,9
0.6944444444444444,0.7142857142857143,0.625,0.6666666666666666,0.7222222222222222,0.8203463203463204,0.39793122588031643,0.4,21,10,7,9
0.6944444444444444,0.7142857142857143,0.625,0.6666666666666666,0.7222222222222222,0.8203463203463204,0.39793122588031643,0.4,21,11,7,9
0.6944444444444444,0.7142857142857143,0.625,0.6666666666666666,0.7222222222222222,0.8203463203463204,0.39793122588031643,0.4,21,12,7,9
0.6944444444444444,0.7142857142857143,0.625,0.6666666666666666,0.7222222222222222,0.8203463203463204,0.39793122588031643,0.4,21,13,7,9
0.6944444444444444,0.7142857142857143,0.625,0.6666666666666666,0.7222222222222222,0.8203463203463204,0.39793122588031643,0.4,21,14,7,9
0.6944444444444444,0.7142857142857143,0.625,0.6666666666666666,0.7222222222222222,0.8203463203463204,0.39793122588031643,0.4,21,15,7,9
0.6944444444444444,0.7142857142857143,0.625,0.6666666666666666,0.7222222222222222,0.8203463203463204,0.39793122588031643,0.45,20,7,7,9
0.6944444444444444,0.7142857142857143,0.625,0.6666666666666666,0.7222222222222222,0.8203463203463204,0.39793122588031643,0.45,20,8,7,9
0.6944444444444444,0.7142857142857143,0.625,0.6666666666666666,0.7222222222222222,0.8203463203463204,0.39793122588031643,0.45,20,9,7,9
0.6944444444444444,0.7142857142857143,0.625,0.6666666666666666,0.7222222222222222,0.8203463203463204,0.39793122588031643,0.45,20,10,7,9
0.6944444444444444,0.7142857142857143,0.625,0.6666666666666666,0.7222222222222222,0.8203463203463204,0.39793122588031643,0.45,20,11,7,9
0.6944444444444444,0.7142857142857143,0.625,0.6666666666666666,0.7222222222222222,0.8203463203463204,0.39793122588031643,0.45,20,12,7,9
0.6944444444444444,0.7142857142857143,0.625,0.6666666666666666,0.7222222222222222,0.8203463203463204,0.39793122588031643,0.45,20,13,7,9
0.6944444444444444,0.7142857142857143,0.625,0.6666666666666666,0.7222222222222222,0.8203463203463204,0.39793122588031643,0.45,20,14,7,9
0.6944444444444444,0.7142857142857143,0.625,0.6666666666666666,0.7222222222222222,0.8203463203463204,0.39793122588031643,0.45,20,15,7,9
0.6944444444444444,0.7142857142857143,0.625,0.6666666666666666,0.7222222222222222,0.8203463203463204,0.39793122588031643,0.45,21,7,7,9
0.6944444444444444,0.7142857142857143,0.625,0.6666666666666666,0.7222222222222222,0.8203463203463204,0.39793122588031643,0.45,21,8,7,9
0.6944444444444444,0.7142857142857143,0.625,0.6666666666666666,0.7222222222222222,0.8203463203463204,0.39793122588031643,0.45,21,9,7,9
0.6944444444444444,0.7142857142857143,0.625,0.6666666666666666,0.7222222222222222,0.8203463203463204,0.39793122588031643,0.45,21,10,7,9
0.6944444444444444,0.7142857142857143,0.625,0.6666666666666666,0.7222222222222222,0.8203463203463204,0.39793122588031643,0.45,21,11,7,9
0.6944444444444444,0.7142857142857143,0.625,0.6666666666666666,0.7222222222222222,0.8203463203463204,0.39793122588031643,0.45,21,12,7,9
0.6944444444444444,0.7142857142857143,0.625,0.6666666666666666,0.7222222222222222,0.8203463203463204,0.39793122588031643,0.45,21,13,7,9
0.6944444444444444,0.7142857142857143,0.625,0.6666666666666666,0.7222222222222222,0.8203463203463204,0.39793122588031643,0.45,21,14,7,9
0.6944444444444444,0.7142857142857143,0.625,0.6666666666666666,0.7222222222222222,0.8203463203463204,0.39793122588031643,0.45,21,15,7,9
0.6944444444444444,0.7142857142857143,0.625,0.6666666666666666,0.7222222222222222,0.8203463203463204,0.39793122588031643,0.5,20,7,7,9
0.6944444444444444,0.7142857142857143,0.625,0.6666666666666666,0.7222222222222222,0.8203463203463204,0.39793122588031643,0.5,20,8,7,9
0.6944444444444444,0.7142857142857143,0.625,0.6666666666666666,0.7222222222222222,0.8203463203463204,0.39793122588031643,0.5,20,9,7,9
0.6944444444444444,0.7142857142857143,0.625,0.6666666666666666,0.7222222222222222,0.8203463203463204,0.39793122588031643,0.5,20,10,7,9
0.6944444444444444,0.7142857142857143,0.625,0.6666666666666666,0.7222222222222222,0.8203463203463204,0.39793122588031643,0.5,20,11,7,9
0.6944444444444444,0.7142857142857143,0.625,0.6666666666666666,0.7222222222222222,0.8203463203463204,0.39793122588031643,0.5,20,12,7,9
0.6944444444444444,0.7142857142857143,0.625,0.6666666666666666,0.7222222222222222,0.8203463203463204,0.39793122588031643,0.5,20,13,7,9
0.6944444444444444,0.7142857142857143,0.625,0.6666666666666666,0.7222222222222222,0.8203463203463204,0.39793122588031643,0.5,20,14,7,9
0.6944444444444444,0.7142857142857143,0.625,0.6666666666666666,0.7222222222222222,0.8203463203463204,0.39793122588031643,0.5,20,15,7,9
0.6944444444444444,0.7142857142857143,0.625,0.6666666666666666,0.7222222222222222,0.8203463203463204,0.39793122588031643,0.5,21,7,7,9
0.6944444444444444,0.7142857142857143,0.625,0.6666666666666666,0.7222222222222222,0.8203463203463204,0.39793122588031643,0.5,21,8,7,9
0.6944444444444444,0.7142857142857143,0.625,0.6666666666666666,0.7222222222222222,0.8203463203463204,0.39793122588031643,0.5,21,9,7,9
0.6944444444444444,0.7142857142857143,0.625,0.6666666666666666,0.7222222222222222,0.8203463203463204,0.39793122588031643,0.5,21,10,7,9
0.6944444444444444,0.7142857142857143,0.625,0.6666666666666666,0.7222222222222222,0.8203463203463204,0.39793122588031643,0.5,21,11,7,9
0.6944444444444444,0.7142857142857143,0.625,0.6666666666666666,0.7222222222222222,0.8203463203463204,0.39793122588031643,0.5,21,12,7,9
0.6944444444444444,0.7142857142857143,0.625,0.6666666666666666,0.7222222222222222,0.8203463203463204,0.39793122588031643,0.5,21,13,7,9
0.6944444444444444,0.7142857142857143,0.625,0.6666666666666666,0.7222222222222222,0.8203463203463204,0.39793122588031643,0.5,21,14,7,9
0.6944444444444444,0.7142857142857143,0.625,0.6666666666666666,0.7222222222222222,0.8203463203463204,0.39793122588031643,0.5,21,15,7,9
0.693069306930693,0.6666666666666666,0.8235294117647058,0.7368421052631579,0.8148148148148148,0.7979797979797979,0.3961760298482255,0.1,12,6,6,8
0.693069306930693,0.6666666666666666,0.8235294117647058,0.7368421052631579,0.8148148148148148,0.7979797979797979,0.3961760298482255,0.1,12,7,6,8
0.693069306930693,0.6666666666666666,0.8235294117647058,0.7368421052631579,0.8148148148148148,0.7979797979797979,0.3961760298482255,0.1,12,8,6,8
0.693069306930693,0.6666666666666666,0.8235294117647058,0.7368421052631579,0.8148148148148148,0.7979797979797979,0.3961760298482255,0.1,12,9,6,8
0.693069306930693,0.6666666666666666,0.8235294117647058,0.7368421052631579,0.8148148148148148,0.7979797979797979,0.3961760298482255,0.1,12,10,6,8
0.693069306930693,0.6666666666666666,0.8235294117647058,0.7368421052631579,0.8148148148148148,0.7979797979797979,0.3961760298482255,0.1,12,11,6,8
0.693069306930693,0.6666666666666666,0.8235294117647058,0.7368421052631579,0.8148148148148148,0.7979797979797979,0.3961760298482255,0.1,12,12,6,8
0.693069306930693,0.6666666666666666,0.8235294117647058,0.7368421052631579,0.8148148148148148,0.7979797979797979,0.3961760298482255,0.1,12,13,6,8
0.693069306930693,0.6666666666666666,0.8235294117647058,0.7368421052631579,0.8148148148148148,0.7979797979797979,0.3961760298482255,0.1,12,14,6,8
0.693069306930693,0.6666666666666666,0.8235294117647058,0.7368421052631579,0.8148148148148148,0.7979797979797979,0.3961760298482255,0.1,12,15,6,8
0.693069306930693,0.6666666666666666,0.8235294117647058,0.7368421052631579,0.8148148148148148,0.8506493506493507,0.3849012275436768,0.1,13,5,5,6
0.693069306930693,0.6666666666666666,0.8235294117647058,0.7368421052631579,0.8148148148148148,0.8506493506493507,0.3849012275436768,0.1,13,6,5,6
0.6880733944954128,0.7142857142857143,0.6,0.6521739130434783,0.7037037037037037,0.7886002886002885,0.41714371071072787,0.2,22,5,5,9
0.6880733944954128,0.7142857142857143,0.6,0.6521739130434783,0.7037037037037037,0.7886002886002885,0.41714371071072787,0.2,22,6,5,9
0.6880733944954128,0.7142857142857143,0.6,0.6521739130434783,0.7037037037037037,0.7886002886002885,0.41714371071072787,0.2,22,7,5,9
0.6880733944954128,0.7142857142857143,0.6,0.6521739130434783,0.7037037037037037,0.7886002886002885,0.41714371071072787,0.2,22,8,5,9
0.6880733944954128,0.7142857142857143,0.6,0.6521739130434783,0.7037037037037037,0.7886002886002885,0.41714371071072787,0.2,22,9,5,9
0.6880733944954128,0.7142857142857143,0.6,0.6521739130434783,0.7037037037037037,0.7886002886002885,0.41714371071072787,0.2,22,10,5,9
0.6880733944954128,0.7142857142857143,0.6,0.6521739130434783,0.7037037037037037,0.7886002886002885,0.41714371071072787,0.2,22,11,5,9
0.6880733944954128,0.7142857142857143,0.6,0.6521739130434783,0.7037037037037037,0.7886002886002885,0.41714371071072787,0.2,22,12,5,9
0.6880733944954128,0.7142857142857143,0.6,0.6521739130434783,0.7037037037037037,0.7886002886002885,0.41714371071072787,0.2,22,13,5,9
0.6880733944954128,0.7142857142857143,0.6,0.6521739130434783,0.7037037037037037,0.7886002886002885,0.41714371071072787,0.2,22,14,5,9
0.6880733944954128,0.7142857142857143,0.6,0.6521739130434783,0.7037037037037037,0.7886002886002885,0.41714371071072787,0.2,22,15,5,9
0.6880733944954128,0.7142857142857143,0.6,0.6521739130434783,0.7037037037037037,0.7886002886002885,0.41714371071072787,0.25,22,5,5,9
0.6880733944954128,0.7142857142857143,0.6,0.6521739130434783,0.7037037037037037,0.7886002886002885,0.41714371071072787,0.25,22,6,5,9
0.6880733944954128,0.7142857142857143,0.6,0.6521739130434783,0.7037037037037037,0.7886002886002885,0.41714371071072787,0.25,22,7,5,9
0.6880733944954128,0.7142857142857143,0.6,0.6521739130434783,0.7037037037037037,0.7886002886002885,0.41714371071072787,0.25,22,8,5,9
0.6880733944954128,0.7142857142857143,0.6,0.6521739130434783,0.7037037037037037,0.7886002886002885,0.41714371071072787,0.25,22,9,5,9
0.6880733944954128,0.7142857142857143,0.6,0.6521739130434783,0.7037037037037037,0.7886002886002885,0.41714371071072787,0.25,22,10,5,9
0.6880733944954128,0.7142857142857143,0.6,0.6521739130434783,0.7037037037037037,0.7886002886002885,0.41714371071072787,0.25,22,11,5,9
0.6880733944954128,0.7142857142857143,0.6,0.6521739130434783,0.7037037037037037,0.7886002886002885,0.41714371071072787,0.25,22,12,5,9
0.6880733944954128,0.7142857142857143,0.6,0.6521739130434783,0.7037037037037037,0.7886002886002885,0.41714371071072787,0.25,22,13,5,9
0.6880733944954128,0.7142857142857143,0.6,0.6521739130434783,0.7037037037037037,0.7886002886002885,0.41714371071072787,0.25,22,14,5,9
0.6880733944954128,0.7142857142857143,0.6,0.6521739130434783,0.7037037037037037,0.7886002886002885,0.41714371071072787,0.25,22,15,5,9
0.6880733944954128,0.7142857142857143,0.6,0.6521739130434783,0.7037037037037037,0.7886002886002885,0.41714371071072787,0.3,22,5,5,9
0.6880733944954128,0.7142857142857143,0.6,0.6521739130434783,0.7037037037037037,0.7886002886002885,0.41714371071072787,0.3,22,6,5,9
0.6880733944954128,0.7142857142857143,0.6,0.6521739130434783,0.7037037037037037,0.7886002886002885,0.41714371071072787,0.3,22,7,5,9
0.6880733944954128,0.7142857142857143,0.6,0.6521739130434783,0.7037037037037037,0.7886002886002885,0.41714371071072787,0.3,22,8,5,9
0.6880733944954128,0.7142857142857143,0.6,0.6521739130434783,0.7037037037037037,0.7886002886002885,0.41714371071072787,0.3,22,9,5,9
0.6880733944954128,0.7142857142857143,0.6,0.6521739130434783,0.7037037037037037,0.7886002886002885,0.41714371071072787,0.3,22,10,5,9
0.6880733944954128,0.7142857142857143,0.6,0.6521739130434783,0.7037037037037037,0.7886002886002885,0.41714371071072787,0.3,22,11,5,9
0.6880733944954128,0.7142857142857143,0.6,0.6521739130434783,0.7037037037037037,0.7886002886002885,0.41714371071072787,0.3,22,12,5,9
0.6880733944954128,0.7142857142857143,0.6,0.6521739130434783,0.7037037037037037,0.7886002886002885,0.41714371071072787,0.3,22,13,5,9
0.6880733944954128,0.7142857142857143,0.6,0.6521739130434783,0.7037037037037037,0.7886002886002885,0.41714371071072787,0.3,22,14,5,9
0.6880733944954128,0.7142857142857143,0.6,0.6521739130434783,0.7037037037037037,0.7886002886002885,0.41714371071072787,0.3,22,15,5,9
0.6880733944954128,0.7142857142857143,0.6,0.6521739130434783,0.7037037037037037,0.7886002886002885,0.41714371071072787,0.35,22,5,5,9
0.6880733944954128,0.7142857142857143,0.6,0.6521739130434783,0.7037037037037037,0.7886002886002885,0.41714371071072787,0.35,22,6,5,9
0.6880733944954128,0.7142857142857143,0.6,0.6521739130434783,0.7037037037037037,0.7886002886002885,0.41714371071072787,0.35,22,7,5,9
0.6880733944954128,0.7142857142857143,0.6,0.6521739130434783,0.7037037037037037,0.7886002886002885,0.41714371071072787,0.35,22,8,5,9
0.6880733944954128,0.7142857142857143,0.6,0.6521739130434783,0.7037037037037037,0.7886002886002885,0.41714371071072787,0.35,22,9,5,9
0.6880733944954128,0.7142857142857143,0.6,0.6521739130434783,0.7037037037037037,0.7886002886002885,0.41714371071072787,0.35,22,10,5,9
0.6880733944954128,0.7142857142857143,0.6,0.6521739130434783,0.7037037037037037,0.7886002886002885,0.41714371071072787,0.35,22,11,5,9
0.6880733944954128,0.7142857142857143,0.6,0.6521739130434783,0.7037037037037037,0.7886002886002885,0.41714371071072787,0.35,22,12,5,9
0.6880733944954128,0.7142857142857143,0.6,0.6521739130434783,0.7037037037037037,0.7886002886002885,0.41714371071072787,0.35,22,13,5,9
0.6880733944954128,0.7142857142857143,0.6,0.6521739130434783,0.7037037037037037,0.7886002886002885,0.41714371071072787,0.35,22,14,5,9
0.6880733944954128,0.7142857142857143,0.6,0.6521739130434783,0.7037037037037037,0.7886002886002885,0.41714371071072787,0.35,22,15,5,9
0.6880733944954128,0.7142857142857143,0.6,0.6521739130434783,0.7037037037037037,0.7886002886002885,0.41714371071072787,0.4,22,5,5,9
0.6880733944954128,0.7142857142857143,0.6,0.6521739130434783,0.7037037037037037,0.7886002886002885,0.41714371071072787,0.4,22,6,5,9
0.6880733944954128,0.7142857142857143,0.6,0.6521739130434783,0.7037037037037037,0.7886002886002885,0.41714371071072787,0.4,22,7,5,9
0.6880733944954128,0.7142857142857143,0.6,0.6521739130434783,0.7037037037037037,0.7886002886002885,0.41714371071072787,0.4,22,8,5,9
0.6880733944954128,0.7142857142857143,0.6,0.6521739130434783,0.7037037037037037,0.7886002886002885,0.41714371071072787,0.4,22,9,5,9
0.6880733944954128,0.7142857142857143,0.6,0.6521739130434783,0.7037037037037037,0.7886002886002885,0.41714371071072787,0.4,22,10,5,9
0.6880733944954128,0.7142857142857143,0.6,0.6521739130434783,0.7037037037037037,0.7886002886002885,0.41714371071072787,0.4,22,11,5,9
0.6880733944954128,0.7142857142857143,0.6,0.6521739130434783,0.7037037037037037,0.7886002886002885,0.41714371071072787,0.4,22,12,5,9
0.6880733944954128,0.7142857142857143,0.6,0.6521739130434783,0.7037037037037037,0.7886002886002885,0.41714371071072787,0.4,22,13,5,9
0.6880733944954128,0.7142857142857143,0.6,0.6521739130434783,0.7037037037037037,0.7886002886002885,0.41714371071072787,0.4,22,14,5,9
0.6880733944954128,0.7142857142857143,0.6,0.6521739130434783,0.7037037037037037,0.7886002886002885,0.41714371071072787,0.4,22,15,5,9
0.6880733944954128,0.7142857142857143,0.6,0.6521739130434783,0.7037037037037037,0.7886002886002885,0.41714371071072787,0.45,22,5,5,9
0.6880733944954128,0.7142857142857143,0.6,0.6521739130434783,0.7037037037037037,0.7886002886002885,0.41714371071072787,0.45,22,6,5,9
0.6880733944954128,0.7142857142857143,0.6,0.6521739130434783,0.7037037037037037,0.7886002886002885,0.41714371071072787,0.45,22,7,5,9
0.6880733944954128,0.7142857142857143,0.6,0.6521739130434783,0.7037037037037037,0.7886002886002885,0.41714371071072787,0.45,22,8,5,9
0.6880733944954128,0.7142857142857143,0.6,0.6521739130434783,0.7037037037037037,0.7886002886002885,0.41714371071072787,0.45,22,9,5,9
0.6880733944954128,0.7142857142857143,0.6,0.6521739130434783,0.7037037037037037,0.7886002886002885,0.41714371071072787,0.45,22,10,5,9
0.6880733944954128,0.7142857142857143,0.6,0.6521739130434783,0.7037037037037037,0.7886002886002885,0.41714371071072787,0.45,22,11,5,9
0.6880733944954128,0.7142857142857143,0.6,0.6521739130434783,0.7037037037037037,0.7886002886002885,0.41714371071072787,0.45,22,12,5,9
0.6880733944954128,0.7142857142857143,0.6,0.6521739130434783,0.7037037037037037,0.7886002886002885,0.41714371071072787,0.45,22,13,5,9
0.6880733944954128,0.7142857142857143,0.6,0.6521739130434783,0.7037037037037037,0.7886002886002885,0.41714371071072787,0.45,22,14,5,9
0.6880733944954128,0.7142857142857143,0.6,0.6521739130434783,0.7037037037037037,0.7886002886002885,0.41714371071072787,0.45,22,15,5,9
0.6880733944954128,0.7142857142857143,0.6,0.6521739130434783,0.7037037037037037,0.7886002886002885,0.41714371071072787,0.5,22,5,5,9
0.6880733944954128,0.7142857142857143,0.6,0.6521739130434783,0.7037037037037037,0.7886002886002885,0.41714371071072787,0.5,22,6,5,9
0.6880733944954128,0.7142857142857143,0.6,0.6521739130434783,0.7037037037037037,0.7886002886002885,0.41714371071072787,0.5,22,7,5,9
0.6880733944954128,0.7142857142857143,0.6,0.6521739130434783,0.7037037037037037,0.7886002886002885,0.41714371071072787,0.5,22,8,5,9
0.6880733944954128,0.7142857142857143,0.6,0.6521739130434783,0.7037037037037037,0.7886002886002885,0.41714371071072787,0.5,22,9,5,9
0.6880733944954128,0.7142857142857143,0.6,0.6521739130434783,0.7037037037037037,0.7886002886002885,0.41714371071072787,0.5,22,10,5,9
0.6880733944954128,0.7142857142857143,0.6,0.6521739130434783,0.7037037037037037,0.7886002886002885,0.41714371071072787,0.5,22,11,5,9
0.6880733944954128,0.7142857142857143,0.6,0.6521739130434783,0.7037037037037037,0.7886002886002885,0.41714371071072787,0.5,22,12,5,9
0.6880733944954128,0.7142857142857143,0.6,0.6521739130434783,0.7037037037037037,0.7886002886002885,0.41714371071072787,0.5,22,13,5,9
0.6880733944954128,0.7142857142857143,0.6,0.6521739130434783,0.7037037037037037,0.7886002886002885,0.41714371071072787,0.5,22,14,5,9
0.6880733944954128,0.7142857142857143,0.6,0.6521739130434783,0.7037037037037037,0.7886002886002885,0.41714371071072787,0.5,22,15,5,9
0.6862745098039216,0.6666666666666666,0.7777777777777778,0.717948717948718,0.7962962962962963,0.8477633477633478,0.3957726579631405,0.1,11,6,6,10
0.6862745098039216,0.6666666666666666,0.7777777777777778,0.717948717948718,0.7962962962962963,0.8477633477633478,0.3957726579631405,0.1,11,7,6,10
0.6862745098039216,0.6666666666666666,0.7777777777777778,0.717948717948718,0.7962962962962963,0.8477633477633478,0.3957726579631405,0.1,11,8,6,10
0.6862745098039216,0.6666666666666666,0.7777777777777778,0.717948717948718,0.7962962962962963,0.8477633477633478,0.3957726579631405,0.1,11,9,6,10
0.6862745098039216,0.6666666666666666,0.7777777777777778,0.717948717948718,0.7962962962962963,0.8477633477633478,0.3957726579631405,0.1,11,10,6,10
0.6862745098039216,0.6666666666666666,0.7777777777777778,0.717948717948718,0.7962962962962963,0.8477633477633478,0.3957726579631405,0.1,11,11,6,10
0.6862745098039216,0.6666666666666666,0.7777777777777778,0.717948717948718,0.7962962962962963,0.8477633477633478,0.3957726579631405,0.1,11,12,6,10
0.6862745098039216,0.6666666666666666,0.7777777777777778,0.717948717948718,0.7962962962962963,0.8477633477633478,0.3957726579631405,0.1,11,13,6,10
0.6862745098039216,0.6666666666666666,0.7777777777777778,0.717948717948718,0.7962962962962963,0.8477633477633478,0.3957726579631405,0.1,11,14,6,10
0.6862745098039216,0.6666666666666666,0.7777777777777778,0.717948717948718,0.7962962962962963,0.8477633477633478,0.3957726579631405,0.1,11,15,6,10
0.6862745098039216,0.6666666666666666,0.7777777777777778,0.717948717948718,0.7962962962962963,0.8477633477633478,0.3957726579631405,0.15,11,6,6,10
0.6862745098039216,0.6666666666666666,0.7777777777777778,0.717948717948718,0.7962962962962963,0.8477633477633478,0.3957726579631405,0.15,11,7,6,10
0.6862745098039216,0.6666666666666666,0.7777777777777778,0.717948717948718,0.7962962962962963,0.8477633477633478,0.3957726579631405,0.2,11,6,6,10
0.6862745098039216,0.6666666666666666,0.7777777777777778,0.717948717948718,0.7962962962962963,0.8477633477633478,0.3957726579631405,0.2,11,7,6,10
0.6862745098039216,0.6666666666666666,0.7777777777777778,0.717948717948718,0.7962962962962963,0.8477633477633478,0.3957726579631405,0.25,11,6,6,10
0.6862745098039216,0.6666666666666666,0.7777777777777778,0.717948717948718,0.7962962962962963,0.8477633477633478,0.3957726579631405,0.25,11,7,6,10
0.6818181818181818,0.7142857142857143,0.5769230769230769,0.6382978723404256,0.6851851851851852,0.7857142857142857,0.4166301323741911,0.25,14,7,7,12
0.6818181818181818,0.7142857142857143,0.5769230769230769,0.6382978723404256,0.6851851851851852,0.7857142857142857,0.4166301323741911,0.3,14,7,7,12
0.6818181818181818,0.7142857142857143,0.5769230769230769,0.6382978723404256,0.6851851851851852,0.7857142857142857,0.4166301323741911,0.35,14,7,7,12
0.6818181818181818,0.7142857142857143,0.5769230769230769,0.6382978723404256,0.6851851851851852,0.7857142857142857,0.4166301323741911,0.4,14,7,7,12
0.6818181818181818,0.7142857142857143,0.5769230769230769,0.6382978723404256,0.6851851851851852,0.7857142857142857,0.4166301323741911,0.45,14,7,7,12
0.6818181818181818,0.7142857142857143,0.5769230769230769,0.6382978723404256,0.6851851851851852,0.7857142857142857,0.4166301323741911,0.5,14,7,7,12
0.6796116504854369,0.6666666666666666,0.7368421052631579,0.7,0.7777777777777778,0.8383838383838385,0.39566233904697545,0.15,13,7,7,10
0.6796116504854369,0.6666666666666666,0.7368421052631579,0.7,0.7777777777777778,0.8383838383838385,0.39566233904697545,0.15,13,8,7,10
0.6796116504854369,0.6666666666666666,0.7368421052631579,0.7,0.7777777777777778,0.8383838383838385,0.39566233904697545,0.15,13,9,7,10
0.6796116504854369,0.6666666666666666,0.7368421052631579,0.7,0.7777777777777778,0.8383838383838385,0.39566233904697545,0.15,13,10,7,10
0.6796116504854369,0.6666666666666666,0.7368421052631579,0.7,0.7777777777777778,0.8383838383838385,0.39566233904697545,0.15,13,11,7,10
0.6796116504854369,0.6666666666666666,0.7368421052631579,0.7,0.7777777777777778,0.8383838383838385,0.39566233904697545,0.15,13,12,7,10
0.6796116504854369,0.6666666666666666,0.7368421052631579,0.7,0.7777777777777778,0.8383838383838385,0.39566233904697545,0.15,13,13,7,10
0.6796116504854369,0.6666666666666666,0.7368421052631579,0.7,0.7777777777777778,0.8383838383838385,0.39566233904697545,0.15,13,14,7,10
0.6796116504854369,0.6666666666666666,0.7368421052631579,0.7,0.7777777777777778,0.8383838383838385,0.39566233904697545,0.15,13,15,7,10
0.6796116504854369,0.6666666666666666,0.7368421052631579,0.7,0.7777777777777778,0.8383838383838385,0.38985886245106366,0.15,14,7,7,9
0.6796116504854369,0.6666666666666666,0.7368421052631579,0.7,0.7777777777777778,0.8383838383838385,0.38985886245106366,0.15,14,8,7,9
0.6796116504854369,0.6666666666666666,0.7368421052631579,0.7,0.7777777777777778,0.8383838383838385,0.38985886245106366,0.15,14,9,7,9
0.6796116504854369,0.6666666666666666,0.7368421052631579,0.7,0.7777777777777778,0.8383838383838385,0.38985886245106366,0.15,14,10,7,9
0.6796116504854369,0.6666666666666666,0.7368421052631579,0.7,0.7777777777777778,0.8383838383838385,0.38985886245106366,0.15,14,11,7,9
0.6796116504854369,0.6666666666666666,0.7368421052631579,0.7,0.7777777777777778,0.8383838383838385,0.38985886245106366,0.15,14,12,7,9
0.6796116504854369,0.6666666666666666,0.7368421052631579,0.7,0.7777777777777778,0.8383838383838385,0.38985886245106366,0.15,14,13,7,9
0.6796116504854369,0.6666666666666666,0.7368421052631579,0.7,0.7777777777777778,0.8383838383838385,0.38985886245106366,0.15,14,14,7,9
0.6796116504854369,0.6666666666666666,0.7368421052631579,0.7,0.7777777777777778,0.8383838383838385,0.38985886245106366,0.15,14,15,7,9
0.6796116504854369,0.6666666666666666,0.7368421052631579,0.7,0.7777777777777778,0.8347763347763348,0.3958073346036225,0.15,22,5,5,7
0.6796116504854369,0.6666666666666666,0.7368421052631579,0.7,0.7777777777777778,0.8347763347763348,0.3958073346036225,0.15,22,6,5,7
0.6796116504854369,0.6666666666666666,0.7368421052631579,0.7,0.7777777777777778,0.8347763347763348,0.3958073346036225,0.15,22,7,5,7
0.6796116504854369,0.6666666666666666,0.7368421052631579,0.7,0.7777777777777778,0.8347763347763348,0.3958073346036225,0.15,22,8,5,7
0.6796116504854369,0.6666666666666666,0.7368421052631579,0.7,0.7777777777777778,0.8347763347763348,0.3958073346036225,0.15,22,9,5,7
0.6796116504854369,0.6666666666666666,0.7368421052631579,0.7,0.7777777777777778,0.8347763347763348,0.3958073346036225,0.15,22,10,5,7
0.6796116504854369,0.6666666666666666,0.7368421052631579,0.7,0.7777777777777778,0.8347763347763348,0.3958073346036225,0.15,22,11,5,7
0.6796116504854369,0.6666666666666666,0.7368421052631579,0.7,0.7777777777777778,0.8347763347763348,0.3958073346036225,0.15,22,12,5,7
0.6796116504854369,0.6666666666666666,0.7368421052631579,0.7,0.7777777777777778,0.8347763347763348,0.3958073346036225,0.15,22,13,5,7
0.6796116504854369,0.6666666666666666,0.7368421052631579,0.7,0.7777777777777778,0.8347763347763348,0.3958073346036225,0.15,22,14,5,7
0.6796116504854369,0.6666666666666666,0.7368421052631579,0.7,0.7777777777777778,0.8347763347763348,0.3958073346036225,0.15,22,15,5,7
0.6796116504854369,0.6666666666666666,0.7368421052631579,0.7,0.7777777777777778,0.8383838383838385,0.39566233904697545,0.2,13,7,7,10
0.6796116504854369,0.6666666666666666,0.7368421052631579,0.7,0.7777777777777778,0.8383838383838385,0.39566233904697545,0.2,13,8,7,10
0.6796116504854369,0.6666666666666666,0.7368421052631579,0.7,0.7777777777777778,0.8383838383838385,0.39566233904697545,0.2,13,9,7,10
0.6796116504854369,0.6666666666666666,0.7368421052631579,0.7,0.7777777777777778,0.8383838383838385,0.38985886245106366,0.2,14,7,7,9
0.6796116504854369,0.6666666666666666,0.7368421052631579,0.7,0.7777777777777778,0.8383838383838385,0.39566233904697545,0.25,13,7,7,10
0.6796116504854369,0.6666666666666666,0.7368421052631579,0.7,0.7777777777777778,0.8383838383838385,0.39566233904697545,0.25,13,8,7,10
0.6796116504854369,0.6666666666666666,0.7368421052631579,0.7,0.7777777777777778,0.8383838383838385,0.39566233904697545,0.25,13,9,7,10
0.6796116504854369,0.6666666666666666,0.7368421052631579,0.7,0.7777777777777778,0.8383838383838385,0.39566233904697545,0.3,13,7,7,10
0.6796116504854369,0.6666666666666666,0.7368421052631579,0.7,0.7777777777777778,0.8383838383838385,0.39566233904697545,0.3,13,8,7,10
0.6796116504854369,0.6666666666666666,0.7368421052631579,0.7,0.7777777777777778,0.8383838383838385,0.39566233904697545,0.3,13,9,7,10
0.6796116504854369,0.6666666666666666,0.7368421052631579,0.7,0.7777777777777778,0.8383838383838385,0.39566233904697545,0.35,13,7,7,10
0.6796116504854369,0.6666666666666666,0.7368421052631579,0.7,0.7777777777777778,0.8383838383838385,0.39566233904697545,0.35,13,8,7,10
0.6796116504854369,0.6666666666666666,0.7368421052631579,0.7,0.7777777777777778,0.8383838383838385,0.39566233904697545,0.35,13,9,7,10
0.6796116504854369,0.6666666666666666,0.7368421052631579,0.7,0.7777777777777778,0.8383838383838385,0.39566233904697545,0.4,13,7,7,10
0.6796116504854369,0.6666666666666666,0.7368421052631579,0.7,0.7777777777777778,0.8383838383838385,0.39566233904697545,0.4,13,8,7,10
0.6796116504854369,0.6666666666666666,0.7368421052631579,0.7,0.7777777777777778,0.8383838383838385,0.39566233904697545,0.4,13,9,7,10
0.6796116504854369,0.6666666666666666,0.7368421052631579,0.7,0.7777777777777778,0.8239538239538239,0.405768603226064,0.45,13,7,7,11
0.6796116504854369,0.6666666666666666,0.7368421052631579,0.7,0.7777777777777778,0.8239538239538239,0.405768603226064,0.45,13,8,7,11
0.6796116504854369,0.6666666666666666,0.7368421052631579,0.7,0.7777777777777778,0.8239538239538239,0.405768603226064,0.45,13,9,7,11
0.6796116504854369,0.6666666666666666,0.7368421052631579,0.7,0.7777777777777778,0.8383838383838385,0.39566233904697545,0.5,13,7,7,10
0.6796116504854369,0.6666666666666666,0.7368421052631579,0.7,0.7777777777777778,0.8383838383838385,0.39566233904697545,0.5,13,8,7,10
0.6796116504854369,0.6666666666666666,0.7368421052631579,0.7,0.7777777777777778,0.8383838383838385,0.39566233904697545,0.5,13,9,7,10
0.6666666666666666,0.6666666666666666,0.6666666666666666,0.6666666666666666,0.7407407407407407,0.7864357864357865,0.4277509257740374,0.2,13,10,10,16
0.6666666666666666,0.6666666666666666,0.6666666666666666,0.6666666666666666,0.7407407407407407,0.7864357864357865,0.4277509257740374,0.2,13,11,10,16
0.6666666666666666,0.6666666666666666,0.6666666666666666,0.6666666666666666,0.7407407407407407,0.7864357864357865,0.4277509257740374,0.2,13,12,10,16
0.6666666666666666,0.6666666666666666,0.6666666666666666,0.6666666666666666,0.7407407407407407,0.7864357864357865,0.4277509257740374,0.2,13,13,10,16
0.6666666666666666,0.6666666666666666,0.6666666666666666,0.6666666666666666,0.7407407407407407,0.7864357864357865,0.4277509257740374,0.2,13,14,10,16
0.6666666666666666,0.6666666666666666,0.6666666666666666,0.6666666666666666,0.7407407407407407,0.7864357864357865,0.4277509257740374,0.2,13,15,10,16
0.6666666666666666,0.6666666666666666,0.6666666666666666,0.6666666666666666,0.7407407407407407,0.7864357864357865,0.4277509257740374,0.25,13,10,10,16
0.6666666666666666,0.6666666666666666,0.6666666666666666,0.6666666666666666,0.7407407407407407,0.7864357864357865,0.4277509257740374,0.25,13,11,10,16
0.6666666666666666,0.6666666666666666,0.6666666666666666,0.6666666666666666,0.7407407407407407,0.7864357864357865,0.4277509257740374,0.25,13,12,10,16
0.6666666666666666,0.6666666666666666,0.6666666666666666,0.6666666666666666,0.7407407407407407,0.7864357864357865,0.4277509257740374,0.25,13,13,10,16
0.6666666666666666,0.6666666666666666,0.6666666666666666,0.6666666666666666,0.7407407407407407,0.7864357864357865,0.4277509257740374,0.25,13,14,10,16
0.6666666666666666,0.6666666666666666,0.6666666666666666,0.6666666666666666,0.7407407407407407,0.7864357864357865,0.4277509257740374,0.25,13,15,10,16
0.6666666666666666,0.6666666666666666,0.6666666666666666,0.6666666666666666,0.7407407407407407,0.7864357864357865,0.4277509257740374,0.3,13,10,10,16
0.6666666666666666,0.6666666666666666,0.6666666666666666,0.6666666666666666,0.7407407407407407,0.7864357864357865,0.4277509257740374,0.3,13,11,10,16
0.6666666666666666,0.6666666666666666,0.6666666666666666,0.6666666666666666,0.7407407407407407,0.7864357864357865,0.4277509257740374,0.3,13,12,10,16
0.6666666666666666,0.6666666666666666,0.6666666666666666,0.6666666666666666,0.7407407407407407,0.7864357864357865,0.4277509257740374,0.3,13,13,10,16
0.6666666666666666,0.6666666666666666,0.6666666666666666,0.6666666666666666,0.7407407407407407,0.7864357864357865,0.4277509257740374,0.3,13,14,10,16
0.6666666666666666,0.6666666666666666,0.6666666666666666,0.6666666666666666,0.7407407407407407,0.7864357864357865,0.4277509257740374,0.3,13,15,10,16
0.6666666666666666,0.6666666666666666,0.6666666666666666,0.6666666666666666,0.7407407407407407,0.7864357864357865,0.4277509257740374,0.35,13,10,10,16
0.6666666666666666,0.6666666666666666,0.6666666666666666,0.6666666666666666,0.7407407407407407,0.7864357864357865,0.4277509257740374,0.35,13,11,10,16
0.6666666666666666,0.6666666666666666,0.6666666666666666,0.6666666666666666,0.7407407407407407,0.7864357864357865,0.4277509257740374,0.35,13,12,10,16
0.6666666666666666,0.6666666666666666,0.6666666666666666,0.6666666666666666,0.7407407407407407,0.7864357864357865,0.4277509257740374,0.35,13,13,10,16
0.6666666666666666,0.6666666666666666,0.6666666666666666,0.6666666666666666,0.7407407407407407,0.7864357864357865,0.4277509257740374,0.35,13,14,10,16
0.6666666666666666,0.6666666666666666,0.6666666666666666,0.6666666666666666,0.7407407407407407,0.7864357864357865,0.4277509257740374,0.35,13,15,10,16
0.6666666666666666,0.6666666666666666,0.6666666666666666,0.6666666666666666,0.7407407407407407,0.7864357864357865,0.4277509257740374,0.4,13,10,10,16
0.6666666666666666,0.6666666666666666,0.6666666666666666,0.6666666666666666,0.7407407407407407,0.7864357864357865,0.4277509257740374,0.4,13,11,10,16
0.6666666666666666,0.6666666666666666,0.6666666666666666,0.6666666666666666,0.7407407407407407,0.7864357864357865,0.4277509257740374,0.4,13,12,10,16
0.6666666666666666,0.6666666666666666,0.6666666666666666,0.6666666666666666,0.7407407407407407,0.7864357864357865,0.4277509257740374,0.4,13,13,10,16
0.6666666666666666,0.6666666666666666,0.6666666666666666,0.6666666666666666,0.7407407407407407,0.7864357864357865,0.4277509257740374,0.4,13,14,10,16
0.6666666666666666,0.6666666666666666,0.6666666666666666,0.6666666666666666,0.7407407407407407,0.7864357864357865,0.4277509257740374,0.4,13,15,10,16
0.6666666666666666,0.6666666666666666,0.6666666666666666,0.6666666666666666,0.7407407407407407,0.7864357864357865,0.4277509257740374,0.45,13,10,10,16
0.6666666666666666,0.6666666666666666,0.6666666666666666,0.6666666666666666,0.7407407407407407,0.7864357864357865,0.4277509257740374,0.45,13,11,10,16
0.6666666666666666,0.6666666666666666,0.6666666666666666,0.6666666666666666,0.7407407407407407,0.7864357864357865,0.4277509257740374,0.45,13,12,10,16
0.6666666666666666,0.6666666666666666,0.6666666666666666,0.6666666666666666,0.7407407407407407,0.7864357864357865,0.4277509257740374,0.45,13,13,10,16
0.6666666666666666,0.6666666666666666,0.6666666666666666,0.6666666666666666,0.7407407407407407,0.7864357864357865,0.4277509257740374,0.45,13,14,10,16
0.6666666666666666,0.6666666666666666,0.6666666666666666,0.6666666666666666,0.7407407407407407,0.7864357864357865,0.4277509257740374,0.45,13,15,10,16
0.6666666666666666,0.6666666666666666,0.6666666666666666,0.6666666666666666,0.7407407407407407,0.7864357864357865,0.4277509257740374,0.5,13,10,10,16
0.6666666666666666,0.6666666666666666,0.6666666666666666,0.6666666666666666,0.7407407407407407,0.7864357864357865,0.4277509257740374,0.5,13,11,10,16
0.6666666666666666,0.6666666666666666,0.6666666666666666,0.6666666666666666,0.7407407407407407,0.7864357864357865,0.4277509257740374,0.5,13,12,10,16
0.6666666666666666,0.6666666666666666,0.6666666666666666,0.6666666666666666,0.7407407407407407,0.7864357864357865,0.4277509257740374,0.5,13,13,10,16
0.6666666666666666,0.6666666666666666,0.6666666666666666,0.6666666666666666,0.7407407407407407,0.7864357864357865,0.4277509257740374,0.5,13,14,10,16
0.6666666666666666,0.6666666666666666,0.6666666666666666,0.6666666666666666,0.7407407407407407,0.7864357864357865,0.4277509257740374,0.5,13,15,10,16
0.660377358490566,0.6666666666666666,0.6363636363636364,0.6511627906976745,0.7222222222222222,0.8398268398268399,0.403723484406113,0.25,23,5,5,8
0.660377358490566,0.6666666666666666,0.6363636363636364,0.6511627906976745,0.7222222222222222,0.8398268398268399,0.403723484406113,0.25,23,6,5,8
0.660377358490566,0.6666666666666666,0.6363636363636364,0.6511627906976745,0.7222222222222222,0.8398268398268399,0.403723484406113,0.25,23,7,5,8
0.660377358490566,0.6666666666666666,0.6363636363636364,0.6511627906976745,0.7222222222222222,0.8398268398268399,0.403723484406113,0.25,23,8,5,8
0.660377358490566,0.6666666666666666,0.6363636363636364,0.6511627906976745,0.7222222222222222,0.8398268398268399,0.403723484406113,0.25,23,9,5,8
0.660377358490566,0.6666666666666666,0.6363636363636364,0.6511627906976745,0.7222222222222222,0.8398268398268399,0.403723484406113,0.25,23,10,5,8
0.660377358490566,0.6666666666666666,0.6363636363636364,0.6511627906976745,0.7222222222222222,0.8398268398268399,0.403723484406113,0.25,23,11,5,8
0.660377358490566,0.6666666666666666,0.6363636363636364,0.6511627906976745,0.7222222222222222,0.8398268398268399,0.403723484406113,0.25,23,12,5,8
0.660377358490566,0.6666666666666666,0.6363636363636364,0.6511627906976745,0.7222222222222222,0.8398268398268399,0.403723484406113,0.25,23,13,5,8
0.660377358490566,0.6666666666666666,0.6363636363636364,0.6511627906976745,0.7222222222222222,0.8398268398268399,0.403723484406113,0.25,23,14,5,8
0.660377358490566,0.6666666666666666,0.6363636363636364,0.6511627906976745,0.7222222222222222,0.8398268398268399,0.403723484406113,0.25,23,15,5,8
0.660377358490566,0.6666666666666666,0.6363636363636364,0.6511627906976745,0.7222222222222222,0.8398268398268399,0.403723484406113,0.25,24,5,5,8
0.660377358490566,0.6666666666666666,0.6363636363636364,0.6511627906976745,0.7222222222222222,0.8398268398268399,0.403723484406113,0.25,24,6,5,8
0.660377358490566,0.6666666666666666,0.6363636363636364,0.6511627906976745,0.7222222222222222,0.8398268398268399,0.403723484406113,0.25,24,7,5,8
0.660377358490566,0.6666666666666666,0.6363636363636364,0.6511627906976745,0.7222222222222222,0.8398268398268399,0.403723484406113,0.25,24,8,5,8
0.660377358490566,0.6666666666666666,0.6363636363636364,0.6511627906976745,0.7222222222222222,0.8398268398268399,0.403723484406113,0.25,24,9,5,8
0.660377358490566,0.6666666666666666,0.6363636363636364,0.6511627906976745,0.7222222222222222,0.8398268398268399,0.403723484406113,0.25,24,10,5,8
0.660377358490566,0.6666666666666666,0.6363636363636364,0.6511627906976745,0.7222222222222222,0.8398268398268399,0.403723484406113,0.25,24,11,5,8
0.660377358490566,0.6666666666666666,0.6363636363636364,0.6511627906976745,0.7222222222222222,0.8398268398268399,0.403723484406113,0.25,24,12,5,8
0.660377358490566,0.6666666666666666,0.6363636363636364,0.6511627906976745,0.7222222222222222,0.8398268398268399,0.403723484406113,0.25,24,13,5,8
0.660377358490566,0.6666666666666666,0.6363636363636364,0.6511627906976745,0.7222222222222222,0.8398268398268399,0.403723484406113,0.25,24,14,5,8
0.660377358490566,0.6666666666666666,0.6363636363636364,0.6511627906976745,0.7222222222222222,0.8398268398268399,0.403723484406113,0.25,24,15,5,8
0.660377358490566,0.6666666666666666,0.6363636363636364,0.6511627906976745,0.7222222222222222,0.821067821067821,0.42004949172982636,0.3,11,8,8,14
0.660377358490566,0.6666666666666666,0.6363636363636364,0.6511627906976745,0.7222222222222222,0.821067821067821,0.42004949172982636,0.3,11,9,8,14
0.660377358490566,0.6666666666666666,0.6363636363636364,0.6511627906976745,0.7222222222222222,0.8398268398268399,0.403723484406113,0.3,23,5,5,8
0.660377358490566,0.6666666666666666,0.6363636363636364,0.6511627906976745,0.7222222222222222,0.8398268398268399,0.403723484406113,0.3,23,6,5,8
0.660377358490566,0.6666666666666666,0.6363636363636364,0.6511627906976745,0.7222222222222222,0.8398268398268399,0.403723484406113,0.3,23,7,5,8
0.660377358490566,0.6666666666666666,0.6363636363636364,0.6511627906976745,0.7222222222222222,0.8398268398268399,0.403723484406113,0.3,23,8,5,8
0.660377358490566,0.6666666666666666,0.6363636363636364,0.6511627906976745,0.7222222222222222,0.8398268398268399,0.403723484406113,0.3,23,9,5,8
0.660377358490566,0.6666666666666666,0.6363636363636364,0.6511627906976745,0.7222222222222222,0.8398268398268399,0.403723484406113,0.3,23,10,5,8
0.660377358490566,0.6666666666666666,0.6363636363636364,0.6511627906976745,0.7222222222222222,0.8398268398268399,0.403723484406113,0.3,23,11,5,8
0.660377358490566,0.6666666666666666,0.6363636363636364,0.6511627906976745,0.7222222222222222,0.8398268398268399,0.403723484406113,0.3,23,12,5,8
0.660377358490566,0.6666666666666666,0.6363636363636364,0.6511627906976745,0.7222222222222222,0.8398268398268399,0.403723484406113,0.3,23,13,5,8
0.660377358490566,0.6666666666666666,0.6363636363636364,0.6511627906976745,0.7222222222222222,0.8398268398268399,0.403723484406113,0.3,23,14,5,8
0.660377358490566,0.6666666666666666,0.6363636363636364,0.6511627906976745,0.7222222222222222,0.8398268398268399,0.403723484406113,0.3,23,15,5,8
0.660377358490566,0.6666666666666666,0.6363636363636364,0.6511627906976745,0.7222222222222222,0.8398268398268399,0.403723484406113,0.3,24,5,5,8
0.660377358490566,0.6666666666666666,0.6363636363636364,0.6511627906976745,0.7222222222222222,0.8398268398268399,0.403723484406113,0.3,24,6,5,8
0.660377358490566,0.6666666666666666,0.6363636363636364,0.6511627906976745,0.7222222222222222,0.8398268398268399,0.403723484406113,0.3,24,7,5,8
0.660377358490566,0.6666666666666666,0.6363636363636364,0.6511627906976745,0.7222222222222222,0.8398268398268399,0.403723484406113,0.3,24,8,5,8
0.660377358490566,0.6666666666666666,0.6363636363636364,0.6511627906976745,0.7222222222222222,0.8398268398268399,0.403723484406113,0.3,24,9,5,8
0.660377358490566,0.6666666666666666,0.6363636363636364,0.6511627906976745,0.7222222222222222,0.8398268398268399,0.403723484406113,0.3,24,10,5,8
0.660377358490566,0.6666666666666666,0.6363636363636364,0.6511627906976745,0.7222222222222222,0.8398268398268399,0.403723484406113,0.3,24,11,5,8
0.660377358490566,0.6666666666666666,0.6363636363636364,0.6511627906976745,0.7222222222222222,0.8398268398268399,0.403723484406113,0.3,24,12,5,8
0.660377358490566,0.6666666666666666,0.6363636363636364,0.6511627906976745,0.7222222222222222,0.8398268398268399,0.403723484406113,0.3,24,13,5,8
0.660377358490566,0.6666666666666666,0.6363636363636364,0.6511627906976745,0.7222222222222222,0.8398268398268399,0.403723484406113,0.3,24,14,5,8
0.660377358490566,0.6666666666666666,0.6363636363636364,0.6511627906976745,0.7222222222222222,0.8398268398268399,0.403723484406113,0.3,24,15,5,8
0.660377358490566,0.6666666666666666,0.6363636363636364,0.6511627906976745,0.7222222222222222,0.821067821067821,0.42004949172982636,0.35,11,8,8,14
0.660377358490566,0.6666666666666666,0.6363636363636364,0.6511627906976745,0.7222222222222222,0.821067821067821,0.42004949172982636,0.35,11,9,8,14
0.660377358490566,0.6666666666666666,0.6363636363636364,0.6511627906976745,0.7222222222222222,0.8398268398268399,0.403723484406113,0.35,23,5,5,8
0.660377358490566,0.6666666666666666,0.6363636363636364,0.6511627906976745,0.7222222222222222,0.8398268398268399,0.403723484406113,0.35,23,6,5,8
0.660377358490566,0.6666666666666666,0.6363636363636364,0.6511627906976745,0.7222222222222222,0.8398268398268399,0.403723484406113,0.35,23,7,5,8
0.660377358490566,0.6666666666666666,0.6363636363636364,0.6511627906976745,0.7222222222222222,0.8398268398268399,0.403723484406113,0.35,23,8,5,8
0.660377358490566,0.6666666666666666,0.6363636363636364,0.6511627906976745,0.7222222222222222,0.8398268398268399,0.403723484406113,0.35,23,9,5,8
0.660377358490566,0.6666666666666666,0.6363636363636364,0.6511627906976745,0.7222222222222222,0.8398268398268399,0.403723484406113,0.35,23,10,5,8
0.660377358490566,0.6666666666666666,0.6363636363636364,0.6511627906976745,0.7222222222222222,0.8398268398268399,0.403723484406113,0.35,23,11,5,8
0.660377358490566,0.6666666666666666,0.6363636363636364,0.6511627906976745,0.7222222222222222,0.8398268398268399,0.403723484406113,0.35,23,12,5,8
0.660377358490566,0.6666666666666666,0.6363636363636364,0.6511627906976745,0.7222222222222222,0.8398268398268399,0.403723484406113,0.35,23,13,5,8
0.660377358490566,0.6666666666666666,0.6363636363636364,0.6511627906976745,0.7222222222222222,0.8398268398268399,0.403723484406113,0.35,23,14,5,8
0.660377358490566,0.6666666666666666,0.6363636363636364,0.6511627906976745,0.7222222222222222,0.8398268398268399,0.403723484406113,0.35,23,15,5,8
0.660377358490566,0.6666666666666666,0.6363636363636364,0.6511627906976745,0.7222222222222222,0.8398268398268399,0.403723484406113,0.35,24,5,5,8
0.660377358490566,0.6666666666666666,0.6363636363636364,0.6511627906976745,0.7222222222222222,0.8398268398268399,0.403723484406113,0.35,24,6,5,8
0.660377358490566,0.6666666666666666,0.6363636363636364,0.6511627906976745,0.7222222222222222,0.8398268398268399,0.403723484406113,0.35,24,7,5,8
0.660377358490566,0.6666666666666666,0.6363636363636364,0.6511627906976745,0.7222222222222222,0.8398268398268399,0.403723484406113,0.35,24,8,5,8
0.660377358490566,0.6666666666666666,0.6363636363636364,0.6511627906976745,0.7222222222222222,0.8398268398268399,0.403723484406113,0.35,24,9,5,8
0.660377358490566,0.6666666666666666,0.6363636363636364,0.6511627906976745,0.7222222222222222,0.8398268398268399,0.403723484406113,0.35,24,10,5,8
0.660377358490566,0.6666666666666666,0.6363636363636364,0.6511627906976745,0.7222222222222222,0.8398268398268399,0.403723484406113,0.35,24,11,5,8
0.660377358490566,0.6666666666666666,0.6363636363636364,0.6511627906976745,0.7222222222222222,0.8398268398268399,0.403723484406113,0.35,24,12,5,8
0.660377358490566,0.6666666666666666,0.6363636363636364,0.6511627906976745,0.7222222222222222,0.8398268398268399,0.403723484406113,0.35,24,13,5,8
0.660377358490566,0.6666666666666666,0.6363636363636364,0.6511627906976745,0.7222222222222222,0.8398268398268399,0.403723484406113,0.35,24,14,5,8
0.660377358490566,0.6666666666666666,0.6363636363636364,0.6511627906976745,0.7222222222222222,0.8398268398268399,0.403723484406113,0.35,24,15,5,8
0.660377358490566,0.6666666666666666,0.6363636363636364,0.6511627906976745,0.7222222222222222,0.821067821067821,0.42004949172982636,0.4,11,8,8,14
0.660377358490566,0.6666666666666666,0.6363636363636364,0.6511627906976745,0.7222222222222222,0.821067821067821,0.42004949172982636,0.4,11,9,8,14
0.660377358490566,0.6666666666666666,0.6363636363636364,0.6511627906976745,0.7222222222222222,0.8398268398268399,0.403723484406113,0.4,23,5,5,8
0.660377358490566,0.6666666666666666,0.6363636363636364,0.6511627906976745,0.7222222222222222,0.8398268398268399,0.403723484406113,0.4,23,6,5,8
0.660377358490566,0.6666666666666666,0.6363636363636364,0.6511627906976745,0.7222222222222222,0.8398268398268399,0.403723484406113,0.4,23,7,5,8
0.660377358490566,0.6666666666666666,0.6363636363636364,0.6511627906976745,0.7222222222222222,0.8398268398268399,0.403723484406113,0.4,23,8,5,8
0.660377358490566,0.6666666666666666,0.6363636363636364,0.6511627906976745,0.7222222222222222,0.8398268398268399,0.403723484406113,0.4,23,9,5,8
0.660377358490566,0.6666666666666666,0.6363636363636364,0.6511627906976745,0.7222222222222222,0.8398268398268399,0.403723484406113,0.4,23,10,5,8
0.660377358490566,0.6666666666666666,0.6363636363636364,0.6511627906976745,0.7222222222222222,0.8398268398268399,0.403723484406113,0.4,23,11,5,8
0.660377358490566,0.6666666666666666,0.6363636363636364,0.6511627906976745,0.7222222222222222,0.8398268398268399,0.403723484406113,0.4,23,12,5,8
0.660377358490566,0.6666666666666666,0.6363636363636364,0.6511627906976745,0.7222222222222222,0.8398268398268399,0.403723484406113,0.4,23,13,5,8
0.660377358490566,0.6666666666666666,0.6363636363636364,0.6511627906976745,0.7222222222222222,0.8398268398268399,0.403723484406113,0.4,23,14,5,8
0.660377358490566,0.6666666666666666,0.6363636363636364,0.6511627906976745,0.7222222222222222,0.8398268398268399,0.403723484406113,0.4,23,15,5,8
0.660377358490566,0.6666666666666666,0.6363636363636364,0.6511627906976745,0.7222222222222222,0.8398268398268399,0.403723484406113,0.4,24,5,5,8
0.660377358490566,0.6666666666666666,0.6363636363636364,0.6511627906976745,0.7222222222222222,0.8398268398268399,0.403723484406113,0.4,24,6,5,8
0.660377358490566,0.6666666666666666,0.6363636363636364,0.6511627906976745,0.7222222222222222,0.8398268398268399,0.403723484406113,0.4,24,7,5,8
0.660377358490566,0.6666666666666666,0.6363636363636364,0.6511627906976745,0.7222222222222222,0.8398268398268399,0.403723484406113,0.4,24,8,5,8
0.660377358490566,0.6666666666666666,0.6363636363636364,0.6511627906976745,0.7222222222222222,0.8398268398268399,0.403723484406113,0.4,24,9,5,8
0.660377358490566,0.6666666666666666,0.6363636363636364,0.6511627906976745,0.7222222222222222,0.8398268398268399,0.403723484406113,0.4,24,10,5,8
0.660377358490566,0.6666666666666666,0.6363636363636364,0.6511627906976745,0.7222222222222222,0.8398268398268399,0.403723484406113,0.4,24,11,5,8
0.660377358490566,0.6666666666666666,0.6363636363636364,0.6511627906976745,0.7222222222222222,0.8398268398268399,0.403723484406113,0.4,24,12,5,8
0.660377358490566,0.6666666666666666,0.6363636363636364,0.6511627906976745,0.7222222222222222,0.8398268398268399,0.403723484406113,0.4,24,13,5,8
0.660377358490566,0.6666666666666666,0.6363636363636364,0.6511627906976745,0.7222222222222222,0.8398268398268399,0.403723484406113,0.4,24,14,5,8
0.660377358490566,0.6666666666666666,0.6363636363636364,0.6511627906976745,0.7222222222222222,0.8398268398268399,0.403723484406113,0.4,24,15,5,8
0.660377358490566,0.6666666666666666,0.6363636363636364,0.6511627906976745,0.7222222222222222,0.821067821067821,0.42004949172982636,0.45,11,8,8,14
0.660377358490566,0.6666666666666666,0.6363636363636364,0.6511627906976745,0.7222222222222222,0.821067821067821,0.42004949172982636,0.45,11,9,8,14
0.660377358490566,0.6666666666666666,0.6363636363636364,0.6511627906976745,0.7222222222222222,0.8398268398268399,0.403723484406113,0.45,23,5,5,8
0.660377358490566,0.6666666666666666,0.6363636363636364,0.6511627906976745,0.7222222222222222,0.8398268398268399,0.403723484406113,0.45,23,6,5,8
0.660377358490566,0.6666666666666666,0.6363636363636364,0.6511627906976745,0.7222222222222222,0.8398268398268399,0.403723484406113,0.45,23,7,5,8
0.660377358490566,0.6666666666666666,0.6363636363636364,0.6511627906976745,0.7222222222222222,0.8398268398268399,0.403723484406113,0.45,23,8,5,8
0.660377358490566,0.6666666666666666,0.6363636363636364,0.6511627906976745,0.7222222222222222,0.8398268398268399,0.403723484406113,0.45,23,9,5,8
0.660377358490566,0.6666666666666666,0.6363636363636364,0.6511627906976745,0.7222222222222222,0.8398268398268399,0.403723484406113,0.45,23,10,5,8
0.660377358490566,0.6666666666666666,0.6363636363636364,0.6511627906976745,0.7222222222222222,0.8398268398268399,0.403723484406113,0.45,23,11,5,8
0.660377358490566,0.6666666666666666,0.6363636363636364,0.6511627906976745,0.7222222222222222,0.8398268398268399,0.403723484406113,0.45,23,12,5,8
0.660377358490566,0.6666666666666666,0.6363636363636364,0.6511627906976745,0.7222222222222222,0.8398268398268399,0.403723484406113,0.45,23,13,5,8
0.660377358490566,0.6666666666666666,0.6363636363636364,0.6511627906976745,0.7222222222222222,0.8398268398268399,0.403723484406113,0.45,23,14,5,8
0.660377358490566,0.6666666666666666,0.6363636363636364,0.6511627906976745,0.7222222222222222,0.8398268398268399,0.403723484406113,0.45,23,15,5,8
0.660377358490566,0.6666666666666666,0.6363636363636364,0.6511627906976745,0.7222222222222222,0.8398268398268399,0.403723484406113,0.45,24,5,5,8
0.660377358490566,0.6666666666666666,0.6363636363636364,0.6511627906976745,0.7222222222222222,0.8398268398268399,0.403723484406113,0.45,24,6,5,8
0.660377358490566,0.6666666666666666,0.6363636363636364,0.6511627906976745,0.7222222222222222,0.8398268398268399,0.403723484406113,0.45,24,7,5,8
0.660377358490566,0.6666666666666666,0.6363636363636364,0.6511627906976745,0.7222222222222222,0.8398268398268399,0.403723484406113,0.45,24,8,5,8
0.660377358490566,0.6666666666666666,0.6363636363636364,0.6511627906976745,0.7222222222222222,0.8398268398268399,0.403723484406113,0.45,24,9,5,8
0.660377358490566,0.6666666666666666,0.6363636363636364,0.6511627906976745,0.7222222222222222,0.8398268398268399,0.403723484406113,0.45,24,10,5,8
0.660377358490566,0.6666666666666666,0.6363636363636364,0.6511627906976745,0.7222222222222222,0.8398268398268399,0.403723484406113,0.45,24,11,5,8
0.660377358490566,0.6666666666666666,0.6363636363636364,0.6511627906976745,0.7222222222222222,0.8398268398268399,0.403723484406113,0.45,24,12,5,8
0.660377358490566,0.6666666666666666,0.6363636363636364,0.6511627906976745,0.7222222222222222,0.8398268398268399,0.403723484406113,0.45,24,13,5,8
0.660377358490566,0.6666666666666666,0.6363636363636364,0.6511627906976745,0.7222222222222222,0.8398268398268399,0.403723484406113,0.45,24,14,5,8
0.660377358490566,0.6666666666666666,0.6363636363636364,0.6511627906976745,0.7222222222222222,0.8398268398268399,0.403723484406113,0.45,24,15,5,8
0.660377358490566,0.6666666666666666,0.6363636363636364,0.6511627906976745,0.7222222222222222,0.821067821067821,0.42004949172982636,0.5,11,8,8,14
0.660377358490566,0.6666666666666666,0.6363636363636364,0.6511627906976745,0.7222222222222222,0.821067821067821,0.42004949172982636,0.5,11,9,8,14
0.660377358490566,0.6666666666666666,0.6363636363636364,0.6511627906976745,0.7222222222222222,0.8398268398268399,0.403723484406113,0.5,23,5,5,8
0.660377358490566,0.6666666666666666,0.6363636363636364,0.6511627906976745,0.7222222222222222,0.8398268398268399,0.403723484406113,0.5,23,6,5,8
0.660377358490566,0.6666666666666666,0.6363636363636364,0.6511627906976745,0.7222222222222222,0.8398268398268399,0.403723484406113,0.5,23,7,5,8
0.660377358490566,0.6666666666666666,0.6363636363636364,0.6511627906976745,0.7222222222222222,0.8398268398268399,0.403723484406113,0.5,23,8,5,8
0.660377358490566,0.6666666666666666,0.6363636363636364,0.6511627906976745,0.7222222222222222,0.8398268398268399,0.403723484406113,0.5,23,9,5,8
0.660377358490566,0.6666666666666666,0.6363636363636364,0.6511627906976745,0.7222222222222222,0.8398268398268399,0.403723484406113,0.5,23,10,5,8
0.660377358490566,0.6666666666666666,0.6363636363636364,0.6511627906976745,0.7222222222222222,0.8398268398268399,0.403723484406113,0.5,23,11,5,8
0.660377358490566,0.6666666666666666,0.6363636363636364,0.6511627906976745,0.7222222222222222,0.8398268398268399,0.403723484406113,0.5,23,12,5,8
0.660377358490566,0.6666666666666666,0.6363636363636364,0.6511627906976745,0.7222222222222222,0.8398268398268399,0.403723484406113,0.5,23,13,5,8
0.660377358490566,0.6666666666666666,0.6363636363636364,0.6511627906976745,0.7222222222222222,0.8398268398268399,0.403723484406113,0.5,23,14,5,8
0.660377358490566,0.6666666666666666,0.6363636363636364,0.6511627906976745,0.7222222222222222,0.8398268398268399,0.403723484406113,0.5,23,15,5,8
0.660377358490566,0.6666666666666666,0.6363636363636364,0.6511627906976745,0.7222222222222222,0.8398268398268399,0.403723484406113,0.5,24,5,5,8
0.660377358490566,0.6666666666666666,0.6363636363636364,0.6511627906976745,0.7222222222222222,0.8398268398268399,0.403723484406113,0.5,24,6,5,8
0.660377358490566,0.6666666666666666,0.6363636363636364,0.6511627906976745,0.7222222222222222,0.8398268398268399,0.403723484406113,0.5,24,7,5,8
0.660377358490566,0.6666666666666666,0.6363636363636364,0.6511627906976745,0.7222222222222222,0.8398268398268399,0.403723484406113,0.5,24,8,5,8
0.660377358490566,0.6666666666666666,0.6363636363636364,0.6511627906976745,0.7222222222222222,0.8398268398268399,0.403723484406113,0.5,24,9,5,8
0.660377358490566,0.6666666666666666,0.6363636363636364,0.6511627906976745,0.7222222222222222,0.8398268398268399,0.403723484406113,0.5,24,10,5,8
0.660377358490566,0.6666666666666666,0.6363636363636364,0.6511627906976745,0.7222222222222222,0.8398268398268399,0.403723484406113,0.5,24,11,5,8
0.660377358490566,0.6666666666666666,0.6363636363636364,0.6511627906976745,0.7222222222222222,0.8398268398268399,0.403723484406113,0.5,24,12,5,8
0.660377358490566,0.6666666666666666,0.6363636363636364,0.6511627906976745,0.7222222222222222,0.8398268398268399,0.403723484406113,0.5,24,13,5,8
0.660377358490566,0.6666666666666666,0.6363636363636364,0.6511627906976745,0.7222222222222222,0.8398268398268399,0.403723484406113,0.5,24,14,5,8
0.660377358490566,0.6666666666666666,0.6363636363636364,0.6511627906976745,0.7222222222222222,0.8398268398268399,0.403723484406113,0.5,24,15,5,8
0.6521739130434783,0.7142857142857143,0.4838709677419355,0.5769230769230769,0.5925925925925926,0.7424242424242424,0.44787517799730026,0.2,14,8,8,14
0.6521739130434783,0.7142857142857143,0.4838709677419355,0.5769230769230769,0.5925925925925926,0.7424242424242424,0.44787517799730026,0.2,14,9,8,14
0.6521739130434783,0.7142857142857143,0.4838709677419355,0.5769230769230769,0.5925925925925926,0.7424242424242424,0.44787517799730026,0.2,14,10,8,14
0.6521739130434783,0.7142857142857143,0.4838709677419355,0.5769230769230769,0.5925925925925926,0.7424242424242424,0.44787517799730026,0.2,14,11,8,14
0.6521739130434783,0.7142857142857143,0.4838709677419355,0.5769230769230769,0.5925925925925926,0.7424242424242424,0.44787517799730026,0.2,14,12,8,14
0.6521739130434783,0.7142857142857143,0.4838709677419355,0.5769230769230769,0.5925925925925926,0.7424242424242424,0.44787517799730026,0.2,14,13,8,14
0.6521739130434783,0.7142857142857143,0.4838709677419355,0.5769230769230769,0.5925925925925926,0.7424242424242424,0.44787517799730026,0.2,14,14,8,14
0.6521739130434783,0.7142857142857143,0.4838709677419355,0.5769230769230769,0.5925925925925926,0.7424242424242424,0.44787517799730026,0.2,14,15,8,14
0.6521739130434783,0.7142857142857143,0.4838709677419355,0.5769230769230769,0.5925925925925926,0.7424242424242424,0.44787517799730026,0.25,14,8,8,14
0.6521739130434783,0.7142857142857143,0.4838709677419355,0.5769230769230769,0.5925925925925926,0.7424242424242424,0.44787517799730026,0.25,14,9,8,14
0.6521739130434783,0.7142857142857143,0.4838709677419355,0.5769230769230769,0.5925925925925926,0.7424242424242424,0.44787517799730026,0.25,14,10,8,14
0.6521739130434783,0.7142857142857143,0.4838709677419355,0.5769230769230769,0.5925925925925926,0.7424242424242424,0.44787517799730026,0.25,14,11,8,14
0.6521739130434783,0.7142857142857143,0.4838709677419355,0.5769230769230769,0.5925925925925926,0.7424242424242424,0.44787517799730026,0.25,14,12,8,14
0.6521739130434783,0.7142857142857143,0.4838709677419355,0.5769230769230769,0.5925925925925926,0.7424242424242424,0.44787517799730026,0.25,14,13,8,14
0.6521739130434783,0.7142857142857143,0.4838709677419355,0.5769230769230769,0.5925925925925926,0.7424242424242424,0.44787517799730026,0.25,14,14,8,14
0.6521739130434783,0.7142857142857143,0.4838709677419355,0.5769230769230769,0.5925925925925926,0.7424242424242424,0.44787517799730026,0.25,14,15,8,14
0.6521739130434783,0.7142857142857143,0.4838709677419355,0.5769230769230769,0.5925925925925926,0.7424242424242424,0.44787517799730026,0.3,14,8,8,14
0.6521739130434783,0.7142857142857143,0.4838709677419355,0.5769230769230769,0.5925925925925926,0.7424242424242424,0.44787517799730026,0.3,14,9,8,14
0.6521739130434783,0.7142857142857143,0.4838709677419355,0.5769230769230769,0.5925925925925926,0.7424242424242424,0.44787517799730026,0.3,14,10,8,14
0.6521739130434783,0.7142857142857143,0.4838709677419355,0.5769230769230769,0.5925925925925926,0.7424242424242424,0.44787517799730026,0.3,14,11,8,14
0.6521739130434783,0.7142857142857143,0.4838709677419355,0.5769230769230769,0.5925925925925926,0.7424242424242424,0.44787517799730026,0.3,14,12,8,14
0.6521739130434783,0.7142857142857143,0.4838709677419355,0.5769230769230769,0.5925925925925926,0.7424242424242424,0.44787517799730026,0.3,14,13,8,14
0.6521739130434783,0.7142857142857143,0.4838709677419355,0.5769230769230769,0.5925925925925926,0.7424242424242424,0.44787517799730026,0.3,14,14,8,14
0.6521739130434783,0.7142857142857143,0.4838709677419355,0.5769230769230769,0.5925925925925926,0.7424242424242424,0.44787517799730026,0.3,14,15,8,14
0.6521739130434783,0.7142857142857143,0.4838709677419355,0.5769230769230769,0.5925925925925926,0.7424242424242424,0.44787517799730026,0.35,14,8,8,14
0.6521739130434783,0.7142857142857143,0.4838709677419355,0.5769230769230769,0.5925925925925926,0.7424242424242424,0.44787517799730026,0.35,14,9,8,14
0.6521739130434783,0.7142857142857143,0.4838709677419355,0.5769230769230769,0.5925925925925926,0.7424242424242424,0.44787517799730026,0.35,14,10,8,14
0.6521739130434783,0.7142857142857143,0.4838709677419355,0.5769230769230769,0.5925925925925926,0.7424242424242424,0.44787517799730026,0.35,14,11,8,14
0.6521739130434783,0.7142857142857143,0.4838709677419355,0.5769230769230769,0.5925925925925926,0.7424242424242424,0.44787517799730026,0.35,14,12,8,14
0.6521739130434783,0.7142857142857143,0.4838709677419355,0.5769230769230769,0.5925925925925926,0.7424242424242424,0.44787517799730026,0.35,14,13,8,14
0.6521739130434783,0.7142857142857143,0.4838709677419355,0.5769230769230769,0.5925925925925926,0.7424242424242424,0.44787517799730026,0.35,14,14,8,14
0.6521739130434783,0.7142857142857143,0.4838709677419355,0.5769230769230769,0.5925925925925926,0.7424242424242424,0.44787517799730026,0.35,14,15,8,14
0.6521739130434783,0.7142857142857143,0.4838709677419355,0.5769230769230769,0.5925925925925926,0.7496392496392495,0.44731233322327635,0.4,14,8,8,15
0.6521739130434783,0.7142857142857143,0.4838709677419355,0.5769230769230769,0.5925925925925926,0.7496392496392495,0.44731233322327635,0.4,14,9,8,15
0.6521739130434783,0.7142857142857143,0.4838709677419355,0.5769230769230769,0.5925925925925926,0.7496392496392495,0.44731233322327635,0.4,14,10,8,15
0.6521739130434783,0.7142857142857143,0.4838709677419355,0.5769230769230769,0.5925925925925926,0.7496392496392495,0.44731233322327635,0.4,14,11,8,15
0.6521739130434783,0.7142857142857143,0.4838709677419355,0.5769230769230769,0.5925925925925926,0.7496392496392495,0.44731233322327635,0.4,14,12,8,15
0.6521739130434783,0.7142857142857143,0.4838709677419355,0.5769230769230769,0.5925925925925926,0.7496392496392495,0.44731233322327635,0.4,14,13,8,15
0.6521739130434783,0.7142857142857143,0.4838709677419355,0.5769230769230769,0.5925925925925926,0.7496392496392495,0.44731233322327635,0.4,14,14,8,15
0.6521739130434783,0.7142857142857143,0.4838709677419355,0.5769230769230769,0.5925925925925926,0.7496392496392495,0.44731233322327635,0.4,14,15,8,15
0.6521739130434783,0.7142857142857143,0.4838709677419355,0.5769230769230769,0.5925925925925926,0.7496392496392495,0.44731233322327635,0.45,14,8,8,15
0.6521739130434783,0.7142857142857143,0.4838709677419355,0.5769230769230769,0.5925925925925926,0.7496392496392495,0.44731233322327635,0.45,14,9,8,15
0.6521739130434783,0.7142857142857143,0.4838709677419355,0.5769230769230769,0.5925925925925926,0.7496392496392495,0.44731233322327635,0.45,14,10,8,15
0.6521739130434783,0.7142857142857143,0.4838709677419355,0.5769230769230769,0.5925925925925926,0.7496392496392495,0.44731233322327635,0.45,14,11,8,15
0.6521739130434783,0.7142857142857143,0.4838709677419355,0.5769230769230769,0.5925925925925926,0.7496392496392495,0.44731233322327635,0.45,14,12,8,15
0.6521739130434783,0.7142857142857143,0.4838709677419355,0.5769230769230769,0.5925925925925926,0.7496392496392495,0.44731233322327635,0.45,14,13,8,15
0.6521739130434783,0.7142857142857143,0.4838709677419355,0.5769230769230769,0.5925925925925926,0.7496392496392495,0.44731233322327635,0.45,14,14,8,15
0.6521739130434783,0.7142857142857143,0.4838709677419355,0.5769230769230769,0.5925925925925926,0.7496392496392495,0.44731233322327635,0.45,14,15,8,15
0.6521739130434783,0.7142857142857143,0.4838709677419355,0.5769230769230769,0.5925925925925926,0.7424242424242424,0.44787517799730026,0.5,14,8,8,14
0.6521739130434783,0.7142857142857143,0.4838709677419355,0.5769230769230769,0.5925925925925926,0.7424242424242424,0.44787517799730026,0.5,14,9,8,14
0.6521739130434783,0.7142857142857143,0.4838709677419355,0.5769230769230769,0.5925925925925926,0.7424242424242424,0.44787517799730026,0.5,14,10,8,14
0.6521739130434783,0.7142857142857143,0.4838709677419355,0.5769230769230769,0.5925925925925926,0.7424242424242424,0.44787517799730026,0.5,14,11,8,14
0.6521739130434783,0.7142857142857143,0.4838709677419355,0.5769230769230769,0.5925925925925926,0.7424242424242424,0.44787517799730026,0.5,14,12,8,14
0.6521739130434783,0.7142857142857143,0.4838709677419355,0.5769230769230769,0.5925925925925926,0.7424242424242424,0.44787517799730026,0.5,14,13,8,14
0.6521739130434783,0.7142857142857143,0.4838709677419355,0.5769230769230769,0.5925925925925926,0.7424242424242424,0.44787517799730026,0.5,14,14,8,14
0.6521739130434783,0.7142857142857143,0.4838709677419355,0.5769230769230769,0.5925925925925926,0.7424242424242424,0.44787517799730026,0.5,14,15,8,14
0.65,0.6190476190476191,0.8125,0.7027027027027027,0.7962962962962963,0.8326118326118326,0.40092304433886666,0.1,13,7,7,9
0.65,0.6190476190476191,0.8125,0.7027027027027027,0.7962962962962963,0.8326118326118326,0.40092304433886666,0.1,13,8,7,9
0.65,0.6190476190476191,0.8125,0.7027027027027027,0.7962962962962963,0.8326118326118326,0.40092304433886666,0.1,13,9,7,9
0.65,0.6190476190476191,0.8125,0.7027027027027027,0.7962962962962963,0.8326118326118326,0.40092304433886666,0.1,13,10,7,9
0.65,0.6190476190476191,0.8125,0.7027027027027027,0.7962962962962963,0.8326118326118326,0.40092304433886666,0.1,13,11,7,9
0.65,0.6190476190476191,0.8125,0.7027027027027027,0.7962962962962963,0.8326118326118326,0.40092304433886666,0.1,13,12,7,9
0.65,0.6190476190476191,0.8125,0.7027027027027027,0.7962962962962963,0.8326118326118326,0.40092304433886666,0.1,13,13,7,9
0.65,0.6190476190476191,0.8125,0.7027027027027027,0.7962962962962963,0.8326118326118326,0.40092304433886666,0.1,13,14,7,9
0.65,0.6190476190476191,0.8125,0.7027027027027027,0.7962962962962963,0.8326118326118326,0.40092304433886666,0.1,13,15,7,9
0.65,0.6190476190476191,0.8125,0.7027027027027027,0.7962962962962963,0.8326118326118326,0.39519682890106606,0.1,14,7,7,8
0.65,0.6190476190476191,0.8125,0.7027027027027027,0.7962962962962963,0.8326118326118326,0.39519682890106606,0.1,14,8,7,8
0.65,0.6190476190476191,0.8125,0.7027027027027027,0.7962962962962963,0.8326118326118326,0.39519682890106606,0.1,14,9,7,8
0.65,0.6190476190476191,0.8125,0.7027027027027027,0.7962962962962963,0.8326118326118326,0.39519682890106606,0.1,14,10,7,8
0.65,0.6190476190476191,0.8125,0.7027027027027027,0.7962962962962963,0.8326118326118326,0.39519682890106606,0.1,14,11,7,8
0.65,0.6190476190476191,0.8125,0.7027027027027027,0.7962962962962963,0.8326118326118326,0.39519682890106606,0.1,14,12,7,8
0.65,0.6190476190476191,0.8125,0.7027027027027027,0.7962962962962963,0.8326118326118326,0.39519682890106606,0.1,14,13,7,8
0.65,0.6190476190476191,0.8125,0.7027027027027027,0.7962962962962963,0.8326118326118326,0.39519682890106606,0.1,14,14,7,8
0.65,0.6190476190476191,0.8125,0.7027027027027027,0.7962962962962963,0.8326118326118326,0.39519682890106606,0.1,14,15,7,8
0.65,0.6190476190476191,0.8125,0.7027027027027027,0.7962962962962963,0.8275613275613276,0.3998548421838312,0.1,22,5,5,6
0.65,0.6190476190476191,0.8125,0.7027027027027027,0.7962962962962963,0.8275613275613276,0.3998548421838312,0.1,22,6,5,6
0.65,0.6190476190476191,0.8125,0.7027027027027027,0.7962962962962963,0.8275613275613276,0.3998548421838312,0.1,22,7,5,6
0.65,0.6190476190476191,0.8125,0.7027027027027027,0.7962962962962963,0.8275613275613276,0.3998548421838312,0.1,22,8,5,6
0.65,0.6190476190476191,0.8125,0.7027027027027027,0.7962962962962963,0.8275613275613276,0.3998548421838312,0.1,22,9,5,6
0.65,0.6190476190476191,0.8125,0.7027027027027027,0.7962962962962963,0.8275613275613276,0.3998548421838312,0.1,22,10,5,6
0.65,0.6190476190476191,0.8125,0.7027027027027027,0.7962962962962963,0.8275613275613276,0.3998548421838312,0.1,22,11,5,6
0.65,0.6190476190476191,0.8125,0.7027027027027027,0.7962962962962963,0.8275613275613276,0.3998548421838312,0.1,22,12,5,6
0.65,0.6190476190476191,0.8125,0.7027027027027027,0.7962962962962963,0.8275613275613276,0.3998548421838312,0.1,22,13,5,6
0.65,0.6190476190476191,0.8125,0.7027027027027027,0.7962962962962963,0.8275613275613276,0.3998548421838312,0.1,22,14,5,6
0.65,0.6190476190476191,0.8125,0.7027027027027027,0.7962962962962963,0.8275613275613276,0.3998548421838312,0.1,22,15,5,6
0.65,0.6190476190476191,0.8125,0.7027027027027027,0.7962962962962963,0.8268398268398269,0.4027489525132006,0.1,23,5,4,5
0.65,0.6190476190476191,0.8125,0.7027027027027027,0.7962962962962963,0.8268398268398269,0.4027489525132006,0.1,23,6,4,5
0.65,0.6190476190476191,0.8125,0.7027027027027027,0.7962962962962963,0.8268398268398269,0.4027489525132006,0.1,23,7,4,5
0.65,0.6190476190476191,0.8125,0.7027027027027027,0.7962962962962963,0.8268398268398269,0.4027489525132006,0.1,23,8,4,5
0.65,0.6190476190476191,0.8125,0.7027027027027027,0.7962962962962963,0.8268398268398269,0.4027489525132006,0.1,23,9,4,5
0.65,0.6190476190476191,0.8125,0.7027027027027027,0.7962962962962963,0.8268398268398269,0.4027489525132006,0.1,23,10,4,5
0.65,0.6190476190476191,0.8125,0.7027027027027027,0.7962962962962963,0.8268398268398269,0.4027489525132006,0.1,23,11,4,5
0.65,0.6190476190476191,0.8125,0.7027027027027027,0.7962962962962963,0.8268398268398269,0.4027489525132006,0.1,23,12,4,5
0.65,0.6190476190476191,0.8125,0.7027027027027027,0.7962962962962963,0.8268398268398269,0.4027489525132006,0.1,23,13,4,5
0.65,0.6190476190476191,0.8125,0.7027027027027027,0.7962962962962963,0.8268398268398269,0.4027489525132006,0.1,23,14,4,5
0.65,0.6190476190476191,0.8125,0.7027027027027027,0.7962962962962963,0.8268398268398269,0.4027489525132006,0.1,23,15,4,5
0.65,0.6190476190476191,0.8125,0.7027027027027027,0.7962962962962963,0.8268398268398269,0.4027489525132006,0.1,24,5,4,5
0.65,0.6190476190476191,0.8125,0.7027027027027027,0.7962962962962963,0.8268398268398269,0.4027489525132006,0.1,24,6,4,5
0.65,0.6190476190476191,0.8125,0.7027027027027027,0.7962962962962963,0.8268398268398269,0.4027489525132006,0.1,24,7,4,5
0.65,0.6190476190476191,0.8125,0.7027027027027027,0.7962962962962963,0.8268398268398269,0.4027489525132006,0.1,24,8,4,5
0.65,0.6190476190476191,0.8125,0.7027027027027027,0.7962962962962963,0.8268398268398269,0.4027489525132006,0.1,24,9,4,5
0.65,0.6190476190476191,0.8125,0.7027027027027027,0.7962962962962963,0.8268398268398269,0.4027489525132006,0.1,24,10,4,5
0.65,0.6190476190476191,0.8125,0.7027027027027027,0.7962962962962963,0.8268398268398269,0.4027489525132006,0.1,24,11,4,5
0.65,0.6190476190476191,0.8125,0.7027027027027027,0.7962962962962963,0.8268398268398269,0.4027489525132006,0.1,24,12,4,5
0.65,0.6190476190476191,0.8125,0.7027027027027027,0.7962962962962963,0.8268398268398269,0.4027489525132006,0.1,24,13,4,5
0.65,0.6190476190476191,0.8125,0.7027027027027027,0.7962962962962963,0.8268398268398269,0.4027489525132006,0.1,24,14,4,5
0.65,0.6190476190476191,0.8125,0.7027027027027027,0.7962962962962963,0.8268398268398269,0.4027489525132006,0.1,24,15,4,5
0.65,0.6190476190476191,0.8125,0.7027027027027027,0.7962962962962963,0.8268398268398269,0.4027489525132006,0.1,25,5,4,5
0.65,0.6190476190476191,0.8125,0.7027027027027027,0.7962962962962963,0.8268398268398269,0.4027489525132006,0.1,25,6,4,5
0.65,0.6190476190476191,0.8125,0.7027027027027027,0.7962962962962963,0.8268398268398269,0.4027489525132006,0.1,25,7,4,5
0.65,0.6190476190476191,0.8125,0.7027027027027027,0.7962962962962963,0.8268398268398269,0.4027489525132006,0.1,25,8,4,5
0.65,0.6190476190476191,0.8125,0.7027027027027027,0.7962962962962963,0.8268398268398269,0.4027489525132006,0.1,25,9,4,5
0.65,0.6190476190476191,0.8125,0.7027027027027027,0.7962962962962963,0.8268398268398269,0.4027489525132006,0.1,25,10,4,5
0.65,0.6190476190476191,0.8125,0.7027027027027027,0.7962962962962963,0.8268398268398269,0.4027489525132006,0.1,25,11,4,5
0.65,0.6190476190476191,0.8125,0.7027027027027027,0.7962962962962963,0.8268398268398269,0.4027489525132006,0.1,25,12,4,5
0.65,0.6190476190476191,0.8125,0.7027027027027027,0.7962962962962963,0.8268398268398269,0.4027489525132006,0.1,25,13,4,5
0.65,0.6190476190476191,0.8125,0.7027027027027027,0.7962962962962963,0.8268398268398269,0.4027489525132006,0.1,25,14,4,5
0.65,0.6190476190476191,0.8125,0.7027027027027027,0.7962962962962963,0.8268398268398269,0.4027489525132006,0.1,25,15,4,5
0.65,0.6190476190476191,0.8125,0.7027027027027027,0.7962962962962963,0.8268398268398269,0.4027489525132006,0.1,26,5,4,5
0.65,0.6190476190476191,0.8125,0.7027027027027027,0.7962962962962963,0.8268398268398269,0.4027489525132006,0.1,26,6,4,5
0.65,0.6190476190476191,0.8125,0.7027027027027027,0.7962962962962963,0.8268398268398269,0.4027489525132006,0.1,26,7,4,5
0.65,0.6190476190476191,0.8125,0.7027027027027027,0.7962962962962963,0.8268398268398269,0.4027489525132006,0.1,26,8,4,5
0.65,0.6190476190476191,0.8125,0.7027027027027027,0.7962962962962963,0.8268398268398269,0.4027489525132006,0.1,26,9,4,5
0.65,0.6190476190476191,0.8125,0.7027027027027027,0.7962962962962963,0.8268398268398269,0.4027489525132006,0.1,26,10,4,5
0.65,0.6190476190476191,0.8125,0.7027027027027027,0.7962962962962963,0.8268398268398269,0.4027489525132006,0.1,26,11,4,5
0.65,0.6190476190476191,0.8125,0.7027027027027027,0.7962962962962963,0.8268398268398269,0.4027489525132006,0.1,26,12,4,5
0.65,0.6190476190476191,0.8125,0.7027027027027027,0.7962962962962963,0.8268398268398269,0.4027489525132006,0.1,26,13,4,5
0.65,0.6190476190476191,0.8125,0.7027027027027027,0.7962962962962963,0.8268398268398269,0.4027489525132006,0.1,26,14,4,5
0.65,0.6190476190476191,0.8125,0.7027027027027027,0.7962962962962963,0.8268398268398269,0.4027489525132006,0.1,26,15,4,5
0.65,0.6190476190476191,0.8125,0.7027027027027027,0.7962962962962963,0.8268398268398269,0.4027489525132006,0.1,27,5,4,5
0.65,0.6190476190476191,0.8125,0.7027027027027027,0.7962962962962963,0.8268398268398269,0.4027489525132006,0.1,27,6,4,5
0.65,0.6190476190476191,0.8125,0.7027027027027027,0.7962962962962963,0.8268398268398269,0.4027489525132006,0.1,27,7,4,5
0.65,0.6190476190476191,0.8125,0.7027027027027027,0.7962962962962963,0.8268398268398269,0.4027489525132006,0.1,27,8,4,5
0.65,0.6190476190476191,0.8125,0.7027027027027027,0.7962962962962963,0.8268398268398269,0.4027489525132006,0.1,27,9,4,5
0.65,0.6190476190476191,0.8125,0.7027027027027027,0.7962962962962963,0.8268398268398269,0.4027489525132006,0.1,27,10,4,5
0.65,0.6190476190476191,0.8125,0.7027027027027027,0.7962962962962963,0.8268398268398269,0.4027489525132006,0.1,27,11,4,5
0.65,0.6190476190476191,0.8125,0.7027027027027027,0.7962962962962963,0.8268398268398269,0.4027489525132006,0.1,27,12,4,5
0.65,0.6190476190476191,0.8125,0.7027027027027027,0.7962962962962963,0.8268398268398269,0.4027489525132006,0.1,27,13,4,5
0.65,0.6190476190476191,0.8125,0.7027027027027027,0.7962962962962963,0.8268398268398269,0.4027489525132006,0.1,27,14,4,5
0.65,0.6190476190476191,0.8125,0.7027027027027027,0.7962962962962963,0.8268398268398269,0.4027489525132006,0.1,27,15,4,5
0.65,0.6190476190476191,0.8125,0.7027027027027027,0.7962962962962963,0.8268398268398269,0.4027489525132006,0.1,28,5,4,5
0.65,0.6190476190476191,0.8125,0.7027027027027027,0.7962962962962963,0.8268398268398269,0.4027489525132006,0.1,28,6,4,5
0.65,0.6190476190476191,0.8125,0.7027027027027027,0.7962962962962963,0.8268398268398269,0.4027489525132006,0.1,28,7,4,5
0.65,0.6190476190476191,0.8125,0.7027027027027027,0.7962962962962963,0.8268398268398269,0.4027489525132006,0.1,28,8,4,5
0.65,0.6190476190476191,0.8125,0.7027027027027027,0.7962962962962963,0.8268398268398269,0.4027489525132006,0.1,28,9,4,5
0.65,0.6190476190476191,0.8125,0.7027027027027027,0.7962962962962963,0.8268398268398269,0.4027489525132006,0.1,28,10,4,5
0.65,0.6190476190476191,0.8125,0.7027027027027027,0.7962962962962963,0.8268398268398269,0.4027489525132006,0.1,28,11,4,5
0.65,0.6190476190476191,0.8125,0.7027027027027027,0.7962962962962963,0.8268398268398269,0.4027489525132006,0.1,28,12,4,5
0.65,0.6190476190476191,0.8125,0.7027027027027027,0.7962962962962963,0.8268398268398269,0.4027489525132006,0.1,28,13,4,5
0.65,0.6190476190476191,0.8125,0.7027027027027027,0.7962962962962963,0.8268398268398269,0.4027489525132006,0.1,28,14,4,5
0.65,0.6190476190476191,0.8125,0.7027027027027027,0.7962962962962963,0.8268398268398269,0.4027489525132006,0.1,28,15,4,5
0.65,0.6190476190476191,0.8125,0.7027027027027027,0.7962962962962963,0.8268398268398269,0.4027489525132006,0.1,29,5,4,5
0.65,0.6190476190476191,0.8125,0.7027027027027027,0.7962962962962963,0.8268398268398269,0.4027489525132006,0.1,29,6,4,5
0.65,0.6190476190476191,0.8125,0.7027027027027027,0.7962962962962963,0.8268398268398269,0.4027489525132006,0.1,29,7,4,5
0.65,0.6190476190476191,0.8125,0.7027027027027027,0.7962962962962963,0.8268398268398269,0.4027489525132006,0.1,29,8,4,5
0.65,0.6190476190476191,0.8125,0.7027027027027027,0.7962962962962963,0.8268398268398269,0.4027489525132006,0.1,29,9,4,5
0.65,0.6190476190476191,0.8125,0.7027027027027027,0.7962962962962963,0.8268398268398269,0.4027489525132006,0.1,29,10,4,5
0.65,0.6190476190476191,0.8125,0.7027027027027027,0.7962962962962963,0.8268398268398269,0.4027489525132006,0.1,29,11,4,5
0.65,0.6190476190476191,0.8125,0.7027027027027027,0.7962962962962963,0.8268398268398269,0.4027489525132006,0.1,29,12,4,5
0.65,0.6190476190476191,0.8125,0.7027027027027027,0.7962962962962963,0.8268398268398269,0.4027489525132006,0.1,29,13,4,5
0.65,0.6190476190476191,0.8125,0.7027027027027027,0.7962962962962963,0.8268398268398269,0.4027489525132006,0.1,29,14,4,5
0.65,0.6190476190476191,0.8125,0.7027027027027027,0.7962962962962963,0.8268398268398269,0.4027489525132006,0.1,29,15,4,5
0.65,0.6190476190476191,0.8125,0.7027027027027027,0.7962962962962963,0.8268398268398269,0.4027489525132006,0.1,30,5,4,5
0.65,0.6190476190476191,0.8125,0.7027027027027027,0.7962962962962963,0.8268398268398269,0.4027489525132006,0.1,30,6,4,5
0.65,0.6190476190476191,0.8125,0.7027027027027027,0.7962962962962963,0.8268398268398269,0.4027489525132006,0.1,30,7,4,5
0.65,0.6190476190476191,0.8125,0.7027027027027027,0.7962962962962963,0.8268398268398269,0.4027489525132006,0.1,30,8,4,5
0.65,0.6190476190476191,0.8125,0.7027027027027027,0.7962962962962963,0.8268398268398269,0.4027489525132006,0.1,30,9,4,5
0.65,0.6190476190476191,0.8125,0.7027027027027027,0.7962962962962963,0.8268398268398269,0.4027489525132006,0.1,30,10,4,5
0.65,0.6190476190476191,0.8125,0.7027027027027027,0.7962962962962963,0.8268398268398269,0.4027489525132006,0.1,30,11,4,5
0.65,0.6190476190476191,0.8125,0.7027027027027027,0.7962962962962963,0.8268398268398269,0.4027489525132006,0.1,30,12,4,5
0.65,0.6190476190476191,0.8125,0.7027027027027027,0.7962962962962963,0.8268398268398269,0.4027489525132006,0.1,30,13,4,5
0.65,0.6190476190476191,0.8125,0.7027027027027027,0.7962962962962963,0.8268398268398269,0.4027489525132006,0.1,30,14,4,5
0.65,0.6190476190476191,0.8125,0.7027027027027027,0.7962962962962963,0.8268398268398269,0.4027489525132006,0.1,30,15,4,5
0.65,0.6190476190476191,0.8125,0.7027027027027027,0.7962962962962963,0.8268398268398269,0.4027489525132006,0.15,23,5,4,5
0.65,0.6190476190476191,0.8125,0.7027027027027027,0.7962962962962963,0.8268398268398269,0.4027489525132006,0.15,23,6,4,5
0.65,0.6190476190476191,0.8125,0.7027027027027027,0.7962962962962963,0.8268398268398269,0.4027489525132006,0.15,23,7,4,5
0.65,0.6190476190476191,0.8125,0.7027027027027027,0.7962962962962963,0.8268398268398269,0.4027489525132006,0.15,23,8,4,5
0.65,0.6190476190476191,0.8125,0.7027027027027027,0.7962962962962963,0.8268398268398269,0.4027489525132006,0.15,23,9,4,5
0.65,0.6190476190476191,0.8125,0.7027027027027027,0.7962962962962963,0.8268398268398269,0.4027489525132006,0.15,23,10,4,5
0.65,0.6190476190476191,0.8125,0.7027027027027027,0.7962962962962963,0.8268398268398269,0.4027489525132006,0.15,23,11,4,5
0.65,0.6190476190476191,0.8125,0.7027027027027027,0.7962962962962963,0.8268398268398269,0.4027489525132006,0.15,23,12,4,5
0.65,0.6190476190476191,0.8125,0.7027027027027027,0.7962962962962963,0.8268398268398269,0.4027489525132006,0.15,23,13,4,5
0.65,0.6190476190476191,0.8125,0.7027027027027027,0.7962962962962963,0.8268398268398269,0.4027489525132006,0.15,23,14,4,5
0.65,0.6190476190476191,0.8125,0.7027027027027027,0.7962962962962963,0.8268398268398269,0.4027489525132006,0.15,23,15,4,5
0.65,0.6190476190476191,0.8125,0.7027027027027027,0.7962962962962963,0.8268398268398269,0.4027489525132006,0.15,24,5,4,5
0.65,0.6190476190476191,0.8125,0.7027027027027027,0.7962962962962963,0.8268398268398269,0.4027489525132006,0.15,24,6,4,5
0.65,0.6190476190476191,0.8125,0.7027027027027027,0.7962962962962963,0.8268398268398269,0.4027489525132006,0.15,24,7,4,5
0.65,0.6190476190476191,0.8125,0.7027027027027027,0.7962962962962963,0.8268398268398269,0.4027489525132006,0.15,24,8,4,5
0.65,0.6190476190476191,0.8125,0.7027027027027027,0.7962962962962963,0.8268398268398269,0.4027489525132006,0.15,24,9,4,5
0.65,0.6190476190476191,0.8125,0.7027027027027027,0.7962962962962963,0.8268398268398269,0.4027489525132006,0.15,24,10,4,5
0.65,0.6190476190476191,0.8125,0.7027027027027027,0.7962962962962963,0.8268398268398269,0.4027489525132006,0.15,24,11,4,5
0.65,0.6190476190476191,0.8125,0.7027027027027027,0.7962962962962963,0.8268398268398269,0.4027489525132006,0.15,24,12,4,5
0.65,0.6190476190476191,0.8125,0.7027027027027027,0.7962962962962963,0.8268398268398269,0.4027489525132006,0.15,24,13,4,5
0.65,0.6190476190476191,0.8125,0.7027027027027027,0.7962962962962963,0.8268398268398269,0.4027489525132006,0.15,24,14,4,5
0.65,0.6190476190476191,0.8125,0.7027027027027027,0.7962962962962963,0.8268398268398269,0.4027489525132006,0.15,24,15,4,5
0.65,0.6190476190476191,0.8125,0.7027027027027027,0.7962962962962963,0.8268398268398269,0.4027489525132006,0.15,25,5,4,5
0.65,0.6190476190476191,0.8125,0.7027027027027027,0.7962962962962963,0.8268398268398269,0.4027489525132006,0.15,25,6,4,5
0.65,0.6190476190476191,0.8125,0.7027027027027027,0.7962962962962963,0.8268398268398269,0.4027489525132006,0.15,25,7,4,5
0.65,0.6190476190476191,0.8125,0.7027027027027027,0.7962962962962963,0.8268398268398269,0.4027489525132006,0.15,25,8,4,5
0.65,0.6190476190476191,0.8125,0.7027027027027027,0.7962962962962963,0.8268398268398269,0.4027489525132006,0.15,25,9,4,5
0.65,0.6190476190476191,0.8125,0.7027027027027027,0.7962962962962963,0.8268398268398269,0.4027489525132006,0.15,25,10,4,5
0.65,0.6190476190476191,0.8125,0.7027027027027027,0.7962962962962963,0.8268398268398269,0.4027489525132006,0.15,25,11,4,5
0.65,0.6190476190476191,0.8125,0.7027027027027027,0.7962962962962963,0.8268398268398269,0.4027489525132006,0.15,25,12,4,5
0.65,0.6190476190476191,0.8125,0.7027027027027027,0.7962962962962963,0.8268398268398269,0.4027489525132006,0.15,25,13,4,5
0.65,0.6190476190476191,0.8125,0.7027027027027027,0.7962962962962963,0.8268398268398269,0.4027489525132006,0.15,25,14,4,5
0.65,0.6190476190476191,0.8125,0.7027027027027027,0.7962962962962963,0.8268398268398269,0.4027489525132006,0.15,25,15,4,5
0.65,0.6190476190476191,0.8125,0.7027027027027027,0.7962962962962963,0.8268398268398269,0.4027489525132006,0.15,26,5,4,5
0.65,0.6190476190476191,0.8125,0.7027027027027027,0.7962962962962963,0.8268398268398269,0.4027489525132006,0.15,26,6,4,5
0.65,0.6190476190476191,0.8125,0.7027027027027027,0.7962962962962963,0.8268398268398269,0.4027489525132006,0.15,26,7,4,5
0.65,0.6190476190476191,0.8125,0.7027027027027027,0.7962962962962963,0.8268398268398269,0.4027489525132006,0.15,26,8,4,5
0.65,0.6190476190476191,0.8125,0.7027027027027027,0.7962962962962963,0.8268398268398269,0.4027489525132006,0.15,26,9,4,5
0.65,0.6190476190476191,0.8125,0.7027027027027027,0.7962962962962963,0.8268398268398269,0.4027489525132006,0.15,26,10,4,5
0.65,0.6190476190476191,0.8125,0.7027027027027027,0.7962962962962963,0.8268398268398269,0.4027489525132006,0.15,26,11,4,5
0.65,0.6190476190476191,0.8125,0.7027027027027027,0.7962962962962963,0.8268398268398269,0.4027489525132006,0.15,26,12,4,5
0.65,0.6190476190476191,0.8125,0.7027027027027027,0.7962962962962963,0.8268398268398269,0.4027489525132006,0.15,26,13,4,5
0.65,0.6190476190476191,0.8125,0.7027027027027027,0.7962962962962963,0.8268398268398269,0.4027489525132006,0.15,26,14,4,5
0.65,0.6190476190476191,0.8125,0.7027027027027027,0.7962962962962963,0.8268398268398269,0.4027489525132006,0.15,26,15,4,5
0.65,0.6190476190476191,0.8125,0.7027027027027027,0.7962962962962963,0.8268398268398269,0.4027489525132006,0.15,27,5,4,5
0.65,0.6190476190476191,0.8125,0.7027027027027027,0.7962962962962963,0.8268398268398269,0.4027489525132006,0.15,27,6,4,5
0.65,0.6190476190476191,0.8125,0.7027027027027027,0.7962962962962963,0.8268398268398269,0.4027489525132006,0.15,27,7,4,5
0.65,0.6190476190476191,0.8125,0.7027027027027027,0.7962962962962963,0.8268398268398269,0.4027489525132006,0.15,27,8,4,5
0.65,0.6190476190476191,0.8125,0.7027027027027027,0.7962962962962963,0.8268398268398269,0.4027489525132006,0.15,27,9,4,5
0.65,0.6190476190476191,0.8125,0.7027027027027027,0.7962962962962963,0.8268398268398269,0.4027489525132006,0.15,27,10,4,5
0.65,0.6190476190476191,0.8125,0.7027027027027027,0.7962962962962963,0.8268398268398269,0.4027489525132006,0.15,27,11,4,5
0.65,0.6190476190476191,0.8125,0.7027027027027027,0.7962962962962963,0.8268398268398269,0.4027489525132006,0.15,27,12,4,5
0.65,0.6190476190476191,0.8125,0.7027027027027027,0.7962962962962963,0.8268398268398269,0.4027489525132006,0.15,27,13,4,5
0.65,0.6190476190476191,0.8125,0.7027027027027027,0.7962962962962963,0.8268398268398269,0.4027489525132006,0.15,27,14,4,5
0.65,0.6190476190476191,0.8125,0.7027027027027027,0.7962962962962963,0.8268398268398269,0.4027489525132006,0.15,27,15,4,5
0.65,0.6190476190476191,0.8125,0.7027027027027027,0.7962962962962963,0.8268398268398269,0.4027489525132006,0.15,28,5,4,5
0.65,0.6190476190476191,0.8125,0.7027027027027027,0.7962962962962963,0.8268398268398269,0.4027489525132006,0.15,28,6,4,5
0.65,0.6190476190476191,0.8125,0.7027027027027027,0.7962962962962963,0.8268398268398269,0.4027489525132006,0.15,28,7,4,5
0.65,0.6190476190476191,0.8125,0.7027027027027027,0.7962962962962963,0.8268398268398269,0.4027489525132006,0.15,28,8,4,5
0.65,0.6190476190476191,0.8125,0.7027027027027027,0.7962962962962963,0.8268398268398269,0.4027489525132006,0.15,28,9,4,5
0.65,0.6190476190476191,0.8125,0.7027027027027027,0.7962962962962963,0.8268398268398269,0.4027489525132006,0.15,28,10,4,5
0.65,0.6190476190476191,0.8125,0.7027027027027027,0.7962962962962963,0.8268398268398269,0.4027489525132006,0.15,28,11,4,5
0.65,0.6190476190476191,0.8125,0.7027027027027027,0.7962962962962963,0.8268398268398269,0.4027489525132006,0.15,28,12,4,5
0.65,0.6190476190476191,0.8125,0.7027027027027027,0.7962962962962963,0.8268398268398269,0.4027489525132006,0.15,28,13,4,5
0.65,0.6190476190476191,0.8125,0.7027027027027027,0.7962962962962963,0.8268398268398269,0.4027489525132006,0.15,28,14,4,5
0.65,0.6190476190476191,0.8125,0.7027027027027027,0.7962962962962963,0.8268398268398269,0.4027489525132006,0.15,28,15,4,5
0.65,0.6190476190476191,0.8125,0.7027027027027027,0.7962962962962963,0.8268398268398269,0.4027489525132006,0.15,29,5,4,5
0.65,0.6190476190476191,0.8125,0.7027027027027027,0.7962962962962963,0.8268398268398269,0.4027489525132006,0.15,29,6,4,5
0.65,0.6190476190476191,0.8125,0.7027027027027027,0.7962962962962963,0.8268398268398269,0.4027489525132006,0.15,29,7,4,5
0.65,0.6190476190476191,0.8125,0.7027027027027027,0.7962962962962963,0.8268398268398269,0.4027489525132006,0.15,29,8,4,5
0.65,0.6190476190476191,0.8125,0.7027027027027027,0.7962962962962963,0.8268398268398269,0.4027489525132006,0.15,29,9,4,5
0.65,0.6190476190476191,0.8125,0.7027027027027027,0.7962962962962963,0.8268398268398269,0.4027489525132006,0.15,29,10,4,5
0.65,0.6190476190476191,0.8125,0.7027027027027027,0.7962962962962963,0.8268398268398269,0.4027489525132006,0.15,29,11,4,5
0.65,0.6190476190476191,0.8125,0.7027027027027027,0.7962962962962963,0.8268398268398269,0.4027489525132006,0.15,29,12,4,5
0.65,0.6190476190476191,0.8125,0.7027027027027027,0.7962962962962963,0.8268398268398269,0.4027489525132006,0.15,29,13,4,5
0.65,0.6190476190476191,0.8125,0.7027027027027027,0.7962962962962963,0.8268398268398269,0.4027489525132006,0.15,29,14,4,5
0.65,0.6190476190476191,0.8125,0.7027027027027027,0.7962962962962963,0.8268398268398269,0.4027489525132006,0.15,29,15,4,5
0.65,0.6190476190476191,0.8125,0.7027027027027027,0.7962962962962963,0.8268398268398269,0.4027489525132006,0.15,30,5,4,5
0.65,0.6190476190476191,0.8125,0.7027027027027027,0.7962962962962963,0.8268398268398269,0.4027489525132006,0.15,30,6,4,5
0.65,0.6190476190476191,0.8125,0.7027027027027027,0.7962962962962963,0.8268398268398269,0.4027489525132006,0.15,30,7,4,5
0.65,0.6190476190476191,0.8125,0.7027027027027027,0.7962962962962963,0.8268398268398269,0.4027489525132006,0.15,30,8,4,5
0.65,0.6190476190476191,0.8125,0.7027027027027027,0.7962962962962963,0.8268398268398269,0.4027489525132006,0.15,30,9,4,5
0.65,0.6190476190476191,0.8125,0.7027027027027027,0.7962962962962963,0.8268398268398269,0.4027489525132006,0.15,30,10,4,5
0.65,0.6190476190476191,0.8125,0.7027027027027027,0.7962962962962963,0.8268398268398269,0.4027489525132006,0.15,30,11,4,5
0.65,0.6190476190476191,0.8125,0.7027027027027027,0.7962962962962963,0.8268398268398269,0.4027489525132006,0.15,30,12,4,5
0.65,0.6190476190476191,0.8125,0.7027027027027027,0.7962962962962963,0.8268398268398269,0.4027489525132006,0.15,30,13,4,5
0.65,0.6190476190476191,0.8125,0.7027027027027027,0.7962962962962963,0.8268398268398269,0.4027489525132006,0.15,30,14,4,5
0.65,0.6190476190476191,0.8125,0.7027027027027027,0.7962962962962963,0.8268398268398269,0.4027489525132006,0.15,30,15,4,5
0.65,0.6190476190476191,0.8125,0.7027027027027027,0.7962962962962963,0.8268398268398269,0.4027489525132006,0.2,23,5,4,5
0.65,0.6190476190476191,0.8125,0.7027027027027027,0.7962962962962963,0.8268398268398269,0.4027489525132006,0.2,23,6,4,5
0.65,0.6190476190476191,0.8125,0.7027027027027027,0.7962962962962963,0.8268398268398269,0.4027489525132006,0.2,23,7,4,5
0.65,0.6190476190476191,0.8125,0.7027027027027027,0.7962962962962963,0.8268398268398269,0.4027489525132006,0.2,23,8,4,5
0.65,0.6190476190476191,0.8125,0.7027027027027027,0.7962962962962963,0.8268398268398269,0.4027489525132006,0.2,23,9,4,5
0.65,0.6190476190476191,0.8125,0.7027027027027027,0.7962962962962963,0.8268398268398269,0.4027489525132006,0.2,23,10,4,5
0.65,0.6190476190476191,0.8125,0.7027027027027027,0.7962962962962963,0.8268398268398269,0.4027489525132006,0.2,23,11,4,5
0.65,0.6190476190476191,0.8125,0.7027027027027027,0.7962962962962963,0.8268398268398269,0.4027489525132006,0.2,23,12,4,5
0.65,0.6190476190476191,0.8125,0.7027027027027027,0.7962962962962963,0.8268398268398269,0.4027489525132006,0.2,23,13,4,5
0.65,0.6190476190476191,0.8125,0.7027027027027027,0.7962962962962963,0.8268398268398269,0.4027489525132006,0.2,23,14,4,5
0.65,0.6190476190476191,0.8125,0.7027027027027027,0.7962962962962963,0.8268398268398269,0.4027489525132006,0.2,23,15,4,5
0.65,0.6190476190476191,0.8125,0.7027027027027027,0.7962962962962963,0.8268398268398269,0.4027489525132006,0.2,24,5,4,5
0.65,0.6190476190476191,0.8125,0.7027027027027027,0.7962962962962963,0.8268398268398269,0.4027489525132006,0.2,24,6,4,5
0.65,0.6190476190476191,0.8125,0.7027027027027027,0.7962962962962963,0.8268398268398269,0.4027489525132006,0.2,24,7,4,5
0.65,0.6190476190476191,0.8125,0.7027027027027027,0.7962962962962963,0.8268398268398269,0.4027489525132006,0.2,24,8,4,5
0.65,0.6190476190476191,0.8125,0.7027027027027027,0.7962962962962963,0.8268398268398269,0.4027489525132006,0.2,24,9,4,5
0.65,0.6190476190476191,0.8125,0.7027027027027027,0.7962962962962963,0.8268398268398269,0.4027489525132006,0.2,24,10,4,5
0.65,0.6190476190476191,0.8125,0.7027027027027027,0.7962962962962963,0.8268398268398269,0.4027489525132006,0.2,24,11,4,5
0.65,0.6190476190476191,0.8125,0.7027027027027027,0.7962962962962963,0.8268398268398269,0.4027489525132006,0.2,24,12,4,5
0.65,0.6190476190476191,0.8125,0.7027027027027027,0.7962962962962963,0.8268398268398269,0.4027489525132006,0.2,24,13,4,5
0.65,0.6190476190476191,0.8125,0.7027027027027027,0.7962962962962963,0.8268398268398269,0.4027489525132006,0.2,24,14,4,5
0.65,0.6190476190476191,0.8125,0.7027027027027027,0.7962962962962963,0.8268398268398269,0.4027489525132006,0.2,24,15,4,5
0.65,0.6190476190476191,0.8125,0.7027027027027027,0.7962962962962963,0.8268398268398269,0.4027489525132006,0.2,25,5,4,5
0.65,0.6190476190476191,0.8125,0.7027027027027027,0.7962962962962963,0.8268398268398269,0.4027489525132006,0.2,25,6,4,5
0.65,0.6190476190476191,0.8125,0.7027027027027027,0.7962962962962963,0.8268398268398269,0.4027489525132006,0.2,25,7,4,5
0.65,0.6190476190476191,0.8125,0.7027027027027027,0.7962962962962963,0.8268398268398269,0.4027489525132006,0.2,25,8,4,5
0.65,0.6190476190476191,0.8125,0.7027027027027027,0.7962962962962963,0.8268398268398269,0.4027489525132006,0.2,25,9,4,5
0.65,0.6190476190476191,0.8125,0.7027027027027027,0.7962962962962963,0.8268398268398269,0.4027489525132006,0.2,25,10,4,5
0.65,0.6190476190476191,0.8125,0.7027027027027027,0.7962962962962963,0.8268398268398269,0.4027489525132006,0.2,25,11,4,5
0.65,0.6190476190476191,0.8125,0.7027027027027027,0.7962962962962963,0.8268398268398269,0.4027489525132006,0.2,25,12,4,5
0.65,0.6190476190476191,0.8125,0.7027027027027027,0.7962962962962963,0.8268398268398269,0.4027489525132006,0.2,25,13,4,5
0.65,0.6190476190476191,0.8125,0.7027027027027027,0.7962962962962963,0.8268398268398269,0.4027489525132006,0.2,25,14,4,5
0.65,0.6190476190476191,0.8125,0.7027027027027027,0.7962962962962963,0.8268398268398269,0.4027489525132006,0.2,25,15,4,5
0.65,0.6190476190476191,0.8125,0.7027027027027027,0.7962962962962963,0.8268398268398269,0.4027489525132006,0.2,26,5,4,5
0.65,0.6190476190476191,0.8125,0.7027027027027027,0.7962962962962963,0.8268398268398269,0.4027489525132006,0.2,26,6,4,5
0.65,0.6190476190476191,0.8125,0.7027027027027027,0.7962962962962963,0.8268398268398269,0.4027489525132006,0.2,26,7,4,5
0.65,0.6190476190476191,0.8125,0.7027027027027027,0.7962962962962963,0.8268398268398269,0.4027489525132006,0.2,26,8,4,5
0.65,0.6190476190476191,0.8125,0.7027027027027027,0.7962962962962963,0.8268398268398269,0.4027489525132006,0.2,26,9,4,5
0.65,0.6190476190476191,0.8125,0.7027027027027027,0.7962962962962963,0.8268398268398269,0.4027489525132006,0.2,26,10,4,5
0.65,0.6190476190476191,0.8125,0.7027027027027027,0.7962962962962963,0.8268398268398269,0.4027489525132006,0.2,26,11,4,5
0.65,0.6190476190476191,0.8125,0.7027027027027027,0.7962962962962963,0.8268398268398269,0.4027489525132006,0.2,26,12,4,5
0.65,0.6190476190476191,0.8125,0.7027027027027027,0.7962962962962963,0.8268398268398269,0.4027489525132006,0.2,26,13,4,5
0.65,0.6190476190476191,0.8125,0.7027027027027027,0.7962962962962963,0.8268398268398269,0.4027489525132006,0.2,26,14,4,5
0.65,0.6190476190476191,0.8125,0.7027027027027027,0.7962962962962963,0.8268398268398269,0.4027489525132006,0.2,26,15,4,5
0.65,0.6190476190476191,0.8125,0.7027027027027027,0.7962962962962963,0.8268398268398269,0.4027489525132006,0.2,27,5,4,5
0.65,0.6190476190476191,0.8125,0.7027027027027027,0.7962962962962963,0.8268398268398269,0.4027489525132006,0.2,27,6,4,5
0.65,0.6190476190476191,0.8125,0.7027027027027027,0.7962962962962963,0.8268398268398269,0.4027489525132006,0.2,27,7,4,5
0.65,0.6190476190476191,0.8125,0.7027027027027027,0.7962962962962963,0.8268398268398269,0.4027489525132006,0.2,27,8,4,5
0.65,0.6190476190476191,0.8125,0.7027027027027027,0.7962962962962963,0.8268398268398269,0.4027489525132006,0.2,27,9,4,5
0.65,0.6190476190476191,0.8125,0.7027027027027027,0.7962962962962963,0.8268398268398269,0.4027489525132006,0.2,27,10,4,5
0.65,0.6190476190476191,0.8125,0.7027027027027027,0.7962962962962963,0.8268398268398269,0.4027489525132006,0.2,27,11,4,5
0.65,0.6190476190476191,0.8125,0.7027027027027027,0.7962962962962963,0.8268398268398269,0.4027489525132006,0.2,27,12,4,5
0.65,0.6190476190476191,0.8125,0.7027027027027027,0.7962962962962963,0.8268398268398269,0.4027489525132006,0.2,27,13,4,5
0.65,0.6190476190476191,0.8125,0.7027027027027027,0.7962962962962963,0.8268398268398269,0.4027489525132006,0.2,27,14,4,5
0.65,0.6190476190476191,0.8125,0.7027027027027027,0.7962962962962963,0.8268398268398269,0.4027489525132006,0.2,27,15,4,5
0.65,0.6190476190476191,0.8125,0.7027027027027027,0.7962962962962963,0.8268398268398269,0.4027489525132006,0.2,28,5,4,5
0.65,0.6190476190476191,0.8125,0.7027027027027027,0.7962962962962963,0.8268398268398269,0.4027489525132006,0.2,28,6,4,5
0.65,0.6190476190476191,0.8125,0.7027027027027027,0.7962962962962963,0.8268398268398269,0.4027489525132006,0.2,28,7,4,5
0.65,0.6190476190476191,0.8125,0.7027027027027027,0.7962962962962963,0.8268398268398269,0.4027489525132006,0.2,28,8,4,5
0.65,0.6190476190476191,0.8125,0.7027027027027027,0.7962962962962963,0.8268398268398269,0.4027489525132006,0.2,28,9,4,5
0.65,0.6190476190476191,0.8125,0.7027027027027027,0.7962962962962963,0.8268398268398269,0.4027489525132006,0.2,28,10,4,5
0.65,0.6190476190476191,0.8125,0.7027027027027027,0.7962962962962963,0.8268398268398269,0.4027489525132006,0.2,28,11,4,5
0.65,0.6190476190476191,0.8125,0.7027027027027027,0.7962962962962963,0.8268398268398269,0.4027489525132006,0.2,28,12,4,5
0.65,0.6190476190476191,0.8125,0.7027027027027027,0.7962962962962963,0.8268398268398269,0.4027489525132006,0.2,28,13,4,5
0.65,0.6190476190476191,0.8125,0.7027027027027027,0.7962962962962963,0.8268398268398269,0.4027489525132006,0.2,28,14,4,5
0.65,0.6190476190476191,0.8125,0.7027027027027027,0.7962962962962963,0.8268398268398269,0.4027489525132006,0.2,28,15,4,5
0.65,0.6190476190476191,0.8125,0.7027027027027027,0.7962962962962963,0.8268398268398269,0.4027489525132006,0.2,29,5,4,5
0.65,0.6190476190476191,0.8125,0.7027027027027027,0.7962962962962963,0.8268398268398269,0.4027489525132006,0.2,29,6,4,5
0.65,0.6190476190476191,0.8125,0.7027027027027027,0.7962962962962963,0.8268398268398269,0.4027489525132006,0.2,29,7,4,5
0.65,0.6190476190476191,0.8125,0.7027027027027027,0.7962962962962963,0.8268398268398269,0.4027489525132006,0.2,29,8,4,5
0.65,0.6190476190476191,0.8125,0.7027027027027027,0.7962962962962963,0.8268398268398269,0.4027489525132006,0.2,29,9,4,5
0.65,0.6190476190476191,0.8125,0.7027027027027027,0.7962962962962963,0.8268398268398269,0.4027489525132006,0.2,29,10,4,5
0.65,0.6190476190476191,0.8125,0.7027027027027027,0.7962962962962963,0.8268398268398269,0.4027489525132006,0.2,29,11,4,5
0.65,0.6190476190476191,0.8125,0.7027027027027027,0.7962962962962963,0.8268398268398269,0.4027489525132006,0.2,29,12,4,5
0.65,0.6190476190476191,0.8125,0.7027027027027027,0.7962962962962963,0.8268398268398269,0.4027489525132006,0.2,29,13,4,5
0.65,0.6190476190476191,0.8125,0.7027027027027027,0.7962962962962963,0.8268398268398269,0.4027489525132006,0.2,29,14,4,5
0.65,0.6190476190476191,0.8125,0.7027027027027027,0.7962962962962963,0.8268398268398269,0.4027489525132006,0.2,29,15,4,5
0.65,0.6190476190476191,0.8125,0.7027027027027027,0.7962962962962963,0.8268398268398269,0.4027489525132006,0.2,30,5,4,5
0.65,0.6190476190476191,0.8125,0.7027027027027027,0.7962962962962963,0.8268398268398269,0.4027489525132006,0.2,30,6,4,5
0.65,0.6190476190476191,0.8125,0.7027027027027027,0.7962962962962963,0.8268398268398269,0.4027489525132006,0.2,30,7,4,5
0.65,0.6190476190476191,0.8125,0.7027027027027027,0.7962962962962963,0.8268398268398269,0.4027489525132006,0.2,30,8,4,5
0.65,0.6190476190476191,0.8125,0.7027027027027027,0.7962962962962963,0.8268398268398269,0.4027489525132006,0.2,30,9,4,5
0.65,0.6190476190476191,0.8125,0.7027027027027027,0.7962962962962963,0.8268398268398269,0.4027489525132006,0.2,30,10,4,5
0.65,0.6190476190476191,0.8125,0.7027027027027027,0.7962962962962963,0.8268398268398269,0.4027489525132006,0.2,30,11,4,5
0.65,0.6190476190476191,0.8125,0.7027027027027027,0.7962962962962963,0.8268398268398269,0.4027489525132006,0.2,30,12,4,5
0.65,0.6190476190476191,0.8125,0.7027027027027027,0.7962962962962963,0.8268398268398269,0.4027489525132006,0.2,30,13,4,5
0.65,0.6190476190476191,0.8125,0.7027027027027027,0.7962962962962963,0.8268398268398269,0.4027489525132006,0.2,30,14,4,5
0.65,0.6190476190476191,0.8125,0.7027027027027027,0.7962962962962963,0.8268398268398269,0.4027489525132006,0.2,30,15,4,5
0.65,0.6190476190476191,0.8125,0.7027027027027027,0.7962962962962963,0.8268398268398269,0.4027489525132006,0.25,25,5,4,5
0.65,0.6190476190476191,0.8125,0.7027027027027027,0.7962962962962963,0.8268398268398269,0.4027489525132006,0.25,25,6,4,5
0.65,0.6190476190476191,0.8125,0.7027027027027027,0.7962962962962963,0.8268398268398269,0.4027489525132006,0.25,25,7,4,5
0.65,0.6190476190476191,0.8125,0.7027027027027027,0.7962962962962963,0.8268398268398269,0.4027489525132006,0.25,25,8,4,5
0.65,0.6190476190476191,0.8125,0.7027027027027027,0.7962962962962963,0.8268398268398269,0.4027489525132006,0.25,25,9,4,5
0.65,0.6190476190476191,0.8125,0.7027027027027027,0.7962962962962963,0.8268398268398269,0.4027489525132006,0.25,25,10,4,5
0.65,0.6190476190476191,0.8125,0.7027027027027027,0.7962962962962963,0.8268398268398269,0.4027489525132006,0.25,25,11,4,5
0.65,0.6190476190476191,0.8125,0.7027027027027027,0.7962962962962963,0.8268398268398269,0.4027489525132006,0.25,25,12,4,5
0.65,0.6190476190476191,0.8125,0.7027027027027027,0.7962962962962963,0.8268398268398269,0.4027489525132006,0.25,25,13,4,5
0.65,0.6190476190476191,0.8125,0.7027027027027027,0.7962962962962963,0.8268398268398269,0.4027489525132006,0.25,25,14,4,5
0.65,0.6190476190476191,0.8125,0.7027027027027027,0.7962962962962963,0.8268398268398269,0.4027489525132006,0.25,25,15,4,5
0.65,0.6190476190476191,0.8125,0.7027027027027027,0.7962962962962963,0.8268398268398269,0.4027489525132006,0.25,26,5,4,5
0.65,0.6190476190476191,0.8125,0.7027027027027027,0.7962962962962963,0.8268398268398269,0.4027489525132006,0.25,26,6,4,5
0.65,0.6190476190476191,0.8125,0.7027027027027027,0.7962962962962963,0.8268398268398269,0.4027489525132006,0.25,26,7,4,5
0.65,0.6190476190476191,0.8125,0.7027027027027027,0.7962962962962963,0.8268398268398269,0.4027489525132006,0.25,26,8,4,5
0.65,0.6190476190476191,0.8125,0.7027027027027027,0.7962962962962963,0.8268398268398269,0.4027489525132006,0.25,26,9,4,5
0.65,0.6190476190476191,0.8125,0.7027027027027027,0.7962962962962963,0.8268398268398269,0.4027489525132006,0.25,26,10,4,5
0.65,0.6190476190476191,0.8125,0.7027027027027027,0.7962962962962963,0.8268398268398269,0.4027489525132006,0.25,26,11,4,5
0.65,0.6190476190476191,0.8125,0.7027027027027027,0.7962962962962963,0.8268398268398269,0.4027489525132006,0.25,26,12,4,5
0.65,0.6190476190476191,0.8125,0.7027027027027027,0.7962962962962963,0.8268398268398269,0.4027489525132006,0.25,26,13,4,5
0.65,0.6190476190476191,0.8125,0.7027027027027027,0.7962962962962963,0.8268398268398269,0.4027489525132006,0.25,26,14,4,5
0.65,0.6190476190476191,0.8125,0.7027027027027027,0.7962962962962963,0.8268398268398269,0.4027489525132006,0.25,26,15,4,5
0.65,0.6190476190476191,0.8125,0.7027027027027027,0.7962962962962963,0.8268398268398269,0.4027489525132006,0.25,27,5,4,5
0.65,0.6190476190476191,0.8125,0.7027027027027027,0.7962962962962963,0.8268398268398269,0.4027489525132006,0.25,27,6,4,5
0.65,0.6190476190476191,0.8125,0.7027027027027027,0.7962962962962963,0.8268398268398269,0.4027489525132006,0.25,27,7,4,5
0.65,0.6190476190476191,0.8125,0.7027027027027027,0.7962962962962963,0.8268398268398269,0.4027489525132006,0.25,27,8,4,5
0.65,0.6190476190476191,0.8125,0.7027027027027027,0.7962962962962963,0.8268398268398269,0.4027489525132006,0.25,27,9,4,5
0.65,0.6190476190476191,0.8125,0.7027027027027027,0.7962962962962963,0.8268398268398269,0.4027489525132006,0.25,27,10,4,5
0.65,0.6190476190476191,0.8125,0.7027027027027027,0.7962962962962963,0.8268398268398269,0.4027489525132006,0.25,27,11,4,5
0.65,0.6190476190476191,0.8125,0.7027027027027027,0.7962962962962963,0.8268398268398269,0.4027489525132006,0.25,27,12,4,5
0.65,0.6190476190476191,0.8125,0.7027027027027027,0.7962962962962963,0.8268398268398269,0.4027489525132006,0.25,27,13,4,5
0.65,0.6190476190476191,0.8125,0.7027027027027027,0.7962962962962963,0.8268398268398269,0.4027489525132006,0.25,27,14,4,5
0.65,0.6190476190476191,0.8125,0.7027027027027027,0.7962962962962963,0.8268398268398269,0.4027489525132006,0.25,27,15,4,5
0.65,0.6190476190476191,0.8125,0.7027027027027027,0.7962962962962963,0.8268398268398269,0.4027489525132006,0.25,28,5,4,5
0.65,0.6190476190476191,0.8125,0.7027027027027027,0.7962962962962963,0.8268398268398269,0.4027489525132006,0.25,28,6,4,5
0.65,0.6190476190476191,0.8125,0.7027027027027027,0.7962962962962963,0.8268398268398269,0.4027489525132006,0.25,28,7,4,5
0.65,0.6190476190476191,0.8125,0.7027027027027027,0.7962962962962963,0.8268398268398269,0.4027489525132006,0.25,28,8,4,5
0.65,0.6190476190476191,0.8125,0.7027027027027027,0.7962962962962963,0.8268398268398269,0.4027489525132006,0.25,28,9,4,5
0.65,0.6190476190476191,0.8125,0.7027027027027027,0.7962962962962963,0.8268398268398269,0.4027489525132006,0.25,28,10,4,5
0.65,0.6190476190476191,0.8125,0.7027027027027027,0.7962962962962963,0.8268398268398269,0.4027489525132006,0.25,28,11,4,5
0.65,0.6190476190476191,0.8125,0.7027027027027027,0.7962962962962963,0.8268398268398269,0.4027489525132006,0.25,28,12,4,5
0.65,0.6190476190476191,0.8125,0.7027027027027027,0.7962962962962963,0.8268398268398269,0.4027489525132006,0.25,28,13,4,5
0.65,0.6190476190476191,0.8125,0.7027027027027027,0.7962962962962963,0.8268398268398269,0.4027489525132006,0.25,28,14,4,5
0.65,0.6190476190476191,0.8125,0.7027027027027027,0.7962962962962963,0.8268398268398269,0.4027489525132006,0.25,28,15,4,5
0.65,0.6190476190476191,0.8125,0.7027027027027027,0.7962962962962963,0.8268398268398269,0.4027489525132006,0.25,29,5,4,5
0.65,0.6190476190476191,0.8125,0.7027027027027027,0.7962962962962963,0.8268398268398269,0.4027489525132006,0.25,29,6,4,5
0.65,0.6190476190476191,0.8125,0.7027027027027027,0.7962962962962963,0.8268398268398269,0.4027489525132006,0.25,29,7,4,5
0.65,0.6190476190476191,0.8125,0.7027027027027027,0.7962962962962963,0.8268398268398269,0.4027489525132006,0.25,29,8,4,5
0.65,0.6190476190476191,0.8125,0.7027027027027027,0.7962962962962963,0.8268398268398269,0.4027489525132006,0.25,29,9,4,5
0.65,0.6190476190476191,0.8125,0.7027027027027027,0.7962962962962963,0.8268398268398269,0.4027489525132006,0.25,29,10,4,5
0.65,0.6190476190476191,0.8125,0.7027027027027027,0.7962962962962963,0.8268398268398269,0.4027489525132006,0.25,29,11,4,5
0.65,0.6190476190476191,0.8125,0.7027027027027027,0.7962962962962963,0.8268398268398269,0.4027489525132006,0.25,29,12,4,5
0.65,0.6190476190476191,0.8125,0.7027027027027027,0.7962962962962963,0.8268398268398269,0.4027489525132006,0.25,29,13,4,5
0.65,0.6190476190476191,0.8125,0.7027027027027027,0.7962962962962963,0.8268398268398269,0.4027489525132006,0.25,29,14,4,5
0.65,0.6190476190476191,0.8125,0.7027027027027027,0.7962962962962963,0.8268398268398269,0.4027489525132006,0.25,29,15,4,5
0.65,0.6190476190476191,0.8125,0.7027027027027027,0.7962962962962963,0.8268398268398269,0.4027489525132006,0.25,30,5,4,5
0.65,0.6190476190476191,0.8125,0.7027027027027027,0.7962962962962963,0.8268398268398269,0.4027489525132006,0.25,30,6,4,5
0.65,0.6190476190476191,0.8125,0.7027027027027027,0.7962962962962963,0.8268398268398269,0.4027489525132006,0.25,30,7,4,5
0.65,0.6190476190476191,0.8125,0.7027027027027027,0.7962962962962963,0.8268398268398269,0.4027489525132006,0.25,30,8,4,5
0.65,0.6190476190476191,0.8125,0.7027027027027027,0.7962962962962963,0.8268398268398269,0.4027489525132006,0.25,30,9,4,5
0.65,0.6190476190476191,0.8125,0.7027027027027027,0.7962962962962963,0.8268398268398269,0.4027489525132006,0.25,30,10,4,5
0.65,0.6190476190476191,0.8125,0.7027027027027027,0.7962962962962963,0.8268398268398269,0.4027489525132006,0.25,30,11,4,5
0.65,0.6190476190476191,0.8125,0.7027027027027027,0.7962962962962963,0.8268398268398269,0.4027489525132006,0.25,30,12,4,5
0.65,0.6190476190476191,0.8125,0.7027027027027027,0.7962962962962963,0.8268398268398269,0.4027489525132006,0.25,30,13,4,5
0.65,0.6190476190476191,0.8125,0.7027027027027027,0.7962962962962963,0.8268398268398269,0.4027489525132006,0.25,30,14,4,5
0.65,0.6190476190476191,0.8125,0.7027027027027027,0.7962962962962963,0.8268398268398269,0.4027489525132006,0.25,30,15,4,5
0.65,0.6190476190476191,0.8125,0.7027027027027027,0.7962962962962963,0.8268398268398269,0.4027489525132006,0.3,25,5,4,5
0.65,0.6190476190476191,0.8125,0.7027027027027027,0.7962962962962963,0.8268398268398269,0.4027489525132006,0.3,25,6,4,5
0.65,0.6190476190476191,0.8125,0.7027027027027027,0.7962962962962963,0.8268398268398269,0.4027489525132006,0.3,25,7,4,5
0.65,0.6190476190476191,0.8125,0.7027027027027027,0.7962962962962963,0.8268398268398269,0.4027489525132006,0.3,25,8,4,5
0.65,0.6190476190476191,0.8125,0.7027027027027027,0.7962962962962963,0.8268398268398269,0.4027489525132006,0.3,25,9,4,5
0.65,0.6190476190476191,0.8125,0.7027027027027027,0.7962962962962963,0.8268398268398269,0.4027489525132006,0.3,25,10,4,5
0.65,0.6190476190476191,0.8125,0.7027027027027027,0.7962962962962963,0.8268398268398269,0.4027489525132006,0.3,25,11,4,5
0.65,0.6190476190476191,0.8125,0.7027027027027027,0.7962962962962963,0.8268398268398269,0.4027489525132006,0.3,25,12,4,5
0.65,0.6190476190476191,0.8125,0.7027027027027027,0.7962962962962963,0.8268398268398269,0.4027489525132006,0.3,25,13,4,5
0.65,0.6190476190476191,0.8125,0.7027027027027027,0.7962962962962963,0.8268398268398269,0.4027489525132006,0.3,25,14,4,5
0.65,0.6190476190476191,0.8125,0.7027027027027027,0.7962962962962963,0.8268398268398269,0.4027489525132006,0.3,25,15,4,5
0.65,0.6190476190476191,0.8125,0.7027027027027027,0.7962962962962963,0.8268398268398269,0.4027489525132006,0.3,26,5,4,5
0.65,0.6190476190476191,0.8125,0.7027027027027027,0.7962962962962963,0.8268398268398269,0.4027489525132006,0.3,26,6,4,5
0.65,0.6190476190476191,0.8125,0.7027027027027027,0.7962962962962963,0.8268398268398269,0.4027489525132006,0.3,26,7,4,5
0.65,0.6190476190476191,0.8125,0.7027027027027027,0.7962962962962963,0.8268398268398269,0.4027489525132006,0.3,26,8,4,5
0.65,0.6190476190476191,0.8125,0.7027027027027027,0.7962962962962963,0.8268398268398269,0.4027489525132006,0.3,26,9,4,5
0.65,0.6190476190476191,0.8125,0.7027027027027027,0.7962962962962963,0.8268398268398269,0.4027489525132006,0.3,26,10,4,5
0.65,0.6190476190476191,0.8125,0.7027027027027027,0.7962962962962963,0.8268398268398269,0.4027489525132006,0.3,26,11,4,5
0.65,0.6190476190476191,0.8125,0.7027027027027027,0.7962962962962963,0.8268398268398269,0.4027489525132006,0.3,26,12,4,5
0.65,0.6190476190476191,0.8125,0.7027027027027027,0.7962962962962963,0.8268398268398269,0.4027489525132006,0.3,26,13,4,5
0.65,0.6190476190476191,0.8125,0.7027027027027027,0.7962962962962963,0.8268398268398269,0.4027489525132006,0.3,26,14,4,5
0.65,0.6190476190476191,0.8125,0.7027027027027027,0.7962962962962963,0.8268398268398269,0.4027489525132006,0.3,26,15,4,5
0.65,0.6190476190476191,0.8125,0.7027027027027027,0.7962962962962963,0.8268398268398269,0.4027489525132006,0.3,27,5,4,5
0.65,0.6190476190476191,0.8125,0.7027027027027027,0.7962962962962963,0.8268398268398269,0.4027489525132006,0.3,27,6,4,5
0.65,0.6190476190476191,0.8125,0.7027027027027027,0.7962962962962963,0.8268398268398269,0.4027489525132006,0.3,27,7,4,5
0.65,0.6190476190476191,0.8125,0.7027027027027027,0.7962962962962963,0.8268398268398269,0.4027489525132006,0.3,27,8,4,5
0.65,0.6190476190476191,0.8125,0.7027027027027027,0.7962962962962963,0.8268398268398269,0.4027489525132006,0.3,27,9,4,5
0.65,0.6190476190476191,0.8125,0.7027027027027027,0.7962962962962963,0.8268398268398269,0.4027489525132006,0.3,27,10,4,5
0.65,0.6190476190476191,0.8125,0.7027027027027027,0.7962962962962963,0.8268398268398269,0.4027489525132006,0.3,27,11,4,5
0.65,0.6190476190476191,0.8125,0.7027027027027027,0.7962962962962963,0.8268398268398269,0.4027489525132006,0.3,27,12,4,5
0.65,0.6190476190476191,0.8125,0.7027027027027027,0.7962962962962963,0.8268398268398269,0.4027489525132006,0.3,27,13,4,5
0.65,0.6190476190476191,0.8125,0.7027027027027027,0.7962962962962963,0.8268398268398269,0.4027489525132006,0.3,27,14,4,5
0.65,0.6190476190476191,0.8125,0.7027027027027027,0.7962962962962963,0.8268398268398269,0.4027489525132006,0.3,27,15,4,5
0.65,0.6190476190476191,0.8125,0.7027027027027027,0.7962962962962963,0.8268398268398269,0.4027489525132006,0.3,28,5,4,5
0.65,0.6190476190476191,0.8125,0.7027027027027027,0.7962962962962963,0.8268398268398269,0.4027489525132006,0.3,28,6,4,5
0.65,0.6190476190476191,0.8125,0.7027027027027027,0.7962962962962963,0.8268398268398269,0.4027489525132006,0.3,28,7,4,5
0.65,0.6190476190476191,0.8125,0.7027027027027027,0.7962962962962963,0.8268398268398269,0.4027489525132006,0.3,28,8,4,5
0.65,0.6190476190476191,0.8125,0.7027027027027027,0.7962962962962963,0.8268398268398269,0.4027489525132006,0.3,28,9,4,5
0.65,0.6190476190476191,0.8125,0.7027027027027027,0.7962962962962963,0.8268398268398269,0.4027489525132006,0.3,28,10,4,5
0.65,0.6190476190476191,0.8125,0.7027027027027027,0.7962962962962963,0.8268398268398269,0.4027489525132006,0.3,28,11,4,5
0.65,0.6190476190476191,0.8125,0.7027027027027027,0.7962962962962963,0.8268398268398269,0.4027489525132006,0.3,28,12,4,5
0.65,0.6190476190476191,0.8125,0.7027027027027027,0.7962962962962963,0.8268398268398269,0.4027489525132006,0.3,28,13,4,5
0.65,0.6190476190476191,0.8125,0.7027027027027027,0.7962962962962963,0.8268398268398269,0.4027489525132006,0.3,28,14,4,5
0.65,0.6190476190476191,0.8125,0.7027027027027027,0.7962962962962963,0.8268398268398269,0.4027489525132006,0.3,28,15,4,5
0.65,0.6190476190476191,0.8125,0.7027027027027027,0.7962962962962963,0.8268398268398269,0.4027489525132006,0.3,29,5,4,5
0.65,0.6190476190476191,0.8125,0.7027027027027027,0.7962962962962963,0.8268398268398269,0.4027489525132006,0.3,29,6,4,5
0.65,0.6190476190476191,0.8125,0.7027027027027027,0.7962962962962963,0.8268398268398269,0.4027489525132006,0.3,29,7,4,5
0.65,0.6190476190476191,0.8125,0.7027027027027027,0.7962962962962963,0.8268398268398269,0.4027489525132006,0.3,29,8,4,5
0.65,0.6190476190476191,0.8125,0.7027027027027027,0.7962962962962963,0.8268398268398269,0.4027489525132006,0.3,29,9,4,5
0.65,0.6190476190476191,0.8125,0.7027027027027027,0.7962962962962963,0.8268398268398269,0.4027489525132006,0.3,29,10,4,5
0.65,0.6190476190476191,0.8125,0.7027027027027027,0.7962962962962963,0.8268398268398269,0.4027489525132006,0.3,29,11,4,5
0.65,0.6190476190476191,0.8125,0.7027027027027027,0.7962962962962963,0.8268398268398269,0.4027489525132006,0.3,29,12,4,5
0.65,0.6190476190476191,0.8125,0.7027027027027027,0.7962962962962963,0.8268398268398269,0.4027489525132006,0.3,29,13,4,5
0.65,0.6190476190476191,0.8125,0.7027027027027027,0.7962962962962963,0.8268398268398269,0.4027489525132006,0.3,29,14,4,5
0.65,0.6190476190476191,0.8125,0.7027027027027027,0.7962962962962963,0.8268398268398269,0.4027489525132006,0.3,29,15,4,5
0.65,0.6190476190476191,0.8125,0.7027027027027027,0.7962962962962963,0.8268398268398269,0.4027489525132006,0.3,30,5,4,5
0.65,0.6190476190476191,0.8125,0.7027027027027027,0.7962962962962963,0.8268398268398269,0.4027489525132006,0.3,30,6,4,5
0.65,0.6190476190476191,0.8125,0.7027027027027027,0.7962962962962963,0.8268398268398269,0.4027489525132006,0.3,30,7,4,5
0.65,0.6190476190476191,0.8125,0.7027027027027027,0.7962962962962963,0.8268398268398269,0.4027489525132006,0.3,30,8,4,5
0.65,0.6190476190476191,0.8125,0.7027027027027027,0.7962962962962963,0.8268398268398269,0.4027489525132006,0.3,30,9,4,5
0.65,0.6190476190476191,0.8125,0.7027027027027027,0.7962962962962963,0.8268398268398269,0.4027489525132006,0.3,30,10,4,5
0.65,0.6190476190476191,0.8125,0.7027027027027027,0.7962962962962963,0.8268398268398269,0.4027489525132006,0.3,30,11,4,5
0.65,0.6190476190476191,0.8125,0.7027027027027027,0.7962962962962963,0.8268398268398269,0.4027489525132006,0.3,30,12,4,5
0.65,0.6190476190476191,0.8125,0.7027027027027027,0.7962962962962963,0.8268398268398269,0.4027489525132006,0.3,30,13,4,5
0.65,0.6190476190476191,0.8125,0.7027027027027027,0.7962962962962963,0.8268398268398269,0.4027489525132006,0.3,30,14,4,5
0.65,0.6190476190476191,0.8125,0.7027027027027027,0.7962962962962963,0.8268398268398269,0.4027489525132006,0.3,30,15,4,5
0.65,0.6190476190476191,0.8125,0.7027027027027027,0.7962962962962963,0.8268398268398269,0.4027489525132006,0.35,25,5,4,5
0.65,0.6190476190476191,0.8125,0.7027027027027027,0.7962962962962963,0.8268398268398269,0.4027489525132006,0.35,25,6,4,5
0.65,0.6190476190476191,0.8125,0.7027027027027027,0.7962962962962963,0.8268398268398269,0.4027489525132006,0.35,25,7,4,5
0.65,0.6190476190476191,0.8125,0.7027027027027027,0.7962962962962963,0.8268398268398269,0.4027489525132006,0.35,25,8,4,5
0.65,0.6190476190476191,0.8125,0.7027027027027027,0.7962962962962963,0.8268398268398269,0.4027489525132006,0.35,25,9,4,5
0.65,0.6190476190476191,0.8125,0.7027027027027027,0.7962962962962963,0.8268398268398269,0.4027489525132006,0.35,25,10,4,5
0.65,0.6190476190476191,0.8125,0.7027027027027027,0.7962962962962963,0.8268398268398269,0.4027489525132006,0.35,25,11,4,5
0.65,0.6190476190476191,0.8125,0.7027027027027027,0.7962962962962963,0.8268398268398269,0.4027489525132006,0.35,25,12,4,5
0.65,0.6190476190476191,0.8125,0.7027027027027027,0.7962962962962963,0.8268398268398269,0.4027489525132006,0.35,25,13,4,5
0.65,0.6190476190476191,0.8125,0.7027027027027027,0.7962962962962963,0.8268398268398269,0.4027489525132006,0.35,25,14,4,5
0.65,0.6190476190476191,0.8125,0.7027027027027027,0.7962962962962963,0.8268398268398269,0.4027489525132006,0.35,25,15,4,5
0.65,0.6190476190476191,0.8125,0.7027027027027027,0.7962962962962963,0.8268398268398269,0.4027489525132006,0.35,26,5,4,5
0.65,0.6190476190476191,0.8125,0.7027027027027027,0.7962962962962963,0.8268398268398269,0.4027489525132006,0.35,26,6,4,5
0.65,0.6190476190476191,0.8125,0.7027027027027027,0.7962962962962963,0.8268398268398269,0.4027489525132006,0.35,26,7,4,5
0.65,0.6190476190476191,0.8125,0.7027027027027027,0.7962962962962963,0.8268398268398269,0.4027489525132006,0.35,26,8,4,5
0.65,0.6190476190476191,0.8125,0.7027027027027027,0.7962962962962963,0.8268398268398269,0.4027489525132006,0.35,26,9,4,5
0.65,0.6190476190476191,0.8125,0.7027027027027027,0.7962962962962963,0.8268398268398269,0.4027489525132006,0.35,26,10,4,5
0.65,0.6190476190476191,0.8125,0.7027027027027027,0.7962962962962963,0.8268398268398269,0.4027489525132006,0.35,26,11,4,5
0.65,0.6190476190476191,0.8125,0.7027027027027027,0.7962962962962963,0.8268398268398269,0.4027489525132006,0.35,26,12,4,5
0.65,0.6190476190476191,0.8125,0.7027027027027027,0.7962962962962963,0.8268398268398269,0.4027489525132006,0.35,26,13,4,5
0.65,0.6190476190476191,0.8125,0.7027027027027027,0.7962962962962963,0.8268398268398269,0.4027489525132006,0.35,26,14,4,5
0.65,0.6190476190476191,0.8125,0.7027027027027027,0.7962962962962963,0.8268398268398269,0.4027489525132006,0.35,26,15,4,5
0.65,0.6190476190476191,0.8125,0.7027027027027027,0.7962962962962963,0.8268398268398269,0.4027489525132006,0.35,27,5,4,5
0.65,0.6190476190476191,0.8125,0.7027027027027027,0.7962962962962963,0.8268398268398269,0.4027489525132006,0.35,27,6,4,5
0.65,0.6190476190476191,0.8125,0.7027027027027027,0.7962962962962963,0.8268398268398269,0.4027489525132006,0.35,27,7,4,5
0.65,0.6190476190476191,0.8125,0.7027027027027027,0.7962962962962963,0.8268398268398269,0.4027489525132006,0.35,27,8,4,5
0.65,0.6190476190476191,0.8125,0.7027027027027027,0.7962962962962963,0.8268398268398269,0.4027489525132006,0.35,27,9,4,5
0.65,0.6190476190476191,0.8125,0.7027027027027027,0.7962962962962963,0.8268398268398269,0.4027489525132006,0.35,27,10,4,5
0.65,0.6190476190476191,0.8125,0.7027027027027027,0.7962962962962963,0.8268398268398269,0.4027489525132006,0.35,27,11,4,5
0.65,0.6190476190476191,0.8125,0.7027027027027027,0.7962962962962963,0.8268398268398269,0.4027489525132006,0.35,27,12,4,5
0.65,0.6190476190476191,0.8125,0.7027027027027027,0.7962962962962963,0.8268398268398269,0.4027489525132006,0.35,27,13,4,5
0.65,0.6190476190476191,0.8125,0.7027027027027027,0.7962962962962963,0.8268398268398269,0.4027489525132006,0.35,27,14,4,5
0.65,0.6190476190476191,0.8125,0.7027027027027027,0.7962962962962963,0.8268398268398269,0.4027489525132006,0.35,27,15,4,5
0.65,0.6190476190476191,0.8125,0.7027027027027027,0.7962962962962963,0.8268398268398269,0.4027489525132006,0.35,28,5,4,5
0.65,0.6190476190476191,0.8125,0.7027027027027027,0.7962962962962963,0.8268398268398269,0.4027489525132006,0.35,28,6,4,5
0.65,0.6190476190476191,0.8125,0.7027027027027027,0.7962962962962963,0.8268398268398269,0.4027489525132006,0.35,28,7,4,5
0.65,0.6190476190476191,0.8125,0.7027027027027027,0.7962962962962963,0.8268398268398269,0.4027489525132006,0.35,28,8,4,5
0.65,0.6190476190476191,0.8125,0.7027027027027027,0.7962962962962963,0.8268398268398269,0.4027489525132006,0.35,28,9,4,5
0.65,0.6190476190476191,0.8125,0.7027027027027027,0.7962962962962963,0.8268398268398269,0.4027489525132006,0.35,28,10,4,5
0.65,0.6190476190476191,0.8125,0.7027027027027027,0.7962962962962963,0.8268398268398269,0.4027489525132006,0.35,28,11,4,5
0.65,0.6190476190476191,0.8125,0.7027027027027027,0.7962962962962963,0.8268398268398269,0.4027489525132006,0.35,28,12,4,5
0.65,0.6190476190476191,0.8125,0.7027027027027027,0.7962962962962963,0.8268398268398269,0.4027489525132006,0.35,28,13,4,5
0.65,0.6190476190476191,0.8125,0.7027027027027027,0.7962962962962963,0.8268398268398269,0.4027489525132006,0.35,28,14,4,5
0.65,0.6190476190476191,0.8125,0.7027027027027027,0.7962962962962963,0.8268398268398269,0.4027489525132006,0.35,28,15,4,5
0.65,0.6190476190476191,0.8125,0.7027027027027027,0.7962962962962963,0.8268398268398269,0.4027489525132006,0.35,29,5,4,5
0.65,0.6190476190476191,0.8125,0.7027027027027027,0.7962962962962963,0.8268398268398269,0.4027489525132006,0.35,29,6,4,5
0.65,0.6190476190476191,0.8125,0.7027027027027027,0.7962962962962963,0.8268398268398269,0.4027489525132006,0.35,29,7,4,5
0.65,0.6190476190476191,0.8125,0.7027027027027027,0.7962962962962963,0.8268398268398269,0.4027489525132006,0.35,29,8,4,5
0.65,0.6190476190476191,0.8125,0.7027027027027027,0.7962962962962963,0.8268398268398269,0.4027489525132006,0.35,29,9,4,5
0.65,0.6190476190476191,0.8125,0.7027027027027027,0.7962962962962963,0.8268398268398269,0.4027489525132006,0.35,29,10,4,5
0.65,0.6190476190476191,0.8125,0.7027027027027027,0.7962962962962963,0.8268398268398269,0.4027489525132006,0.35,29,11,4,5
0.65,0.6190476190476191,0.8125,0.7027027027027027,0.7962962962962963,0.8268398268398269,0.4027489525132006,0.35,29,12,4,5
0.65,0.6190476190476191,0.8125,0.7027027027027027,0.7962962962962963,0.8268398268398269,0.4027489525132006,0.35,29,13,4,5
0.65,0.6190476190476191,0.8125,0.7027027027027027,0.7962962962962963,0.8268398268398269,0.4027489525132006,0.35,29,14,4,5
0.65,0.6190476190476191,0.8125,0.7027027027027027,0.7962962962962963,0.8268398268398269,0.4027489525132006,0.35,29,15,4,5
0.65,0.6190476190476191,0.8125,0.7027027027027027,0.7962962962962963,0.8268398268398269,0.4027489525132006,0.35,30,5,4,5
0.65,0.6190476190476191,0.8125,0.7027027027027027,0.7962962962962963,0.8268398268398269,0.4027489525132006,0.35,30,6,4,5
0.65,0.6190476190476191,0.8125,0.7027027027027027,0.7962962962962963,0.8268398268398269,0.4027489525132006,0.35,30,7,4,5
0.65,0.6190476190476191,0.8125,0.7027027027027027,0.7962962962962963,0.8268398268398269,0.4027489525132006,0.35,30,8,4,5
0.65,0.6190476190476191,0.8125,0.7027027027027027,0.7962962962962963,0.8268398268398269,0.4027489525132006,0.35,30,9,4,5
0.65,0.6190476190476191,0.8125,0.7027027027027027,0.7962962962962963,0.8268398268398269,0.4027489525132006,0.35,30,10,4,5
0.65,0.6190476190476191,0.8125,0.7027027027027027,0.7962962962962963,0.8268398268398269,0.4027489525132006,0.35,30,11,4,5
0.65,0.6190476190476191,0.8125,0.7027027027027027,0.7962962962962963,0.8268398268398269,0.4027489525132006,0.35,30,12,4,5
0.65,0.6190476190476191,0.8125,0.7027027027027027,0.7962962962962963,0.8268398268398269,0.4027489525132006,0.35,30,13,4,5
0.65,0.6190476190476191,0.8125,0.7027027027027027,0.7962962962962963,0.8268398268398269,0.4027489525132006,0.35,30,14,4,5
0.65,0.6190476190476191,0.8125,0.7027027027027027,0.7962962962962963,0.8268398268398269,0.4027489525132006,0.35,30,15,4,5
0.65,0.6190476190476191,0.8125,0.7027027027027027,0.7962962962962963,0.8268398268398269,0.4027489525132006,0.4,25,5,4,5
0.65,0.6190476190476191,0.8125,0.7027027027027027,0.7962962962962963,0.8268398268398269,0.4027489525132006,0.4,25,6,4,5
0.65,0.6190476190476191,0.8125,0.7027027027027027,0.7962962962962963,0.8268398268398269,0.4027489525132006,0.4,25,7,4,5
0.65,0.6190476190476191,0.8125,0.7027027027027027,0.7962962962962963,0.8268398268398269,0.4027489525132006,0.4,25,8,4,5
0.65,0.6190476190476191,0.8125,0.7027027027027027,0.7962962962962963,0.8268398268398269,0.4027489525132006,0.4,25,9,4,5
0.65,0.6190476190476191,0.8125,0.7027027027027027,0.7962962962962963,0.8268398268398269,0.4027489525132006,0.4,25,10,4,5
0.65,0.6190476190476191,0.8125,0.7027027027027027,0.7962962962962963,0.8268398268398269,0.4027489525132006,0.4,25,11,4,5
0.65,0.6190476190476191,0.8125,0.7027027027027027,0.7962962962962963,0.8268398268398269,0.4027489525132006,0.4,25,12,4,5
0.65,0.6190476190476191,0.8125,0.7027027027027027,0.7962962962962963,0.8268398268398269,0.4027489525132006,0.4,25,13,4,5
0.65,0.6190476190476191,0.8125,0.7027027027027027,0.7962962962962963,0.8268398268398269,0.4027489525132006,0.4,25,14,4,5
0.65,0.6190476190476191,0.8125,0.7027027027027027,0.7962962962962963,0.8268398268398269,0.4027489525132006,0.4,25,15,4,5
0.65,0.6190476190476191,0.8125,0.7027027027027027,0.7962962962962963,0.8268398268398269,0.4027489525132006,0.4,26,5,4,5
0.65,0.6190476190476191,0.8125,0.7027027027027027,0.7962962962962963,0.8268398268398269,0.4027489525132006,0.4,26,6,4,5
0.65,0.6190476190476191,0.8125,0.7027027027027027,0.7962962962962963,0.8268398268398269,0.4027489525132006,0.4,26,7,4,5
0.65,0.6190476190476191,0.8125,0.7027027027027027,0.7962962962962963,0.8268398268398269,0.4027489525132006,0.4,26,8,4,5
0.65,0.6190476190476191,0.8125,0.7027027027027027,0.7962962962962963,0.8268398268398269,0.4027489525132006,0.4,26,9,4,5
0.65,0.6190476190476191,0.8125,0.7027027027027027,0.7962962962962963,0.8268398268398269,0.4027489525132006,0.4,26,10,4,5
0.65,0.6190476190476191,0.8125,0.7027027027027027,0.7962962962962963,0.8268398268398269,0.4027489525132006,0.4,26,11,4,5
0.65,0.6190476190476191,0.8125,0.7027027027027027,0.7962962962962963,0.8268398268398269,0.4027489525132006,0.4,26,12,4,5
0.65,0.6190476190476191,0.8125,0.7027027027027027,0.7962962962962963,0.8268398268398269,0.4027489525132006,0.4,26,13,4,5
0.65,0.6190476190476191,0.8125,0.7027027027027027,0.7962962962962963,0.8268398268398269,0.4027489525132006,0.4,26,14,4,5
0.65,0.6190476190476191,0.8125,0.7027027027027027,0.7962962962962963,0.8268398268398269,0.4027489525132006,0.4,26,15,4,5
0.65,0.6190476190476191,0.8125,0.7027027027027027,0.7962962962962963,0.8268398268398269,0.4027489525132006,0.4,27,5,4,5
0.65,0.6190476190476191,0.8125,0.7027027027027027,0.7962962962962963,0.8268398268398269,0.4027489525132006,0.4,27,6,4,5
0.65,0.6190476190476191,0.8125,0.7027027027027027,0.7962962962962963,0.8268398268398269,0.4027489525132006,0.4,27,7,4,5
0.65,0.6190476190476191,0.8125,0.7027027027027027,0.7962962962962963,0.8268398268398269,0.4027489525132006,0.4,27,8,4,5
0.65,0.6190476190476191,0.8125,0.7027027027027027,0.7962962962962963,0.8268398268398269,0.4027489525132006,0.4,27,9,4,5
0.65,0.6190476190476191,0.8125,0.7027027027027027,0.7962962962962963,0.8268398268398269,0.4027489525132006,0.4,27,10,4,5
0.65,0.6190476190476191,0.8125,0.7027027027027027,0.7962962962962963,0.8268398268398269,0.4027489525132006,0.4,27,11,4,5
0.65,0.6190476190476191,0.8125,0.7027027027027027,0.7962962962962963,0.8268398268398269,0.4027489525132006,0.4,27,12,4,5
0.65,0.6190476190476191,0.8125,0.7027027027027027,0.7962962962962963,0.8268398268398269,0.4027489525132006,0.4,27,13,4,5
0.65,0.6190476190476191,0.8125,0.7027027027027027,0.7962962962962963,0.8268398268398269,0.4027489525132006,0.4,27,14,4,5
0.65,0.6190476190476191,0.8125,0.7027027027027027,0.7962962962962963,0.8268398268398269,0.4027489525132006,0.4,27,15,4,5
0.65,0.6190476190476191,0.8125,0.7027027027027027,0.7962962962962963,0.8268398268398269,0.4027489525132006,0.4,28,5,4,5
0.65,0.6190476190476191,0.8125,0.7027027027027027,0.7962962962962963,0.8268398268398269,0.4027489525132006,0.4,28,6,4,5
0.65,0.6190476190476191,0.8125,0.7027027027027027,0.7962962962962963,0.8268398268398269,0.4027489525132006,0.4,28,7,4,5
0.65,0.6190476190476191,0.8125,0.7027027027027027,0.7962962962962963,0.8268398268398269,0.4027489525132006,0.4,28,8,4,5
0.65,0.6190476190476191,0.8125,0.7027027027027027,0.7962962962962963,0.8268398268398269,0.4027489525132006,0.4,28,9,4,5
0.65,0.6190476190476191,0.8125,0.7027027027027027,0.7962962962962963,0.8268398268398269,0.4027489525132006,0.4,28,10,4,5
0.65,0.6190476190476191,0.8125,0.7027027027027027,0.7962962962962963,0.8268398268398269,0.4027489525132006,0.4,28,11,4,5
0.65,0.6190476190476191,0.8125,0.7027027027027027,0.7962962962962963,0.8268398268398269,0.4027489525132006,0.4,28,12,4,5
0.65,0.6190476190476191,0.8125,0.7027027027027027,0.7962962962962963,0.8268398268398269,0.4027489525132006,0.4,28,13,4,5
0.65,0.6190476190476191,0.8125,0.7027027027027027,0.7962962962962963,0.8268398268398269,0.4027489525132006,0.4,28,14,4,5
0.65,0.6190476190476191,0.8125,0.7027027027027027,0.7962962962962963,0.8268398268398269,0.4027489525132006,0.4,28,15,4,5
0.65,0.6190476190476191,0.8125,0.7027027027027027,0.7962962962962963,0.8268398268398269,0.4027489525132006,0.4,29,5,4,5
0.65,0.6190476190476191,0.8125,0.7027027027027027,0.7962962962962963,0.8268398268398269,0.4027489525132006,0.4,29,6,4,5
0.65,0.6190476190476191,0.8125,0.7027027027027027,0.7962962962962963,0.8268398268398269,0.4027489525132006,0.4,29,7,4,5
0.65,0.6190476190476191,0.8125,0.7027027027027027,0.7962962962962963,0.8268398268398269,0.4027489525132006,0.4,29,8,4,5
0.65,0.6190476190476191,0.8125,0.7027027027027027,0.7962962962962963,0.8268398268398269,0.4027489525132006,0.4,29,9,4,5
0.65,0.6190476190476191,0.8125,0.7027027027027027,0.7962962962962963,0.8268398268398269,0.4027489525132006,0.4,29,10,4,5
0.65,0.6190476190476191,0.8125,0.7027027027027027,0.7962962962962963,0.8268398268398269,0.4027489525132006,0.4,29,11,4,5
0.65,0.6190476190476191,0.8125,0.7027027027027027,0.7962962962962963,0.8268398268398269,0.4027489525132006,0.4,29,12,4,5
0.65,0.6190476190476191,0.8125,0.7027027027027027,0.7962962962962963,0.8268398268398269,0.4027489525132006,0.4,29,13,4,5
0.65,0.6190476190476191,0.8125,0.7027027027027027,0.7962962962962963,0.8268398268398269,0.4027489525132006,0.4,29,14,4,5
0.65,0.6190476190476191,0.8125,0.7027027027027027,0.7962962962962963,0.8268398268398269,0.4027489525132006,0.4,29,15,4,5
0.65,0.6190476190476191,0.8125,0.7027027027027027,0.7962962962962963,0.8268398268398269,0.4027489525132006,0.4,30,5,4,5
0.65,0.6190476190476191,0.8125,0.7027027027027027,0.7962962962962963,0.8268398268398269,0.4027489525132006,0.4,30,6,4,5
0.65,0.6190476190476191,0.8125,0.7027027027027027,0.7962962962962963,0.8268398268398269,0.4027489525132006,0.4,30,7,4,5
0.65,0.6190476190476191,0.8125,0.7027027027027027,0.7962962962962963,0.8268398268398269,0.4027489525132006,0.4,30,8,4,5
0.65,0.6190476190476191,0.8125,0.7027027027027027,0.7962962962962963,0.8268398268398269,0.4027489525132006,0.4,30,9,4,5
0.65,0.6190476190476191,0.8125,0.7027027027027027,0.7962962962962963,0.8268398268398269,0.4027489525132006,0.4,30,10,4,5
0.65,0.6190476190476191,0.8125,0.7027027027027027,0.7962962962962963,0.8268398268398269,0.4027489525132006,0.4,30,11,4,5
0.65,0.6190476190476191,0.8125,0.7027027027027027,0.7962962962962963,0.8268398268398269,0.4027489525132006,0.4,30,12,4,5
0.65,0.6190476190476191,0.8125,0.7027027027027027,0.7962962962962963,0.8268398268398269,0.4027489525132006,0.4,30,13,4,5
0.65,0.6190476190476191,0.8125,0.7027027027027027,0.7962962962962963,0.8268398268398269,0.4027489525132006,0.4,30,14,4,5
0.65,0.6190476190476191,0.8125,0.7027027027027027,0.7962962962962963,0.8268398268398269,0.4027489525132006,0.4,30,15,4,5
0.65,0.6190476190476191,0.8125,0.7027027027027027,0.7962962962962963,0.8268398268398269,0.4027489525132006,0.45,25,5,4,5
0.65,0.6190476190476191,0.8125,0.7027027027027027,0.7962962962962963,0.8268398268398269,0.4027489525132006,0.45,25,6,4,5
0.65,0.6190476190476191,0.8125,0.7027027027027027,0.7962962962962963,0.8268398268398269,0.4027489525132006,0.45,25,7,4,5
0.65,0.6190476190476191,0.8125,0.7027027027027027,0.7962962962962963,0.8268398268398269,0.4027489525132006,0.45,25,8,4,5
0.65,0.6190476190476191,0.8125,0.7027027027027027,0.7962962962962963,0.8268398268398269,0.4027489525132006,0.45,25,9,4,5
0.65,0.6190476190476191,0.8125,0.7027027027027027,0.7962962962962963,0.8268398268398269,0.4027489525132006,0.45,25,10,4,5
0.65,0.6190476190476191,0.8125,0.7027027027027027,0.7962962962962963,0.8268398268398269,0.4027489525132006,0.45,25,11,4,5
0.65,0.6190476190476191,0.8125,0.7027027027027027,0.7962962962962963,0.8268398268398269,0.4027489525132006,0.45,25,12,4,5
0.65,0.6190476190476191,0.8125,0.7027027027027027,0.7962962962962963,0.8268398268398269,0.4027489525132006,0.45,25,13,4,5
0.65,0.6190476190476191,0.8125,0.7027027027027027,0.7962962962962963,0.8268398268398269,0.4027489525132006,0.45,25,14,4,5
0.65,0.6190476190476191,0.8125,0.7027027027027027,0.7962962962962963,0.8268398268398269,0.4027489525132006,0.45,25,15,4,5
0.65,0.6190476190476191,0.8125,0.7027027027027027,0.7962962962962963,0.8268398268398269,0.4027489525132006,0.45,26,5,4,5
0.65,0.6190476190476191,0.8125,0.7027027027027027,0.7962962962962963,0.8268398268398269,0.4027489525132006,0.45,26,6,4,5
0.65,0.6190476190476191,0.8125,0.7027027027027027,0.7962962962962963,0.8268398268398269,0.4027489525132006,0.45,26,7,4,5
0.65,0.6190476190476191,0.8125,0.7027027027027027,0.7962962962962963,0.8268398268398269,0.4027489525132006,0.45,26,8,4,5
0.65,0.6190476190476191,0.8125,0.7027027027027027,0.7962962962962963,0.8268398268398269,0.4027489525132006,0.45,26,9,4,5
0.65,0.6190476190476191,0.8125,0.7027027027027027,0.7962962962962963,0.8268398268398269,0.4027489525132006,0.45,26,10,4,5
0.65,0.6190476190476191,0.8125,0.7027027027027027,0.7962962962962963,0.8268398268398269,0.4027489525132006,0.45,26,11,4,5
0.65,0.6190476190476191,0.8125,0.7027027027027027,0.7962962962962963,0.8268398268398269,0.4027489525132006,0.45,26,12,4,5
0.65,0.6190476190476191,0.8125,0.7027027027027027,0.7962962962962963,0.8268398268398269,0.4027489525132006,0.45,26,13,4,5
0.65,0.6190476190476191,0.8125,0.7027027027027027,0.7962962962962963,0.8268398268398269,0.4027489525132006,0.45,26,14,4,5
0.65,0.6190476190476191,0.8125,0.7027027027027027,0.7962962962962963,0.8268398268398269,0.4027489525132006,0.45,26,15,4,5
0.65,0.6190476190476191,0.8125,0.7027027027027027,0.7962962962962963,0.8268398268398269,0.4027489525132006,0.45,27,5,4,5
0.65,0.6190476190476191,0.8125,0.7027027027027027,0.7962962962962963,0.8268398268398269,0.4027489525132006,0.45,27,6,4,5
0.65,0.6190476190476191,0.8125,0.7027027027027027,0.7962962962962963,0.8268398268398269,0.4027489525132006,0.45,27,7,4,5
0.65,0.6190476190476191,0.8125,0.7027027027027027,0.7962962962962963,0.8268398268398269,0.4027489525132006,0.45,27,8,4,5
0.65,0.6190476190476191,0.8125,0.7027027027027027,0.7962962962962963,0.8268398268398269,0.4027489525132006,0.45,27,9,4,5
0.65,0.6190476190476191,0.8125,0.7027027027027027,0.7962962962962963,0.8268398268398269,0.4027489525132006,0.45,27,10,4,5
0.65,0.6190476190476191,0.8125,0.7027027027027027,0.7962962962962963,0.8268398268398269,0.4027489525132006,0.45,27,11,4,5
0.65,0.6190476190476191,0.8125,0.7027027027027027,0.7962962962962963,0.8268398268398269,0.4027489525132006,0.45,27,12,4,5
0.65,0.6190476190476191,0.8125,0.7027027027027027,0.7962962962962963,0.8268398268398269,0.4027489525132006,0.45,27,13,4,5
0.65,0.6190476190476191,0.8125,0.7027027027027027,0.7962962962962963,0.8268398268398269,0.4027489525132006,0.45,27,14,4,5
0.65,0.6190476190476191,0.8125,0.7027027027027027,0.7962962962962963,0.8268398268398269,0.4027489525132006,0.45,27,15,4,5
0.65,0.6190476190476191,0.8125,0.7027027027027027,0.7962962962962963,0.8268398268398269,0.4027489525132006,0.45,28,5,4,5
0.65,0.6190476190476191,0.8125,0.7027027027027027,0.7962962962962963,0.8268398268398269,0.4027489525132006,0.45,28,6,4,5
0.65,0.6190476190476191,0.8125,0.7027027027027027,0.7962962962962963,0.8268398268398269,0.4027489525132006,0.45,28,7,4,5
0.65,0.6190476190476191,0.8125,0.7027027027027027,0.7962962962962963,0.8268398268398269,0.4027489525132006,0.45,28,8,4,5
0.65,0.6190476190476191,0.8125,0.7027027027027027,0.7962962962962963,0.8268398268398269,0.4027489525132006,0.45,28,9,4,5
0.65,0.6190476190476191,0.8125,0.7027027027027027,0.7962962962962963,0.8268398268398269,0.4027489525132006,0.45,28,10,4,5
0.65,0.6190476190476191,0.8125,0.7027027027027027,0.7962962962962963,0.8268398268398269,0.4027489525132006,0.45,28,11,4,5
0.65,0.6190476190476191,0.8125,0.7027027027027027,0.7962962962962963,0.8268398268398269,0.4027489525132006,0.45,28,12,4,5
0.65,0.6190476190476191,0.8125,0.7027027027027027,0.7962962962962963,0.8268398268398269,0.4027489525132006,0.45,28,13,4,5
0.65,0.6190476190476191,0.8125,0.7027027027027027,0.7962962962962963,0.8268398268398269,0.4027489525132006,0.45,28,14,4,5
0.65,0.6190476190476191,0.8125,0.7027027027027027,0.7962962962962963,0.8268398268398269,0.4027489525132006,0.45,28,15,4,5
0.65,0.6190476190476191,0.8125,0.7027027027027027,0.7962962962962963,0.8268398268398269,0.4027489525132006,0.45,29,5,4,5
0.65,0.6190476190476191,0.8125,0.7027027027027027,0.7962962962962963,0.8268398268398269,0.4027489525132006,0.45,29,6,4,5
0.65,0.6190476190476191,0.8125,0.7027027027027027,0.7962962962962963,0.8268398268398269,0.4027489525132006,0.45,29,7,4,5
0.65,0.6190476190476191,0.8125,0.7027027027027027,0.7962962962962963,0.8268398268398269,0.4027489525132006,0.45,29,8,4,5
0.65,0.6190476190476191,0.8125,0.7027027027027027,0.7962962962962963,0.8268398268398269,0.4027489525132006,0.45,29,9,4,5
0.65,0.6190476190476191,0.8125,0.7027027027027027,0.7962962962962963,0.8268398268398269,0.4027489525132006,0.45,29,10,4,5
0.65,0.6190476190476191,0.8125,0.7027027027027027,0.7962962962962963,0.8268398268398269,0.4027489525132006,0.45,29,11,4,5
0.65,0.6190476190476191,0.8125,0.7027027027027027,0.7962962962962963,0.8268398268398269,0.4027489525132006,0.45,29,12,4,5
0.65,0.6190476190476191,0.8125,0.7027027027027027,0.7962962962962963,0.8268398268398269,0.4027489525132006,0.45,29,13,4,5
0.65,0.6190476190476191,0.8125,0.7027027027027027,0.7962962962962963,0.8268398268398269,0.4027489525132006,0.45,29,14,4,5
0.65,0.6190476190476191,0.8125,0.7027027027027027,0.7962962962962963,0.8268398268398269,0.4027489525132006,0.45,29,15,4,5
0.65,0.6190476190476191,0.8125,0.7027027027027027,0.7962962962962963,0.8268398268398269,0.4027489525132006,0.45,30,5,4,5
0.65,0.6190476190476191,0.8125,0.7027027027027027,0.7962962962962963,0.8268398268398269,0.4027489525132006,0.45,30,6,4,5
0.65,0.6190476190476191,0.8125,0.7027027027027027,0.7962962962962963,0.8268398268398269,0.4027489525132006,0.45,30,7,4,5
0.65,0.6190476190476191,0.8125,0.7027027027027027,0.7962962962962963,0.8268398268398269,0.4027489525132006,0.45,30,8,4,5
0.65,0.6190476190476191,0.8125,0.7027027027027027,0.7962962962962963,0.8268398268398269,0.4027489525132006,0.45,30,9,4,5
0.65,0.6190476190476191,0.8125,0.7027027027027027,0.7962962962962963,0.8268398268398269,0.4027489525132006,0.45,30,10,4,5
0.65,0.6190476190476191,0.8125,0.7027027027027027,0.7962962962962963,0.8268398268398269,0.4027489525132006,0.45,30,11,4,5
0.65,0.6190476190476191,0.8125,0.7027027027027027,0.7962962962962963,0.8268398268398269,0.4027489525132006,0.45,30,12,4,5
0.65,0.6190476190476191,0.8125,0.7027027027027027,0.7962962962962963,0.8268398268398269,0.4027489525132006,0.45,30,13,4,5
0.65,0.6190476190476191,0.8125,0.7027027027027027,0.7962962962962963,0.8268398268398269,0.4027489525132006,0.45,30,14,4,5
0.65,0.6190476190476191,0.8125,0.7027027027027027,0.7962962962962963,0.8268398268398269,0.4027489525132006,0.45,30,15,4,5
0.65,0.6190476190476191,0.8125,0.7027027027027027,0.7962962962962963,0.8268398268398269,0.4027489525132006,0.5,25,5,4,5
0.65,0.6190476190476191,0.8125,0.7027027027027027,0.7962962962962963,0.8268398268398269,0.4027489525132006,0.5,25,6,4,5
0.65,0.6190476190476191,0.8125,0.7027027027027027,0.7962962962962963,0.8268398268398269,0.4027489525132006,0.5,25,7,4,5
0.65,0.6190476190476191,0.8125,0.7027027027027027,0.7962962962962963,0.8268398268398269,0.4027489525132006,0.5,25,8,4,5
0.65,0.6190476190476191,0.8125,0.7027027027027027,0.7962962962962963,0.8268398268398269,0.4027489525132006,0.5,25,9,4,5
0.65,0.6190476190476191,0.8125,0.7027027027027027,0.7962962962962963,0.8268398268398269,0.4027489525132006,0.5,25,10,4,5
0.65,0.6190476190476191,0.8125,0.7027027027027027,0.7962962962962963,0.8268398268398269,0.4027489525132006,0.5,25,11,4,5
0.65,0.6190476190476191,0.8125,0.7027027027027027,0.7962962962962963,0.8268398268398269,0.4027489525132006,0.5,25,12,4,5
0.65,0.6190476190476191,0.8125,0.7027027027027027,0.7962962962962963,0.8268398268398269,0.4027489525132006,0.5,25,13,4,5
0.65,0.6190476190476191,0.8125,0.7027027027027027,0.7962962962962963,0.8268398268398269,0.4027489525132006,0.5,25,14,4,5
0.65,0.6190476190476191,0.8125,0.7027027027027027,0.7962962962962963,0.8268398268398269,0.4027489525132006,0.5,25,15,4,5
0.65,0.6190476190476191,0.8125,0.7027027027027027,0.7962962962962963,0.8268398268398269,0.4027489525132006,0.5,26,5,4,5
0.65,0.6190476190476191,0.8125,0.7027027027027027,0.7962962962962963,0.8268398268398269,0.4027489525132006,0.5,26,6,4,5
0.65,0.6190476190476191,0.8125,0.7027027027027027,0.7962962962962963,0.8268398268398269,0.4027489525132006,0.5,26,7,4,5
0.65,0.6190476190476191,0.8125,0.7027027027027027,0.7962962962962963,0.8268398268398269,0.4027489525132006,0.5,26,8,4,5
0.65,0.6190476190476191,0.8125,0.7027027027027027,0.7962962962962963,0.8268398268398269,0.4027489525132006,0.5,26,9,4,5
0.65,0.6190476190476191,0.8125,0.7027027027027027,0.7962962962962963,0.8268398268398269,0.4027489525132006,0.5,26,10,4,5
0.65,0.6190476190476191,0.8125,0.7027027027027027,0.7962962962962963,0.8268398268398269,0.4027489525132006,0.5,26,11,4,5
0.65,0.6190476190476191,0.8125,0.7027027027027027,0.7962962962962963,0.8268398268398269,0.4027489525132006,0.5,26,12,4,5
0.65,0.6190476190476191,0.8125,0.7027027027027027,0.7962962962962963,0.8268398268398269,0.4027489525132006,0.5,26,13,4,5
0.65,0.6190476190476191,0.8125,0.7027027027027027,0.7962962962962963,0.8268398268398269,0.4027489525132006,0.5,26,14,4,5
0.65,0.6190476190476191,0.8125,0.7027027027027027,0.7962962962962963,0.8268398268398269,0.4027489525132006,0.5,26,15,4,5
0.65,0.6190476190476191,0.8125,0.7027027027027027,0.7962962962962963,0.8268398268398269,0.4027489525132006,0.5,27,5,4,5
0.65,0.6190476190476191,0.8125,0.7027027027027027,0.7962962962962963,0.8268398268398269,0.4027489525132006,0.5,27,6,4,5
0.65,0.6190476190476191,0.8125,0.7027027027027027,0.7962962962962963,0.8268398268398269,0.4027489525132006,0.5,27,7,4,5
0.65,0.6190476190476191,0.8125,0.7027027027027027,0.7962962962962963,0.8268398268398269,0.4027489525132006,0.5,27,8,4,5
0.65,0.6190476190476191,0.8125,0.7027027027027027,0.7962962962962963,0.8268398268398269,0.4027489525132006,0.5,27,9,4,5
0.65,0.6190476190476191,0.8125,0.7027027027027027,0.7962962962962963,0.8268398268398269,0.4027489525132006,0.5,27,10,4,5
0.65,0.6190476190476191,0.8125,0.7027027027027027,0.7962962962962963,0.8268398268398269,0.4027489525132006,0.5,27,11,4,5
0.65,0.6190476190476191,0.8125,0.7027027027027027,0.7962962962962963,0.8268398268398269,0.4027489525132006,0.5,27,12,4,5
0.65,0.6190476190476191,0.8125,0.7027027027027027,0.7962962962962963,0.8268398268398269,0.4027489525132006,0.5,27,13,4,5
0.65,0.6190476190476191,0.8125,0.7027027027027027,0.7962962962962963,0.8268398268398269,0.4027489525132006,0.5,27,14,4,5
0.65,0.6190476190476191,0.8125,0.7027027027027027,0.7962962962962963,0.8268398268398269,0.4027489525132006,0.5,27,15,4,5
0.65,0.6190476190476191,0.8125,0.7027027027027027,0.7962962962962963,0.8268398268398269,0.4027489525132006,0.5,28,5,4,5
0.65,0.6190476190476191,0.8125,0.7027027027027027,0.7962962962962963,0.8268398268398269,0.4027489525132006,0.5,28,6,4,5
0.65,0.6190476190476191,0.8125,0.7027027027027027,0.7962962962962963,0.8268398268398269,0.4027489525132006,0.5,28,7,4,5
0.65,0.6190476190476191,0.8125,0.7027027027027027,0.7962962962962963,0.8268398268398269,0.4027489525132006,0.5,28,8,4,5
0.65,0.6190476190476191,0.8125,0.7027027027027027,0.7962962962962963,0.8268398268398269,0.4027489525132006,0.5,28,9,4,5
0.65,0.6190476190476191,0.8125,0.7027027027027027,0.7962962962962963,0.8268398268398269,0.4027489525132006,0.5,28,10,4,5
0.65,0.6190476190476191,0.8125,0.7027027027027027,0.7962962962962963,0.8268398268398269,0.4027489525132006,0.5,28,11,4,5
0.65,0.6190476190476191,0.8125,0.7027027027027027,0.7962962962962963,0.8268398268398269,0.4027489525132006,0.5,28,12,4,5
0.65,0.6190476190476191,0.8125,0.7027027027027027,0.7962962962962963,0.8268398268398269,0.4027489525132006,0.5,28,13,4,5
0.65,0.6190476190476191,0.8125,0.7027027027027027,0.7962962962962963,0.8268398268398269,0.4027489525132006,0.5,28,14,4,5
0.65,0.6190476190476191,0.8125,0.7027027027027027,0.7962962962962963,0.8268398268398269,0.4027489525132006,0.5,28,15,4,5
0.65,0.6190476190476191,0.8125,0.7027027027027027,0.7962962962962963,0.8268398268398269,0.4027489525132006,0.5,29,5,4,5
0.65,0.6190476190476191,0.8125,0.7027027027027027,0.7962962962962963,0.8268398268398269,0.4027489525132006,0.5,29,6,4,5
0.65,0.6190476190476191,0.8125,0.7027027027027027,0.7962962962962963,0.8268398268398269,0.4027489525132006,0.5,29,7,4,5
0.65,0.6190476190476191,0.8125,0.7027027027027027,0.7962962962962963,0.8268398268398269,0.4027489525132006,0.5,29,8,4,5
0.65,0.6190476190476191,0.8125,0.7027027027027027,0.7962962962962963,0.8268398268398269,0.4027489525132006,0.5,29,9,4,5
0.65,0.6190476190476191,0.8125,0.7027027027027027,0.7962962962962963,0.8268398268398269,0.4027489525132006,0.5,29,10,4,5
0.65,0.6190476190476191,0.8125,0.7027027027027027,0.7962962962962963,0.8268398268398269,0.4027489525132006,0.5,29,11,4,5
0.65,0.6190476190476191,0.8125,0.7027027027027027,0.7962962962962963,0.8268398268398269,0.4027489525132006,0.5,29,12,4,5
0.65,0.6190476190476191,0.8125,0.7027027027027027,0.7962962962962963,0.8268398268398269,0.4027489525132006,0.5,29,13,4,5
0.65,0.6190476190476191,0.8125,0.7027027027027027,0.7962962962962963,0.8268398268398269,0.4027489525132006,0.5,29,14,4,5
0.65,0.6190476190476191,0.8125,0.7027027027027027,0.7962962962962963,0.8268398268398269,0.4027489525132006,0.5,29,15,4,5
0.65,0.6190476190476191,0.8125,0.7027027027027027,0.7962962962962963,0.8268398268398269,0.4027489525132006,0.5,30,5,4,5
0.65,0.6190476190476191,0.8125,0.7027027027027027,0.7962962962962963,0.8268398268398269,0.4027489525132006,0.5,30,6,4,5
0.65,0.6190476190476191,0.8125,0.7027027027027027,0.7962962962962963,0.8268398268398269,0.4027489525132006,0.5,30,7,4,5
0.65,0.6190476190476191,0.8125,0.7027027027027027,0.7962962962962963,0.8268398268398269,0.4027489525132006,0.5,30,8,4,5
0.65,0.6190476190476191,0.8125,0.7027027027027027,0.7962962962962963,0.8268398268398269,0.4027489525132006,0.5,30,9,4,5
0.65,0.6190476190476191,0.8125,0.7027027027027027,0.7962962962962963,0.8268398268398269,0.4027489525132006,0.5,30,10,4,5
0.65,0.6190476190476191,0.8125,0.7027027027027027,0.7962962962962963,0.8268398268398269,0.4027489525132006,0.5,30,11,4,5
0.65,0.6190476190476191,0.8125,0.7027027027027027,0.7962962962962963,0.8268398268398269,0.4027489525132006,0.5,30,12,4,5
0.65,0.6190476190476191,0.8125,0.7027027027027027,0.7962962962962963,0.8268398268398269,0.4027489525132006,0.5,30,13,4,5
0.65,0.6190476190476191,0.8125,0.7027027027027027,0.7962962962962963,0.8268398268398269,0.4027489525132006,0.5,30,14,4,5
0.65,0.6190476190476191,0.8125,0.7027027027027027,0.7962962962962963,0.8268398268398269,0.4027489525132006,0.5,30,15,4,5
0.6481481481481481,0.6666666666666666,0.5833333333333334,0.6222222222222222,0.6851851851851852,0.7705627705627707,0.4411748215032853,0.2,11,10,10,18
0.6481481481481481,0.6666666666666666,0.5833333333333334,0.6222222222222222,0.6851851851851852,0.7705627705627707,0.4411748215032853,0.2,11,11,10,18
0.6481481481481481,0.6666666666666666,0.5833333333333334,0.6222222222222222,0.6851851851851852,0.7705627705627707,0.4411748215032853,0.2,11,12,10,18
0.6481481481481481,0.6666666666666666,0.5833333333333334,0.6222222222222222,0.6851851851851852,0.7705627705627707,0.4411748215032853,0.2,11,13,10,18
0.6481481481481481,0.6666666666666666,0.5833333333333334,0.6222222222222222,0.6851851851851852,0.7705627705627707,0.4411748215032853,0.2,11,14,10,18
0.6481481481481481,0.6666666666666666,0.5833333333333334,0.6222222222222222,0.6851851851851852,0.7705627705627707,0.4411748215032853,0.2,11,15,10,18
0.6481481481481481,0.6666666666666666,0.5833333333333334,0.6222222222222222,0.6851851851851852,0.7705627705627707,0.4411748215032853,0.25,11,10,10,18
0.6481481481481481,0.6666666666666666,0.5833333333333334,0.6222222222222222,0.6851851851851852,0.7705627705627707,0.4411748215032853,0.25,11,11,10,18
0.6481481481481481,0.6666666666666666,0.5833333333333334,0.6222222222222222,0.6851851851851852,0.7705627705627707,0.4411748215032853,0.25,11,12,10,18
0.6481481481481481,0.6666666666666666,0.5833333333333334,0.6222222222222222,0.6851851851851852,0.7705627705627707,0.4411748215032853,0.25,11,13,10,18
0.6481481481481481,0.6666666666666666,0.5833333333333334,0.6222222222222222,0.6851851851851852,0.7705627705627707,0.4411748215032853,0.25,11,14,10,18
0.6481481481481481,0.6666666666666666,0.5833333333333334,0.6222222222222222,0.6851851851851852,0.7705627705627707,0.4411748215032853,0.25,11,15,10,18
0.6481481481481481,0.6666666666666666,0.5833333333333334,0.6222222222222222,0.6851851851851852,0.7705627705627707,0.4411748215032853,0.3,11,10,10,18
0.6481481481481481,0.6666666666666666,0.5833333333333334,0.6222222222222222,0.6851851851851852,0.7705627705627707,0.4411748215032853,0.3,11,11,10,18
0.6481481481481481,0.6666666666666666,0.5833333333333334,0.6222222222222222,0.6851851851851852,0.7705627705627707,0.4411748215032853,0.3,11,12,10,18
0.6481481481481481,0.6666666666666666,0.5833333333333334,0.6222222222222222,0.6851851851851852,0.7705627705627707,0.4411748215032853,0.3,11,13,10,18
0.6481481481481481,0.6666666666666666,0.5833333333333334,0.6222222222222222,0.6851851851851852,0.7705627705627707,0.4411748215032853,0.3,11,14,10,18
0.6481481481481481,0.6666666666666666,0.5833333333333334,0.6222222222222222,0.6851851851851852,0.7705627705627707,0.4411748215032853,0.3,11,15,10,18
0.6481481481481481,0.6666666666666666,0.5833333333333334,0.6222222222222222,0.6851851851851852,0.7705627705627707,0.4411748215032853,0.35,11,10,10,18
0.6481481481481481,0.6666666666666666,0.5833333333333334,0.6222222222222222,0.6851851851851852,0.7705627705627707,0.4411748215032853,0.35,11,11,10,18
0.6481481481481481,0.6666666666666666,0.5833333333333334,0.6222222222222222,0.6851851851851852,0.7705627705627707,0.4411748215032853,0.35,11,12,10,18
0.6481481481481481,0.6666666666666666,0.5833333333333334,0.6222222222222222,0.6851851851851852,0.7705627705627707,0.4411748215032853,0.35,11,13,10,18
0.6481481481481481,0.6666666666666666,0.5833333333333334,0.6222222222222222,0.6851851851851852,0.7705627705627707,0.4411748215032853,0.35,11,14,10,18
0.6481481481481481,0.6666666666666666,0.5833333333333334,0.6222222222222222,0.6851851851851852,0.7705627705627707,0.4411748215032853,0.35,11,15,10,18
0.6481481481481481,0.6666666666666666,0.5833333333333334,0.6222222222222222,0.6851851851851852,0.7705627705627707,0.4411748215032853,0.4,11,10,10,18
0.6481481481481481,0.6666666666666666,0.5833333333333334,0.6222222222222222,0.6851851851851852,0.7705627705627707,0.4411748215032853,0.4,11,11,10,18
0.6481481481481481,0.6666666666666666,0.5833333333333334,0.6222222222222222,0.6851851851851852,0.7705627705627707,0.4411748215032853,0.4,11,12,10,18
0.6481481481481481,0.6666666666666666,0.5833333333333334,0.6222222222222222,0.6851851851851852,0.7705627705627707,0.4411748215032853,0.4,11,13,10,18
0.6481481481481481,0.6666666666666666,0.5833333333333334,0.6222222222222222,0.6851851851851852,0.7705627705627707,0.4411748215032853,0.4,11,14,10,18
0.6481481481481481,0.6666666666666666,0.5833333333333334,0.6222222222222222,0.6851851851851852,0.7705627705627707,0.4411748215032853,0.4,11,15,10,18
0.6481481481481481,0.6666666666666666,0.5833333333333334,0.6222222222222222,0.6851851851851852,0.7705627705627707,0.4411748215032853,0.45,11,10,10,18
0.6481481481481481,0.6666666666666666,0.5833333333333334,0.6222222222222222,0.6851851851851852,0.7705627705627707,0.4411748215032853,0.45,11,11,10,18
0.6481481481481481,0.6666666666666666,0.5833333333333334,0.6222222222222222,0.6851851851851852,0.7705627705627707,0.4411748215032853,0.45,11,12,10,18
0.6481481481481481,0.6666666666666666,0.5833333333333334,0.6222222222222222,0.6851851851851852,0.7705627705627707,0.4411748215032853,0.45,11,13,10,18
0.6481481481481481,0.6666666666666666,0.5833333333333334,0.6222222222222222,0.6851851851851852,0.7705627705627707,0.4411748215032853,0.45,11,14,10,18
0.6481481481481481,0.6666666666666666,0.5833333333333334,0.6222222222222222,0.6851851851851852,0.7705627705627707,0.4411748215032853,0.45,11,15,10,18
0.6481481481481481,0.6666666666666666,0.5833333333333334,0.6222222222222222,0.6851851851851852,0.7705627705627707,0.4411748215032853,0.5,11,10,10,18
0.6481481481481481,0.6666666666666666,0.5833333333333334,0.6222222222222222,0.6851851851851852,0.7705627705627707,0.4411748215032853,0.5,11,11,10,18
0.6481481481481481,0.6666666666666666,0.5833333333333334,0.6222222222222222,0.6851851851851852,0.7705627705627707,0.4411748215032853,0.5,11,12,10,18
0.6481481481481481,0.6666666666666666,0.5833333333333334,0.6222222222222222,0.6851851851851852,0.7705627705627707,0.4411748215032853,0.5,11,13,10,18
0.6481481481481481,0.6666666666666666,0.5833333333333334,0.6222222222222222,0.6851851851851852,0.7705627705627707,0.4411748215032853,0.5,11,14,10,18
0.6481481481481481,0.6666666666666666,0.5833333333333334,0.6222222222222222,0.6851851851851852,0.7705627705627707,0.4411748215032853,0.5,11,15,10,18
0.6435643564356436,0.6190476190476191,0.7647058823529411,0.6842105263157895,0.7777777777777778,0.847041847041847,0.4027178446686507,0.15,11,8,8,12
0.6435643564356436,0.6190476190476191,0.7647058823529411,0.6842105263157895,0.7777777777777778,0.847041847041847,0.4027178446686507,0.15,11,9,8,12
0.6435643564356436,0.6190476190476191,0.7647058823529411,0.6842105263157895,0.7777777777777778,0.847041847041847,0.4027178446686507,0.15,11,10,8,12
0.6435643564356436,0.6190476190476191,0.7647058823529411,0.6842105263157895,0.7777777777777778,0.847041847041847,0.4027178446686507,0.15,11,11,8,12
0.6435643564356436,0.6190476190476191,0.7647058823529411,0.6842105263157895,0.7777777777777778,0.847041847041847,0.4027178446686507,0.15,11,12,8,12
0.6435643564356436,0.6190476190476191,0.7647058823529411,0.6842105263157895,0.7777777777777778,0.847041847041847,0.4027178446686507,0.15,11,13,8,12
0.6435643564356436,0.6190476190476191,0.7647058823529411,0.6842105263157895,0.7777777777777778,0.847041847041847,0.4027178446686507,0.15,11,14,8,12
0.6435643564356436,0.6190476190476191,0.7647058823529411,0.6842105263157895,0.7777777777777778,0.847041847041847,0.4027178446686507,0.15,11,15,8,12
0.6435643564356436,0.6190476190476191,0.7647058823529411,0.6842105263157895,0.7777777777777778,0.847041847041847,0.4027178446686507,0.2,11,8,8,12
0.6435643564356436,0.6190476190476191,0.7647058823529411,0.6842105263157895,0.7777777777777778,0.847041847041847,0.4027178446686507,0.2,11,9,8,12
0.6435643564356436,0.6190476190476191,0.7647058823529411,0.6842105263157895,0.7777777777777778,0.847041847041847,0.4027178446686507,0.25,11,8,8,12
0.6435643564356436,0.6190476190476191,0.7647058823529411,0.6842105263157895,0.7777777777777778,0.847041847041847,0.4027178446686507,0.25,11,9,8,12
